3.929998e+00, -4.547457e+00, -3.355715e+00, 4.534504e-01, -2.068174e+01
3.139088e-01, 4.555376e+00, 3.365842e+00, -3.444646e+00, -1.577858e+01
-2.215832e+00, 5.004701e+00, 5.425535e+00, 2.761315e+00, -3.688783e+01
-2.704202e+00, -2.803333e+00, -2.936771e+00, 5.214001e+00, -1.755607e+01
-4.698729e+00, 2.332617e+00, -4.404919e+00, 4.856888e+00, -2.716486e+01
-2.840836e+00, -3.266018e+00, 5.135635e+00, 2.945079e+00, -2.105245e+01
8.068372e-01, -9.837316e-02, -4.955798e+00, 1.860390e+00, -2.286653e+01
5.043103e+00, -2.167436e+00, 1.231261e+00, 4.154527e+00, -1.592041e+01
1.572231e+00, 3.127699e+00, 4.354690e+00, 3.631477e+00, -1.468539e+01
5.346007e+00, 5.319176e+00, -4.192066e+00, -1.229199e+00, -6.781591e+01
-4.932508e+00, 4.023804e+00, 2.653616e-01, 1.193177e+00, -2.211403e+01
-3.307013e+00, -4.350063e+00, 5.908741e+00, -1.675706e-02, -3.329740e+01
2.793426e+00, 5.502545e-01, 2.883009e+00, 3.248565e+00, -3.199101e+00
-4.295182e+00, 2.712526e+00, 9.449105e-01, -5.007138e+00, -3.544070e+01
4.557978e+00, -2.685355e+00, -2.288860e+00, 2.637386e-01, -9.411327e+00
-5.231432e-01, 3.503845e+00, -3.861128e+00, 2.077619e+00, -7.671307e+00
2.886745e+00, -3.913195e+00, 2.661909e+00, -4.494132e+00, -2.454721e+01
2.391925e+00, 3.754903e+00, -1.056837e+00, -1.040340e+00, -1.301854e+01
1.672196e+00, -9.393703e-01, -1.348878e+00, -2.069418e+00, -1.232276e+01
5.686208e+00, 1.120521e+00, -5.342854e+00, -5.492684e+00, -4.836193e+01
-1.145338e+00, -5.671326e+00, -5.973002e+00, -4.391200e+00, -6.320617e+01
-1.434624e-01, -1.610575e+00, -7.041246e-02, 1.587739e+00, -1.442006e+01
3.287904e+00, -5.436137e+00, 2.357280e+00, -2.497918e+00, -3.824705e+01
-3.997738e+00, 1.006130e-03, 1.893250e+00, 5.858362e+00, -5.008210e+01
-5.348119e+00, -1.240425e+00, -2.603674e+00, -3.889339e+00, -2.404201e+01
4.177965e+00, -6.295468e-01, -7.410543e-01, -1.889424e+00, -1.047525e+01
-5.879549e+00, 1.923207e+00, 3.890922e+00, -5.702868e+00, -8.008756e+01
6.904627e-01, 1.209927e+00, -1.853766e+00, -7.217733e-01, -1.241502e+01
-1.815600e+00, -4.992933e+00, 4.865999e-01, -3.136885e+00, -3.125676e+01
-1.308261e+00, 5.908070e+00, 4.752342e+00, 4.740045e+00, -6.970958e+01
3.929998e+00, -4.547457e+00, -3.355715e+00, 4.534504e-01, -2.068174e+01
3.929998e+00, -4.547457e+00, -3.355715e+00, 4.534504e-01, -2.068174e+01
3.929998e+00, -4.547457e+00, -3.355715e+00, 4.534504e-01, -2.068174e+01
3.929998e+00, -4.547457e+00, -3.355715e+00, 4.534504e-01, -2.068174e+01
3.929998e+00, -4.547457e+00, -3.355715e+00, 4.534504e-01, -2.068174e+01
3.929998e+00, -4.547457e+00, -3.355715e+00, 4.534504e-01, -2.068174e+01
3.929998e+00, -4.547457e+00, -3.355715e+00, 4.534504e-01, -2.068174e+01
3.929998e+00, -4.547457e+00, -3.355715e+00, 4.534504e-01, -2.068174e+01
3.139088e-01, 4.555376e+00, 3.365842e+00, -3.444646e+00, -1.577858e+01
3.139088e-01, 4.555376e+00, 3.365842e+00, -3.444646e+00, -1.577858e+01
3.139088e-01, 4.555376e+00, 3.365842e+00, -3.444646e+00, -1.577858e+01
3.139088e-01, 4.555376e+00, 3.365842e+00, -3.444646e+00, -1.577858e+01
3.139088e-01, 4.555376e+00, 3.365842e+00, -3.444646e+00, -1.577858e+01
3.139088e-01, 4.555376e+00, 3.365842e+00, -3.444646e+00, -1.577858e+01
3.139088e-01, 4.555376e+00, 3.365842e+00, -3.444646e+00, -1.577858e+01
3.139088e-01, 4.555376e+00, 3.365842e+00, -3.444646e+00, -1.577858e+01
-2.215832e+00, 5.004701e+00, 5.425535e+00, 2.761315e+00, -3.688783e+01
-2.215832e+00, 5.004701e+00, 5.425535e+00, 2.761315e+00, -3.688783e+01
-2.215832e+00, 5.004701e+00, 5.425535e+00, 2.761315e+00, -3.688783e+01
-2.215832e+00, 5.004701e+00, 5.425535e+00, 2.761315e+00, -3.688783e+01
-2.215832e+00, 5.004701e+00, 5.425535e+00, 2.761315e+00, -3.688783e+01
-2.215832e+00, 5.004701e+00, 5.425535e+00, 2.761315e+00, -3.688783e+01
-2.215832e+00, 5.004701e+00, 5.425535e+00, 2.761315e+00, -3.688783e+01
-2.215832e+00, 5.004701e+00, 5.425535e+00, 2.761315e+00, -3.688783e+01
-2.704202e+00, -2.803333e+00, -2.936771e+00, 5.214001e+00, -1.755607e+01
-2.704202e+00, -2.803333e+00, -2.936771e+00, 5.214001e+00, -1.755607e+01
-2.704202e+00, -2.803333e+00, -2.936771e+00, 5.214001e+00, -1.755607e+01
-2.704202e+00, -2.803333e+00, -2.936771e+00, 5.214001e+00, -1.755607e+01
-2.704202e+00, -2.803333e+00, -2.936770e+00, 5.214001e+00, -1.755607e+01
-2.704202e+00, -2.803333e+00, -2.936771e+00, 5.214001e+00, -1.755607e+01
-2.704202e+00, -2.803333e+00, -2.936771e+00, 5.214001e+00, -1.755607e+01
-2.704202e+00, -2.803333e+00, -2.936771e+00, 5.214001e+00, -1.755607e+01
-4.698729e+00, 2.332617e+00, -4.404919e+00, 4.856888e+00, -2.716486e+01
-4.698729e+00, 2.332617e+00, -4.404919e+00, 4.856888e+00, -2.716486e+01
-4.698729e+00, 2.332617e+00, -4.404919e+00, 4.856888e+00, -2.716486e+01
-4.698729e+00, 2.332617e+00, -4.404919e+00, 4.856888e+00, -2.716486e+01
-4.698729e+00, 2.332617e+00, -4.404919e+00, 4.856888e+00, -2.716486e+01
-4.698729e+00, 2.332617e+00, -4.404919e+00, 4.856888e+00, -2.716486e+01
-4.698729e+00, 2.332617e+00, -4.404919e+00, 4.856888e+00, -2.716486e+01
-4.698729e+00, 2.332617e+00, -4.404919e+00, 4.856888e+00, -2.716486e+01
-2.840836e+00, -3.266018e+00, 5.135635e+00, 2.945079e+00, -2.105245e+01
-2.840836e+00, -3.266018e+00, 5.135635e+00, 2.945079e+00, -2.105245e+01
-2.840836e+00, -3.266018e+00, 5.135635e+00, 2.945079e+00, -2.105245e+01
-2.840836e+00, -3.266018e+00, 5.135635e+00, 2.945079e+00, -2.105245e+01
-2.840836e+00, -3.266018e+00, 5.135635e+00, 2.945079e+00, -2.105245e+01
-2.840836e+00, -3.266018e+00, 5.135635e+00, 2.945079e+00, -2.105245e+01
-2.840836e+00, -3.266018e+00, 5.135635e+00, 2.945079e+00, -2.105245e+01
-2.840836e+00, -3.266018e+00, 5.135635e+00, 2.945079e+00, -2.105245e+01
8.068372e-01, -9.837316e-02, -4.955798e+00, 1.860390e+00, -2.286653e+01
8.068372e-01, -9.837316e-02, -4.955798e+00, 1.860390e+00, -2.286653e+01
8.068372e-01, -9.837315e-02, -4.955798e+00, 1.860390e+00, -2.286653e+01
8.068372e-01, -9.837317e-02, -4.955798e+00, 1.860390e+00, -2.286653e+01
8.068372e-01, -9.837316e-02, -4.955798e+00, 1.860390e+00, -2.286653e+01
8.068372e-01, -9.837316e-02, -4.955798e+00, 1.860390e+00, -2.286653e+01
8.068372e-01, -9.837316e-02, -4.955798e+00, 1.860390e+00, -2.286653e+01
8.068372e-01, -9.837316e-02, -4.955798e+00, 1.860390e+00, -2.286653e+01
5.043103e+00, -2.167436e+00, 1.231261e+00, 4.154527e+00, -1.592041e+01
5.043103e+00, -2.167436e+00, 1.231261e+00, 4.154527e+00, -1.592041e+01
5.043103e+00, -2.167436e+00, 1.231261e+00, 4.154527e+00, -1.592041e+01
5.043103e+00, -2.167436e+00, 1.231261e+00, 4.154527e+00, -1.592041e+01
5.043103e+00, -2.167436e+00, 1.231261e+00, 4.154527e+00, -1.592041e+01
5.043103e+00, -2.167436e+00, 1.231260e+00, 4.154527e+00, -1.592041e+01
5.043103e+00, -2.167436e+00, 1.231261e+00, 4.154527e+00, -1.592041e+01
5.043103e+00, -2.167436e+00, 1.231261e+00, 4.154527e+00, -1.592041e+01
1.572231e+00, 3.127699e+00, 4.354690e+00, 3.631477e+00, -1.468539e+01
1.572231e+00, 3.127699e+00, 4.354690e+00, 3.631477e+00, -1.468539e+01
1.572231e+00, 3.127699e+00, 4.354690e+00, 3.631477e+00, -1.468539e+01
1.572231e+00, 3.127699e+00, 4.354690e+00, 3.631477e+00, -1.468539e+01
1.572231e+00, 3.127699e+00, 4.354690e+00, 3.631477e+00, -1.468539e+01
1.572231e+00, 3.127699e+00, 4.354690e+00, 3.631477e+00, -1.468539e+01
1.572231e+00, 3.127699e+00, 4.354690e+00, 3.631477e+00, -1.468539e+01
1.572231e+00, 3.127699e+00, 4.354690e+00, 3.631477e+00, -1.468539e+01
5.346008e+00, 5.319176e+00, -4.192066e+00, -1.229199e+00, -6.781591e+01
5.346007e+00, 5.319176e+00, -4.192066e+00, -1.229199e+00, -6.781591e+01
5.346007e+00, 5.319176e+00, -4.192066e+00, -1.229199e+00, -6.781591e+01
5.346007e+00, 5.319176e+00, -4.192066e+00, -1.229199e+00, -6.781591e+01
5.346007e+00, 5.319176e+00, -4.192066e+00, -1.229199e+00, -6.781591e+01
5.346007e+00, 5.319176e+00, -4.192066e+00, -1.229199e+00, -6.781591e+01
5.346007e+00, 5.319176e+00, -4.192066e+00, -1.229199e+00, -6.781591e+01
5.346007e+00, 5.319176e+00, -4.192066e+00, -1.229199e+00, -6.781591e+01
-4.932508e+00, 4.023804e+00, 2.653616e-01, 1.193177e+00, -2.211403e+01
-4.932508e+00, 4.023804e+00, 2.653616e-01, 1.193177e+00, -2.211403e+01
-4.932508e+00, 4.023804e+00, 2.653616e-01, 1.193177e+00, -2.211403e+01
-4.932508e+00, 4.023804e+00, 2.653616e-01, 1.193177e+00, -2.211403e+01
-4.932508e+00, 4.023804e+00, 2.653616e-01, 1.193177e+00, -2.211403e+01
-4.932508e+00, 4.023804e+00, 2.653616e-01, 1.193177e+00, -2.211403e+01
-4.932508e+00, 4.023804e+00, 2.653616e-01, 1.193177e+00, -2.211403e+01
-4.932508e+00, 4.023804e+00, 2.653616e-01, 1.193177e+00, -2.211403e+01
-3.307013e+00, -4.350063e+00, 5.908741e+00, -1.675706e-02, -3.329740e+01
-3.307013e+00, -4.350063e+00, 5.908741e+00, -1.675706e-02, -3.329740e+01
-3.307013e+00, -4.350063e+00, 5.908741e+00, -1.675706e-02, -3.329740e+01
-3.307013e+00, -4.350063e+00, 5.908741e+00, -1.675706e-02, -3.329740e+01
-3.307013e+00, -4.350063e+00, 5.908741e+00, -1.675706e-02, -3.329740e+01
-3.307013e+00, -4.350063e+00, 5.908741e+00, -1.675706e-02, -3.329740e+01
-3.307013e+00, -4.350063e+00, 5.908741e+00, -1.675705e-02, -3.329740e+01
-3.307013e+00, -4.350063e+00, 5.908741e+00, -1.675707e-02, -3.329740e+01
2.793426e+00, 5.502545e-01, 2.883009e+00, 3.248565e+00, -3.199101e+00
2.793426e+00, 5.502545e-01, 2.883009e+00, 3.248565e+00, -3.199101e+00
2.793426e+00, 5.502545e-01, 2.883009e+00, 3.248565e+00, -3.199101e+00
2.793426e+00, 5.502545e-01, 2.883009e+00, 3.248565e+00, -3.199101e+00
2.793426e+00, 5.502545e-01, 2.883009e+00, 3.248565e+00, -3.199101e+00
2.793426e+00, 5.502545e-01, 2.883009e+00, 3.248565e+00, -3.199101e+00
2.793426e+00, 5.502545e-01, 2.883009e+00, 3.248565e+00, -3.199101e+00
2.793426e+00, 5.502545e-01, 2.883009e+00, 3.248565e+00, -3.199101e+00
-4.295182e+00, 2.712526e+00, 9.449105e-01, -5.007138e+00, -3.544070e+01
-4.295182e+00, 2.712526e+00, 9.449105e-01, -5.007138e+00, -3.544070e+01
-4.295182e+00, 2.712526e+00, 9.449105e-01, -5.007138e+00, -3.544070e+01
-4.295182e+00, 2.712526e+00, 9.449105e-01, -5.007138e+00, -3.544070e+01
-4.295182e+00, 2.712526e+00, 9.449105e-01, -5.007138e+00, -3.544070e+01
-4.295182e+00, 2.712526e+00, 9.449105e-01, -5.007138e+00, -3.544070e+01
-4.295182e+00, 2.712526e+00, 9.449105e-01, -5.007138e+00, -3.544070e+01
-4.295182e+00, 2.712526e+00, 9.449105e-01, -5.007138e+00, -3.544070e+01
4.557978e+00, -2.685355e+00, -2.288860e+00, 2.637386e-01, -9.411327e+00
4.557978e+00, -2.685355e+00, -2.288860e+00, 2.637386e-01, -9.411327e+00
4.557978e+00, -2.685355e+00, -2.288860e+00, 2.637386e-01, -9.411327e+00
4.557978e+00, -2.685355e+00, -2.288860e+00, 2.637386e-01, -9.411327e+00
4.557978e+00, -2.685355e+00, -2.288860e+00, 2.637386e-01, -9.411327e+00
4.557978e+00, -2.685355e+00, -2.288860e+00, 2.637386e-01, -9.411327e+00
4.557978e+00, -2.685355e+00, -2.288860e+00, 2.637386e-01, -9.411327e+00
4.557978e+00, -2.685355e+00, -2.288860e+00, 2.637386e-01, -9.411327e+00
-5.231431e-01, 3.503845e+00, -3.861128e+00, 2.077619e+00, -7.671307e+00
-5.231432e-01, 3.503845e+00, -3.861128e+00, 2.077619e+00, -7.671307e+00
-5.231432e-01, 3.503845e+00, -3.861128e+00, 2.077619e+00, -7.671307e+00
-5.231432e-01, 3.503845e+00, -3.861128e+00, 2.077619e+00, -7.671307e+00
-5.231432e-01, 3.503845e+00, -3.861128e+00, 2.077619e+00, -7.671307e+00
-5.231432e-01, 3.503845e+00, -3.861128e+00, 2.077619e+00, -7.671307e+00
-5.231432e-01, 3.503845e+00, -3.861128e+00, 2.077619e+00, -7.671307e+00
-5.231432e-01, 3.503845e+00, -3.861128e+00, 2.077619e+00, -7.671307e+00
2.886745e+00, -3.913195e+00, 2.661909e+00, -4.494132e+00, -2.454721e+01
2.886745e+00, -3.913195e+00, 2.661909e+00, -4.494132e+00, -2.454721e+01
2.886745e+00, -3.913195e+00, 2.661909e+00, -4.494132e+00, -2.454721e+01
2.886745e+00, -3.913195e+00, 2.661909e+00, -4.494132e+00, -2.454721e+01
2.886745e+00, -3.913195e+00, 2.661909e+00, -4.494132e+00, -2.454721e+01
2.886745e+00, -3.913195e+00, 2.661909e+00, -4.494132e+00, -2.454721e+01
2.886745e+00, -3.913195e+00, 2.661909e+00, -4.494132e+00, -2.454721e+01
2.886745e+00, -3.913195e+00, 2.661909e+00, -4.494132e+00, -2.454721e+01
2.391925e+00, 3.754903e+00, -1.056837e+00, -1.040340e+00, -1.301854e+01
2.391925e+00, 3.754903e+00, -1.056837e+00, -1.040340e+00, -1.301854e+01
2.391925e+00, 3.754903e+00, -1.056837e+00, -1.040340e+00, -1.301854e+01
2.391925e+00, 3.754903e+00, -1.056837e+00, -1.040340e+00, -1.301854e+01
2.391925e+00, 3.754903e+00, -1.056837e+00, -1.040340e+00, -1.301854e+01
2.391925e+00, 3.754903e+00, -1.056837e+00, -1.040340e+00, -1.301854e+01
2.391925e+00, 3.754903e+00, -1.056837e+00, -1.040340e+00, -1.301854e+01
2.391925e+00, 3.754903e+00, -1.056837e+00, -1.040340e+00, -1.301854e+01
1.672196e+00, -9.393703e-01, -1.348878e+00, -2.069418e+00, -1.232276e+01
1.672196e+00, -9.393703e-01, -1.348878e+00, -2.069418e+00, -1.232276e+01
1.672196e+00, -9.393703e-01, -1.348878e+00, -2.069418e+00, -1.232276e+01
1.672196e+00, -9.393703e-01, -1.348878e+00, -2.069418e+00, -1.232276e+01
1.672196e+00, -9.393703e-01, -1.348878e+00, -2.069418e+00, -1.232276e+01
1.672196e+00, -9.393703e-01, -1.348878e+00, -2.069418e+00, -1.232276e+01
1.672196e+00, -9.393703e-01, -1.348878e+00, -2.069418e+00, -1.232276e+01
1.672196e+00, -9.393703e-01, -1.348878e+00, -2.069418e+00, -1.232276e+01
5.686208e+00, 1.120521e+00, -5.342854e+00, -5.492684e+00, -4.836193e+01
5.686208e+00, 1.120521e+00, -5.342854e+00, -5.492684e+00, -4.836193e+01
5.686208e+00, 1.120521e+00, -5.342854e+00, -5.492684e+00, -4.836193e+01
5.686208e+00, 1.120521e+00, -5.342854e+00, -5.492684e+00, -4.836193e+01
5.686208e+00, 1.120521e+00, -5.342854e+00, -5.492684e+00, -4.836193e+01
5.686208e+00, 1.120521e+00, -5.342854e+00, -5.492684e+00, -4.836193e+01
5.686208e+00, 1.120521e+00, -5.342854e+00, -5.492684e+00, -4.836193e+01
5.686208e+00, 1.120521e+00, -5.342854e+00, -5.492684e+00, -4.836193e+01
-1.145338e+00, -5.671326e+00, -5.973002e+00, -4.391200e+00, -6.320617e+01
-1.145338e+00, -5.671326e+00, -5.973002e+00, -4.391200e+00, -6.320617e+01
-1.145338e+00, -5.671326e+00, -5.973002e+00, -4.391200e+00, -6.320617e+01
-1.145338e+00, -5.671326e+00, -5.973002e+00, -4.391200e+00, -6.320617e+01
-1.145338e+00, -5.671326e+00, -5.973002e+00, -4.391200e+00, -6.320617e+01
-1.145338e+00, -5.671326e+00, -5.973002e+00, -4.391200e+00, -6.320617e+01
-1.145338e+00, -5.671326e+00, -5.973002e+00, -4.391200e+00, -6.320617e+01
-1.145338e+00, -5.671326e+00, -5.973002e+00, -4.391200e+00, -6.320617e+01
-1.434624e-01, -1.610575e+00, -7.041246e-02, 1.587739e+00, -1.442006e+01
-1.434624e-01, -1.610575e+00, -7.041246e-02, 1.587739e+00, -1.442006e+01
-1.434624e-01, -1.610575e+00, -7.041246e-02, 1.587739e+00, -1.442006e+01
-1.434624e-01, -1.610575e+00, -7.041246e-02, 1.587739e+00, -1.442006e+01
-1.434624e-01, -1.610575e+00, -7.041245e-02, 1.587739e+00, -1.442006e+01
-1.434624e-01, -1.610575e+00, -7.041247e-02, 1.587739e+00, -1.442006e+01
-1.434624e-01, -1.610575e+00, -7.041246e-02, 1.587739e+00, -1.442006e+01
-1.434624e-01, -1.610575e+00, -7.041246e-02, 1.587739e+00, -1.442006e+01
3.287904e+00, -5.436137e+00, 2.357280e+00, -2.497918e+00, -3.824705e+01
3.287904e+00, -5.436137e+00, 2.357280e+00, -2.497918e+00, -3.824705e+01
3.287904e+00, -5.436137e+00, 2.357280e+00, -2.497918e+00, -3.824705e+01
3.287904e+00, -5.436137e+00, 2.357280e+00, -2.497918e+00, -3.824705e+01
3.287904e+00, -5.436137e+00, 2.357280e+00, -2.497918e+00, -3.824705e+01
3.287904e+00, -5.436137e+00, 2.357280e+00, -2.497918e+00, -3.824705e+01
3.287904e+00, -5.436137e+00, 2.357280e+00, -2.497918e+00, -3.824705e+01
3.287904e+00, -5.436137e+00, 2.357280e+00, -2.497918e+00, -3.824705e+01
-3.997738e+00, 1.006130e-03, 1.893250e+00, 5.858362e+00, -5.008210e+01
-3.997738e+00, 1.006130e-03, 1.893250e+00, 5.858362e+00, -5.008210e+01
-3.997738e+00, 1.006140e-03, 1.893250e+00, 5.858362e+00, -5.008210e+01
-3.997738e+00, 1.006120e-03, 1.893250e+00, 5.858362e+00, -5.008210e+01
-3.997738e+00, 1.006130e-03, 1.893250e+00, 5.858362e+00, -5.008210e+01
-3.997738e+00, 1.006130e-03, 1.893250e+00, 5.858362e+00, -5.008210e+01
-3.997738e+00, 1.006130e-03, 1.893250e+00, 5.858362e+00, -5.008210e+01
-3.997738e+00, 1.006130e-03, 1.893250e+00, 5.858362e+00, -5.008210e+01
-5.348119e+00, -1.240425e+00, -2.603674e+00, -3.889339e+00, -2.404201e+01
-5.348119e+00, -1.240425e+00, -2.603674e+00, -3.889339e+00, -2.404201e+01
-5.348119e+00, -1.240425e+00, -2.603674e+00, -3.889339e+00, -2.404201e+01
-5.348119e+00, -1.240425e+00, -2.603674e+00, -3.889339e+00, -2.404201e+01
-5.348119e+00, -1.240425e+00, -2.603674e+00, -3.889339e+00, -2.404201e+01
-5.348119e+00, -1.240425e+00, -2.603674e+00, -3.889339e+00, -2.404201e+01
-5.348119e+00, -1.240425e+00, -2.603674e+00, -3.889339e+00, -2.404201e+01
-5.348119e+00, -1.240425e+00, -2.603674e+00, -3.889339e+00, -2.404201e+01
4.177965e+00, -6.295468e-01, -7.410543e-01, -1.889424e+00, -1.047525e+01
4.177965e+00, -6.295468e-01, -7.410543e-01, -1.889424e+00, -1.047525e+01
4.177965e+00, -6.295468e-01, -7.410543e-01, -1.889424e+00, -1.047525e+01
4.177965e+00, -6.295468e-01, -7.410543e-01, -1.889424e+00, -1.047525e+01
4.177965e+00, -6.295468e-01, -7.410543e-01, -1.889424e+00, -1.047525e+01
4.177965e+00, -6.295468e-01, -7.410543e-01, -1.889424e+00, -1.047525e+01
4.177965e+00, -6.295468e-01, -7.410543e-01, -1.889424e+00, -1.047525e+01
4.177965e+00, -6.295468e-01, -7.410543e-01, -1.889424e+00, -1.047525e+01
-5.879549e+00, 1.923207e+00, 3.890922e+00, -5.702868e+00, -8.008756e+01
-5.879549e+00, 1.923207e+00, 3.890922e+00, -5.702868e+00, -8.008756e+01
-5.879549e+00, 1.923207e+00, 3.890922e+00, -5.702868e+00, -8.008756e+01
-5.879549e+00, 1.923207e+00, 3.890922e+00, -5.702868e+00, -8.008756e+01
-5.879549e+00, 1.923207e+00, 3.890922e+00, -5.702868e+00, -8.008756e+01
-5.879549e+00, 1.923207e+00, 3.890922e+00, -5.702868e+00, -8.008756e+01
-5.879549e+00, 1.923207e+00, 3.890922e+00, -5.702868e+00, -8.008756e+01
-5.879549e+00, 1.923207e+00, 3.890922e+00, -5.702868e+00, -8.008756e+01
6.904627e-01, 1.209927e+00, -1.853766e+00, -7.217733e-01, -1.241502e+01
6.904627e-01, 1.209927e+00, -1.853766e+00, -7.217733e-01, -1.241502e+01
6.904627e-01, 1.209927e+00, -1.853766e+00, -7.217733e-01, -1.241502e+01
6.904627e-01, 1.209927e+00, -1.853766e+00, -7.217733e-01, -1.241502e+01
6.904627e-01, 1.209927e+00, -1.853766e+00, -7.217733e-01, -1.241502e+01
6.904627e-01, 1.209927e+00, -1.853766e+00, -7.217733e-01, -1.241502e+01
6.904627e-01, 1.209927e+00, -1.853766e+00, -7.217732e-01, -1.241502e+01
6.904627e-01, 1.209927e+00, -1.853766e+00, -7.217733e-01, -1.241502e+01
-1.815600e+00, -4.992933e+00, 4.865999e-01, -3.136885e+00, -3.125676e+01
-1.815600e+00, -4.992933e+00, 4.865999e-01, -3.136885e+00, -3.125676e+01
-1.815600e+00, -4.992933e+00, 4.865999e-01, -3.136885e+00, -3.125676e+01
-1.815600e+00, -4.992933e+00, 4.865999e-01, -3.136885e+00, -3.125676e+01
-1.815600e+00, -4.992933e+00, 4.865999e-01, -3.136885e+00, -3.125676e+01
-1.815600e+00, -4.992933e+00, 4.865999e-01, -3.136885e+00, -3.125676e+01
-1.815600e+00, -4.992933e+00, 4.865999e-01, -3.136885e+00, -3.125676e+01
-1.815600e+00, -4.992933e+00, 4.865999e-01, -3.136885e+00, -3.125676e+01
-1.308261e+00, 5.908070e+00, 4.752342e+00, 4.740045e+00, -6.970958e+01
-1.308261e+00, 5.908070e+00, 4.752342e+00, 4.740045e+00, -6.970958e+01
-1.308261e+00, 5.908070e+00, 4.752342e+00, 4.740045e+00, -6.970958e+01
-1.308261e+00, 5.908070e+00, 4.752342e+00, 4.740045e+00, -6.970958e+01
-1.308261e+00, 5.908070e+00, 4.752342e+00, 4.740045e+00, -6.970958e+01
-1.308261e+00, 5.908070e+00, 4.752342e+00, 4.740045e+00, -6.970958e+01
-1.308261e+00, 5.908070e+00, 4.752342e+00, 4.740045e+00, -6.970958e+01
-1.308261e+00, 5.908070e+00, 4.752342e+00, 4.740045e+00, -6.970958e+01
2.249683e+00, 6.000000e+00, -1.861326e+00, 1.302536e+00, -5.333646e+01
-6.942089e-01, -6.000000e+00, 4.640125e+00, 2.537800e+00, -6.307513e+01
-4.279959e+00, -6.000000e+00, -6.000000e+00, -2.699870e+00, -5.713628e+01
-6.000000e+00, -3.188995e+00, -2.994398e+00, -6.000000e+00, -6.122801e+01
6.000000e+00, 3.910879e+00, 6.000000e+00, -6.000000e+00, -1.313093e+02
-6.000000e+00, -2.106879e+00, -6.000000e+00, -2.897586e+00, -5.535501e+01
3.111054e+00, 8.247076e-01, 6.000000e+00, 3.479066e+00, -4.724484e+01
-6.000000e+00, -2.205844e+00, 1.394519e+00, -4.860752e+00, -5.520842e+01
2.834890e+00, 9.436787e-01, -6.000000e+00, -5.184840e+00, -3.000842e+01
-6.000000e+00, -6.000000e+00, 1.256710e+00, -4.143630e+00, -6.022764e+01
6.000000e+00, -1.138604e+00, 1.313192e+00, 3.434202e+00, -3.204349e+01
-6.000000e+00, 3.587365e+00, -6.000000e+00, -2.410059e+00, -6.896396e+01
4.662375e+00, 1.244522e+00, 1.916317e+00, -9.891358e-01, -1.151103e+01
4.827327e+00, 3.832466e+00, 1.899605e+00, 6.000000e+00, -6.868531e+01
-2.381972e+00, -8.329844e-01, -3.883477e+00, 1.299774e+00, -1.134534e+01
-1.754199e+00, 8.947885e-01, 1.415824e+00, 4.198475e+00, -1.403484e+01
5.565659e+00, 5.510223e+00, 5.552460e+00, 6.000000e+00, -1.673735e+02
2.171762e+00, -3.220442e+00, -2.668242e+00, -1.399172e+00, -1.041882e+01
5.174556e+00, -8.602302e-01, -3.977199e+00, -2.627434e+00, -1.225271e+01
-6.000000e+00, -1.111778e+00, 5.754386e+00, 6.000000e+00, -1.353622e+02
-6.000000e+00, 6.000000e+00, 6.000000e+00, -8.783860e-01, -1.035952e+02
-4.974967e-02, -1.817041e+00, 2.520589e-01, 3.973152e+00, -1.542173e+01
4.403389e+00, 6.000000e+00, 5.941495e+00, -9.060318e-01, -9.351257e+01
1.086114e+00, -4.950728e-01, -4.384652e-01, -6.000000e+00, -6.184025e+01
6.000000e+00, -5.558286e+00, -6.000000e+00, 1.218069e+00, -1.045838e+02
-4.474973e-01, -1.517550e+00, -2.152902e+00, -2.231605e+00, -1.347483e+01
6.000000e+00, 2.905302e+00, 2.166326e+00, 6.000000e+00, -9.027526e+01
2.461126e+00, 3.313828e+00, -4.092296e+00, -1.096121e+00, -8.180923e+00
-6.000000e+00, 6.000000e+00, 1.506693e+00, 3.401874e-01, -7.946526e+01
-4.852448e+00, -6.000000e+00, -6.000000e+00, -6.000000e+00, -7.579788e+01
3.089841e+00, 3.465453e+00, -2.608521e+00, 8.779934e-01, -7.937909e+00
-1.901501e-01, -1.534621e+00, 4.002984e+00, -4.534228e-01, -1.041354e+01
-3.247895e+00, -2.864070e+00, -6.000000e+00, 3.072246e-02, -4.053427e+01
-4.367122e+00, -2.996164e+00, -2.965584e+00, -3.921581e+00, -4.915796e+00
1.915461e+00, 3.121748e+00, 8.268684e-01, -1.723967e+00, -9.732764e+00
-4.642226e+00, -2.686449e+00, -4.613217e+00, 2.374638e-02, -1.612398e+01
1.958945e+00, 3.631672e-01, 3.110941e+00, 2.669728e+00, -4.131733e+00
-1.279536e+00, -2.186640e+00, 1.312890e+00, -3.531126e-01, -1.346464e+01
2.203561e+00, 2.035689e+00, -1.221604e+00, -7.766816e-01, -9.055711e+00
-2.180157e+01, -2.531090e+01, 1.256710e+00, -4.143630e+00, -2.836910e+04
-2.180157e+01, -2.531090e+01, 1.256710e+00, -4.143630e+00, -2.836910e+04
-2.180157e+01, -2.531090e+01, 1.256710e+00, -4.143630e+00, -2.836910e+04
-2.180157e+01, -2.531090e+01, 1.256710e+00, -4.143630e+00, -2.836910e+04
-2.180157e+01, -2.531090e+01, 1.256710e+00, -4.143630e+00, -2.836910e+04
-2.180157e+01, -2.531090e+01, 1.256710e+00, -4.143630e+00, -2.836910e+04
-2.180157e+01, -2.531090e+01, 1.256710e+00, -4.143630e+00, -2.836910e+04
-2.180157e+01, -2.531090e+01, 1.256710e+00, -4.143630e+00, -2.836910e+04
3.414167e+00, 1.442600e+00, 7.892769e-01, 2.313689e+00, -3.621184e+00
-5.197440e+00, -3.813486e-01, -6.000000e+00, -1.213408e+00, -5.441500e+01
3.727901e+00, 8.973884e-01, 2.399663e+00, 1.129714e+00, -2.422078e+00
2.660723e-01, 3.272496e+00, 1.422258e+00, 5.270320e+00, -2.904718e+01
1.088003e+00, -1.759170e+00, -3.086169e+00, 7.817562e-01, -1.160925e+01
-1.138671e+00, 2.199317e+00, -1.222652e+00, 3.138047e+00, -5.519601e+00
4.226202e+00, 7.985143e-01, 4.107185e+00, 3.053589e+00, -9.210273e+00
2.171762e+00, -3.220442e+00, -2.668242e+00, -1.399172e+00, -1.041882e+01
2.171762e+00, -3.220442e+00, -2.668242e+00, -1.399172e+00, -1.041882e+01
2.171762e+00, -3.220442e+00, -2.668242e+00, -1.399172e+00, -1.041882e+01
2.171762e+00, -3.220442e+00, -2.668242e+00, -1.399172e+00, -1.041882e+01
2.171762e+00, -3.220442e+00, -2.668242e+00, -1.399172e+00, -1.041882e+01
2.171762e+00, -3.220442e+00, -2.668242e+00, -1.399172e+00, -1.041882e+01
2.171762e+00, -3.220442e+00, -2.668242e+00, -1.399172e+00, -1.041882e+01
2.171762e+00, -3.220442e+00, -2.668242e+00, -1.399172e+00, -1.041882e+01
5.174556e+00, -8.602302e-01, -3.977199e+00, -2.627434e+00, -1.225271e+01
5.174556e+00, -8.602302e-01, -3.977199e+00, -2.627434e+00, -1.225271e+01
5.174556e+00, -8.602302e-01, -3.977199e+00, -2.627434e+00, -1.225271e+01
5.174556e+00, -8.602302e-01, -3.977199e+00, -2.627434e+00, -1.225271e+01
5.174556e+00, -8.602302e-01, -3.977199e+00, -2.627434e+00, -1.225271e+01
5.174556e+00, -8.602302e-01, -3.977200e+00, -2.627434e+00, -1.225271e+01
5.174556e+00, -8.602302e-01, -3.977199e+00, -2.627434e+00, -1.225271e+01
5.174556e+00, -8.602302e-01, -3.977199e+00, -2.627434e+00, -1.225271e+01
-6.000000e+00, 4.371203e-03, 2.057664e-01, 3.696300e+00, -4.470602e+01
-4.105453e+00, 6.000000e+00, 5.828084e+00, -2.634793e+00, -6.034749e+01
-9.660605e-02, -1.713808e+00, 9.082323e-02, 2.780445e+00, -1.234028e+01
3.845647e+00, 6.000000e+00, 4.149387e+00, -1.701975e+00, -5.975261e+01
-1.455812e+00, -2.470333e-01, 7.273923e-01, -6.000000e+00, -6.543974e+01
3.942918e+00, -3.399355e+00, -4.991475e+00, -1.335635e+00, -1.679857e+01
1.865234e+00, -1.073549e+00, -1.446978e+00, -2.060514e+00, -1.138218e+01
6.000000e+00, 2.414255e+00, 3.028624e+00, 6.000000e+00, -9.090500e+01
2.461126e+00, 3.313828e+00, -4.092296e+00, -1.096121e+00, -8.180923e+00
2.461126e+00, 3.313828e+00, -4.092296e+00, -1.096121e+00, -8.180923e+00
2.461126e+00, 3.313828e+00, -4.092296e+00, -1.096121e+00, -8.180923e+00
2.461126e+00, 3.313828e+00, -4.092296e+00, -1.096121e+00, -8.180923e+00
2.461126e+00, 3.313828e+00, -4.092296e+00, -1.096121e+00, -8.180923e+00
2.461126e+00, 3.313828e+00, -4.092296e+00, -1.096121e+00, -8.180923e+00
2.461126e+00, 3.313828e+00, -4.092296e+00, -1.096121e+00, -8.180923e+00
2.461126e+00, 3.313828e+00, -4.092296e+00, -1.096121e+00, -8.180923e+00
-4.926471e+00, 3.687395e+00, 9.966467e-01, -1.398349e+00, -2.184043e+01
-3.080354e+00, -6.000000e+00, -4.016782e+00, -5.660740e+00, -5.853347e+01
3.089841e+00, 3.465453e+00, -2.608521e+00, 8.779934e-01, -7.937909e+00
3.089841e+00, 3.465453e+00, -2.608521e+00, 8.779934e-01, -7.937909e+00
3.089841e+00, 3.465453e+00, -2.608521e+00, 8.779934e-01, -7.937909e+00
3.089841e+00, 3.465453e+00, -2.608521e+00, 8.779934e-01, -7.937909e+00
3.089841e+00, 3.465453e+00, -2.608520e+00, 8.779934e-01, -7.937909e+00
3.089841e+00, 3.465453e+00, -2.608521e+00, 8.779934e-01, -7.937909e+00
3.089841e+00, 3.465453e+00, -2.608521e+00, 8.779934e-01, -7.937909e+00
3.089841e+00, 3.465453e+00, -2.608521e+00, 8.779933e-01, -7.937909e+00
-1.901500e-01, -1.534621e+00, 4.002984e+00, -4.534228e-01, -1.041354e+01
-1.901501e-01, -1.534621e+00, 4.002984e+00, -4.534228e-01, -1.041354e+01
-1.901501e-01, -1.534621e+00, 4.002984e+00, -4.534228e-01, -1.041354e+01
-1.901501e-01, -1.534621e+00, 4.002984e+00, -4.534228e-01, -1.041354e+01
-1.901501e-01, -1.534621e+00, 4.002984e+00, -4.534228e-01, -1.041354e+01
-1.901501e-01, -1.534621e+00, 4.002984e+00, -4.534228e-01, -1.041354e+01
-1.901501e-01, -1.534621e+00, 4.002984e+00, -4.534228e-01, -1.041354e+01
-1.901501e-01, -1.534621e+00, 4.002984e+00, -4.534229e-01, -1.041354e+01
-2.731864e+00, 1.070315e+00, -4.761810e-01, 1.396019e+00, -9.914608e+00
-4.367122e+00, -2.996164e+00, -2.965584e+00, -3.921581e+00, -4.915796e+00
-4.367122e+00, -2.996164e+00, -2.965584e+00, -3.921581e+00, -4.915796e+00
-4.367122e+00, -2.996164e+00, -2.965584e+00, -3.921581e+00, -4.915796e+00
-4.367122e+00, -2.996164e+00, -2.965584e+00, -3.921581e+00, -4.915796e+00
-4.367122e+00, -2.996164e+00, -2.965584e+00, -3.921581e+00, -4.915796e+00
-4.367122e+00, -2.996164e+00, -2.965584e+00, -3.921581e+00, -4.915796e+00
-4.367122e+00, -2.996164e+00, -2.965584e+00, -3.921581e+00, -4.915796e+00
-4.367122e+00, -2.996164e+00, -2.965584e+00, -3.921581e+00, -4.915796e+00
1.915461e+00, 3.121748e+00, 8.268684e-01, -1.723967e+00, -9.732764e+00
1.915461e+00, 3.121748e+00, 8.268684e-01, -1.723967e+00, -9.732764e+00
1.915461e+00, 3.121748e+00, 8.268684e-01, -1.723967e+00, -9.732764e+00
1.915461e+00, 3.121748e+00, 8.268684e-01, -1.723967e+00, -9.732764e+00
1.915461e+00, 3.121748e+00, 8.268684e-01, -1.723967e+00, -9.732764e+00
1.915461e+00, 3.121748e+00, 8.268684e-01, -1.723967e+00, -9.732764e+00
1.915461e+00, 3.121748e+00, 8.268684e-01, -1.723967e+00, -9.732764e+00
1.915461e+00, 3.121748e+00, 8.268684e-01, -1.723967e+00, -9.732764e+00
-4.642226e+00, -2.686449e+00, -4.613217e+00, 2.374638e-02, -1.612398e+01
-4.642226e+00, -2.686449e+00, -4.613217e+00, 2.374638e-02, -1.612398e+01
-4.642226e+00, -2.686449e+00, -4.613217e+00, 2.374638e-02, -1.612398e+01
-4.642226e+00, -2.686449e+00, -4.613217e+00, 2.374638e-02, -1.612398e+01
-4.642226e+00, -2.686449e+00, -4.613217e+00, 2.374638e-02, -1.612398e+01
-4.642226e+00, -2.686449e+00, -4.613217e+00, 2.374638e-02, -1.612398e+01
-4.642226e+00, -2.686449e+00, -4.613217e+00, 2.374639e-02, -1.612398e+01
-4.642226e+00, -2.686449e+00, -4.613217e+00, 2.374637e-02, -1.612398e+01
1.958945e+00, 3.631672e-01, 3.110941e+00, 2.669728e+00, -4.131733e+00
1.958945e+00, 3.631672e-01, 3.110941e+00, 2.669728e+00, -4.131733e+00
1.958945e+00, 3.631673e-01, 3.110941e+00, 2.669728e+00, -4.131733e+00
1.958945e+00, 3.631672e-01, 3.110941e+00, 2.669728e+00, -4.131733e+00
1.958945e+00, 3.631672e-01, 3.110941e+00, 2.669728e+00, -4.131733e+00
1.958945e+00, 3.631672e-01, 3.110941e+00, 2.669728e+00, -4.131733e+00
1.958945e+00, 3.631672e-01, 3.110941e+00, 2.669728e+00, -4.131733e+00
1.958945e+00, 3.631672e-01, 3.110941e+00, 2.669728e+00, -4.131733e+00
-1.279536e+00, -2.186640e+00, 1.312890e+00, -3.531126e-01, -1.346464e+01
-1.279536e+00, -2.186640e+00, 1.312890e+00, -3.531126e-01, -1.346464e+01
-1.279536e+00, -2.186640e+00, 1.312890e+00, -3.531126e-01, -1.346464e+01
-1.279536e+00, -2.186640e+00, 1.312890e+00, -3.531126e-01, -1.346464e+01
-1.279536e+00, -2.186640e+00, 1.312890e+00, -3.531126e-01, -1.346464e+01
-1.279536e+00, -2.186640e+00, 1.312890e+00, -3.531126e-01, -1.346464e+01
-1.279536e+00, -2.186640e+00, 1.312890e+00, -3.531126e-01, -1.346464e+01
-1.279536e+00, -2.186640e+00, 1.312890e+00, -3.531126e-01, -1.346464e+01
2.203561e+00, 2.035689e+00, -1.221604e+00, -7.766816e-01, -9.055711e+00
2.203561e+00, 2.035689e+00, -1.221604e+00, -7.766816e-01, -9.055711e+00
2.203561e+00, 2.035689e+00, -1.221604e+00, -7.766816e-01, -9.055711e+00
2.203561e+00, 2.035689e+00, -1.221604e+00, -7.766816e-01, -9.055711e+00
2.203561e+00, 2.035689e+00, -1.221604e+00, -7.766816e-01, -9.055711e+00
2.203561e+00, 2.035689e+00, -1.221604e+00, -7.766816e-01, -9.055711e+00
2.203561e+00, 2.035689e+00, -1.221604e+00, -7.766816e-01, -9.055711e+00
2.203561e+00, 2.035689e+00, -1.221604e+00, -7.766816e-01, -9.055711e+00
4.953831e+00, 5.003120e+00, -4.064210e+00, -1.296005e+00, -4.890349e+01
3.414167e+00, 1.442600e+00, 7.892769e-01, 2.313689e+00, -3.621184e+00
3.414167e+00, 1.442600e+00, 7.892769e-01, 2.313689e+00, -3.621184e+00
3.414167e+00, 1.442600e+00, 7.892769e-01, 2.313689e+00, -3.621184e+00
3.414167e+00, 1.442600e+00, 7.892769e-01, 2.313689e+00, -3.621184e+00
3.414167e+00, 1.442600e+00, 7.892769e-01, 2.313689e+00, -3.621184e+00
3.414167e+00, 1.442600e+00, 7.892769e-01, 2.313689e+00, -3.621184e+00
3.414167e+00, 1.442600e+00, 7.892769e-01, 2.313689e+00, -3.621184e+00
3.414167e+00, 1.442600e+00, 7.892769e-01, 2.313689e+00, -3.621184e+00
-4.252226e+00, -2.365706e+00, -1.123884e+00, -6.150826e-01, -1.106907e+01
3.727901e+00, 8.973884e-01, 2.399663e+00, 1.129714e+00, -2.422078e+00
3.727901e+00, 8.973884e-01, 2.399663e+00, 1.129714e+00, -2.422078e+00
3.727901e+00, 8.973884e-01, 2.399663e+00, 1.129714e+00, -2.422078e+00
3.727901e+00, 8.973884e-01, 2.399663e+00, 1.129714e+00, -2.422078e+00
3.727901e+00, 8.973884e-01, 2.399663e+00, 1.129714e+00, -2.422078e+00
3.727901e+00, 8.973884e-01, 2.399663e+00, 1.129714e+00, -2.422078e+00
3.727901e+00, 8.973884e-01, 2.399663e+00, 1.129714e+00, -2.422078e+00
3.727901e+00, 8.973884e-01, 2.399663e+00, 1.129714e+00, -2.422078e+00
2.660723e-01, 3.272496e+00, 1.422258e+00, 5.270320e+00, -2.904718e+01
2.660723e-01, 3.272496e+00, 1.422258e+00, 5.270320e+00, -2.904718e+01
2.660723e-01, 3.272496e+00, 1.422258e+00, 5.270320e+00, -2.904718e+01
2.660723e-01, 3.272496e+00, 1.422258e+00, 5.270320e+00, -2.904718e+01
2.660723e-01, 3.272496e+00, 1.422258e+00, 5.270320e+00, -2.904718e+01
2.660723e-01, 3.272496e+00, 1.422258e+00, 5.270320e+00, -2.904718e+01
2.660723e-01, 3.272496e+00, 1.422258e+00, 5.270320e+00, -2.904718e+01
2.660723e-01, 3.272496e+00, 1.422258e+00, 5.270320e+00, -2.904718e+01
2.822991e+00, -2.222263e+00, -2.687515e+00, 5.227474e-01, -6.369682e+00
-1.138671e+00, 2.199317e+00, -1.222652e+00, 3.138047e+00, -5.519601e+00
-1.138671e+00, 2.199317e+00, -1.222652e+00, 3.138047e+00, -5.519601e+00
-1.138671e+00, 2.199317e+00, -1.222652e+00, 3.138047e+00, -5.519601e+00
-1.138671e+00, 2.199317e+00, -1.222652e+00, 3.138047e+00, -5.519601e+00
-1.138671e+00, 2.199317e+00, -1.222652e+00, 3.138047e+00, -5.519601e+00
-1.138671e+00, 2.199317e+00, -1.222652e+00, 3.138047e+00, -5.519601e+00
-1.138671e+00, 2.199317e+00, -1.222652e+00, 3.138047e+00, -5.519601e+00
-1.138671e+00, 2.199317e+00, -1.222652e+00, 3.138047e+00, -5.519601e+00
4.226202e+00, 7.985143e-01, 4.107185e+00, 3.053589e+00, -9.210273e+00
4.226202e+00, 7.985143e-01, 4.107185e+00, 3.053589e+00, -9.210272e+00
4.226202e+00, 7.985143e-01, 4.107185e+00, 3.053589e+00, -9.210273e+00
4.226202e+00, 7.985143e-01, 4.107185e+00, 3.053589e+00, -9.210273e+00
4.226202e+00, 7.985143e-01, 4.107185e+00, 3.053589e+00, -9.210273e+00
4.226202e+00, 7.985143e-01, 4.107185e+00, 3.053589e+00, -9.210272e+00
4.226202e+00, 7.985143e-01, 4.107185e+00, 3.053589e+00, -9.210273e+00
4.226202e+00, 7.985143e-01, 4.107185e+00, 3.053589e+00, -9.210272e+00
3.423594e+00, -1.243302e+00, -3.282948e+00, -1.943045e+00, -2.571627e+00
2.474252e+00, -9.889035e-01, -2.425846e+00, -2.441117e+00, -5.806307e+00
-7.078395e+00, 4.371203e-03, 2.057664e-01, 3.696300e+00, -9.137711e+01
-7.078395e+00, 4.371203e-03, 2.057664e-01, 3.696300e+00, -9.137711e+01
-7.078395e+00, 4.371213e-03, 2.057664e-01, 3.696300e+00, -9.137711e+01
-7.078395e+00, 4.371193e-03, 2.057664e-01, 3.696300e+00, -9.137711e+01
-7.078395e+00, 4.371203e-03, 2.057664e-01, 3.696300e+00, -9.137711e+01
-7.078395e+00, 4.371203e-03, 2.057664e-01, 3.696300e+00, -9.137711e+01
-7.078395e+00, 4.371203e-03, 2.057664e-01, 3.696300e+00, -9.137711e+01
-7.078395e+00, 4.371203e-03, 2.057664e-01, 3.696300e+00, -9.137711e+01
-4.105453e+00, 8.718380e+00, 5.828084e+00, -2.634793e+00, -2.435837e+02
-4.105453e+00, 8.718380e+00, 5.828084e+00, -2.634793e+00, -2.435837e+02
-4.105453e+00, 8.718380e+00, 5.828084e+00, -2.634793e+00, -2.435837e+02
-4.105453e+00, 8.718380e+00, 5.828084e+00, -2.634793e+00, -2.435836e+02
-4.105453e+00, 8.718380e+00, 5.828084e+00, -2.634793e+00, -2.435837e+02
-4.105453e+00, 8.718380e+00, 5.828084e+00, -2.634793e+00, -2.435837e+02
-4.105453e+00, 8.718380e+00, 5.828084e+00, -2.634793e+00, -2.435837e+02
-4.105453e+00, 8.718380e+00, 5.828084e+00, -2.634793e+00, -2.435837e+02
-9.660604e-02, -1.713808e+00, 9.082323e-02, 2.780445e+00, -1.234028e+01
-9.660606e-02, -1.713808e+00, 9.082323e-02, 2.780445e+00, -1.234028e+01
-9.660605e-02, -1.713808e+00, 9.082323e-02, 2.780445e+00, -1.234028e+01
-9.660605e-02, -1.713808e+00, 9.082323e-02, 2.780445e+00, -1.234028e+01
-9.660605e-02, -1.713808e+00, 9.082324e-02, 2.780445e+00, -1.234028e+01
-9.660605e-02, -1.713808e+00, 9.082322e-02, 2.780445e+00, -1.234028e+01
-9.660605e-02, -1.713808e+00, 9.082323e-02, 2.780445e+00, -1.234028e+01
-9.660605e-02, -1.713808e+00, 9.082323e-02, 2.780445e+00, -1.234028e+01
3.566775e+00, 1.727859e+00, 3.253334e+00, -2.099946e+00, -9.435001e-01
-2.726775e+00, -1.230136e-01, 1.310321e+00, -2.659913e+00, -1.262347e+01
3.942918e+00, -3.399355e+00, -4.991475e+00, -1.335635e+00, -1.679857e+01
3.942918e+00, -3.399355e+00, -4.991475e+00, -1.335635e+00, -1.679857e+01
3.942918e+00, -3.399355e+00, -4.991475e+00, -1.335635e+00, -1.679857e+01
3.942918e+00, -3.399355e+00, -4.991475e+00, -1.335635e+00, -1.679857e+01
3.942918e+00, -3.399355e+00, -4.991475e+00, -1.335635e+00, -1.679857e+01
3.942918e+00, -3.399355e+00, -4.991475e+00, -1.335635e+00, -1.679857e+01
3.942918e+00, -3.399355e+00, -4.991475e+00, -1.335635e+00, -1.679857e+01
3.942918e+00, -3.399355e+00, -4.991475e+00, -1.335635e+00, -1.679857e+01
3.021599e+00, -8.515477e-01, -1.094016e+00, -1.974969e+00, -8.714969e+00
1.844135e+00, 2.168731e+00, 3.459773e+00, 2.723322e+00, -2.918028e+00
1.936885e+00, 2.120825e+00, -2.766435e+00, -1.330468e+00, -5.621507e+00
-4.926471e+00, 3.687395e+00, 9.966467e-01, -1.398349e+00, -2.184043e+01
-4.926471e+00, 3.687395e+00, 9.966467e-01, -1.398349e+00, -2.184043e+01
-4.926471e+00, 3.687395e+00, 9.966467e-01, -1.398349e+00, -2.184043e+01
-4.926471e+00, 3.687395e+00, 9.966467e-01, -1.398349e+00, -2.184043e+01
-4.926471e+00, 3.687395e+00, 9.966467e-01, -1.398349e+00, -2.184043e+01
-4.926471e+00, 3.687395e+00, 9.966466e-01, -1.398349e+00, -2.184043e+01
-4.926471e+00, 3.687395e+00, 9.966467e-01, -1.398349e+00, -2.184043e+01
-4.926471e+00, 3.687395e+00, 9.966467e-01, -1.398349e+00, -2.184043e+01
-3.080354e+00, -9.636624e+00, -4.016782e+00, -5.660740e+00, -3.709958e+02
-3.080354e+00, -9.636624e+00, -4.016782e+00, -5.660740e+00, -3.709958e+02
-3.080354e+00, -9.636624e+00, -4.016782e+00, -5.660740e+00, -3.709958e+02
-3.080354e+00, -9.636624e+00, -4.016782e+00, -5.660740e+00, -3.709958e+02
-3.080354e+00, -9.636624e+00, -4.016782e+00, -5.660740e+00, -3.709958e+02
-3.080354e+00, -9.636624e+00, -4.016782e+00, -5.660740e+00, -3.709958e+02
-3.080354e+00, -9.636624e+00, -4.016782e+00, -5.660740e+00, -3.709958e+02
-3.080354e+00, -9.636624e+00, -4.016782e+00, -5.660740e+00, -3.709958e+02
2.575110e+00, 1.479484e+00, -2.876459e+00, 1.367721e+00, -3.964283e+00
-2.127293e-01, -1.955440e+00, 2.534349e+00, -6.133802e-01, -1.109111e+01
-2.731864e+00, 1.070315e+00, -4.761810e-01, 1.396019e+00, -9.914608e+00
-2.731864e+00, 1.070315e+00, -4.761810e-01, 1.396019e+00, -9.914608e+00
-2.731864e+00, 1.070316e+00, -4.761810e-01, 1.396019e+00, -9.914608e+00
-2.731864e+00, 1.070315e+00, -4.761810e-01, 1.396019e+00, -9.914608e+00
-2.731864e+00, 1.070315e+00, -4.761810e-01, 1.396019e+00, -9.914608e+00
-2.731864e+00, 1.070315e+00, -4.761810e-01, 1.396019e+00, -9.914608e+00
-2.731864e+00, 1.070315e+00, -4.761810e-01, 1.396019e+00, -9.914608e+00
-2.731864e+00, 1.070315e+00, -4.761810e-01, 1.396019e+00, -9.914608e+00
-3.032028e+00, -3.533768e+00, -4.130045e+00, -2.393207e+00, -3.858233e+00
2.721625e+00, 1.725564e+00, 2.262728e+00, -1.820753e+00, -3.325174e+00
-2.922609e+00, -3.373032e+00, -1.498805e+00, 1.299169e-01, -9.121602e+00
3.367406e+00, 8.293790e-01, 2.946757e+00, 1.899851e+00, -5.204086e-01
-3.270658e+00, -2.412531e+00, 3.166385e+00, -3.182157e-01, -2.138948e+00
3.353968e+00, 2.422664e+00, -2.400601e+00, -9.637059e-01, -6.115201e+00
-6.000000e+00, -6.000000e+00, -1.403750e+00, -2.719818e+00, -5.145294e+01
2.904692e+00, 1.524132e+00, 1.391539e+00, 2.851445e+00, -2.458645e+00
-4.252226e+00, -2.365706e+00, -1.123884e+00, -6.150826e-01, -1.106907e+01
-4.252227e+00, -2.365706e+00, -1.123884e+00, -6.150826e-01, -1.106907e+01
-4.252226e+00, -2.365706e+00, -1.123884e+00, -6.150826e-01, -1.106907e+01
-4.252226e+00, -2.365706e+00, -1.123884e+00, -6.150826e-01, -1.106907e+01
-4.252226e+00, -2.365706e+00, -1.123884e+00, -6.150826e-01, -1.106907e+01
-4.252226e+00, -2.365706e+00, -1.123884e+00, -6.150826e-01, -1.106907e+01
-4.252226e+00, -2.365706e+00, -1.123884e+00, -6.150826e-01, -1.106907e+01
-4.252226e+00, -2.365706e+00, -1.123884e+00, -6.150826e-01, -1.106907e+01
3.174260e+00, 8.863291e-01, 2.870632e+00, 1.491889e+00, -7.237303e-01
-7.475978e-01, 2.914257e+00, 1.167749e+00, 5.330470e-02, -9.151290e+00
2.822991e+00, -2.222263e+00, -2.687515e+00, 5.227474e-01, -6.369682e+00
2.822991e+00, -2.222263e+00, -2.687515e+00, 5.227474e-01, -6.369682e+00
2.822991e+00, -2.222263e+00, -2.687515e+00, 5.227474e-01, -6.369682e+00
2.822991e+00, -2.222263e+00, -2.687515e+00, 5.227474e-01, -6.369682e+00
2.822991e+00, -2.222263e+00, -2.687515e+00, 5.227474e-01, -6.369682e+00
2.822991e+00, -2.222263e+00, -2.687515e+00, 5.227474e-01, -6.369682e+00
2.822991e+00, -2.222263e+00, -2.687515e+00, 5.227474e-01, -6.369682e+00
2.822991e+00, -2.222263e+00, -2.687515e+00, 5.227474e-01, -6.369682e+00
-1.478334e+00, 2.808716e+00, -1.745623e+00, 3.007771e+00, -3.048059e+00
2.722601e+00, 6.968247e-01, 2.192343e+00, 1.896360e+00, -2.133397e+00
3.423594e+00, -1.243302e+00, -3.282948e+00, -1.943045e+00, -2.571627e+00
3.423594e+00, -1.243302e+00, -3.282948e+00, -1.943045e+00, -2.571627e+00
3.423594e+00, -1.243302e+00, -3.282948e+00, -1.943045e+00, -2.571627e+00
3.423594e+00, -1.243302e+00, -3.282948e+00, -1.943045e+00, -2.571627e+00
3.423594e+00, -1.243302e+00, -3.282948e+00, -1.943045e+00, -2.571627e+00
3.423594e+00, -1.243302e+00, -3.282948e+00, -1.943045e+00, -2.571627e+00
3.423594e+00, -1.243302e+00, -3.282948e+00, -1.943045e+00, -2.571627e+00
3.423594e+00, -1.243302e+00, -3.282948e+00, -1.943045e+00, -2.571627e+00
2.474252e+00, -9.889035e-01, -2.425846e+00, -2.441117e+00, -5.806307e+00
2.474252e+00, -9.889035e-01, -2.425846e+00, -2.441117e+00, -5.806307e+00
2.474252e+00, -9.889035e-01, -2.425846e+00, -2.441117e+00, -5.806307e+00
2.474252e+00, -9.889035e-01, -2.425846e+00, -2.441117e+00, -5.806307e+00
2.474252e+00, -9.889035e-01, -2.425846e+00, -2.441117e+00, -5.806307e+00
2.474252e+00, -9.889035e-01, -2.425846e+00, -2.441117e+00, -5.806307e+00
2.474252e+00, -9.889035e-01, -2.425846e+00, -2.441117e+00, -5.806307e+00
2.474252e+00, -9.889035e-01, -2.425846e+00, -2.441117e+00, -5.806307e+00
1.083244e+00, 5.100426e-02, -1.513863e+00, 5.693145e-01, -1.319264e+01
-2.380636e+00, -2.408161e+00, -1.124483e+00, -3.525628e+00, -1.335709e+01
2.211876e-02, -1.820537e+00, 1.341824e-01, 3.008902e+00, -1.230656e+01
3.566775e+00, 1.727859e+00, 3.253334e+00, -2.099946e+00, -9.435001e-01
3.566775e+00, 1.727859e+00, 3.253334e+00, -2.099946e+00, -9.435001e-01
3.566775e+00, 1.727859e+00, 3.253334e+00, -2.099946e+00, -9.435001e-01
3.566775e+00, 1.727859e+00, 3.253334e+00, -2.099946e+00, -9.435001e-01
3.566775e+00, 1.727859e+00, 3.253334e+00, -2.099946e+00, -9.435001e-01
3.566775e+00, 1.727859e+00, 3.253334e+00, -2.099946e+00, -9.435001e-01
3.566775e+00, 1.727859e+00, 3.253334e+00, -2.099946e+00, -9.435001e-01
3.566775e+00, 1.727859e+00, 3.253334e+00, -2.099946e+00, -9.435001e-01
-2.726775e+00, -1.230136e-01, 1.310321e+00, -2.659913e+00, -1.262347e+01
-2.726775e+00, -1.230136e-01, 1.310321e+00, -2.659913e+00, -1.262347e+01
-2.726775e+00, -1.230136e-01, 1.310321e+00, -2.659913e+00, -1.262347e+01
-2.726775e+00, -1.230136e-01, 1.310321e+00, -2.659913e+00, -1.262347e+01
-2.726775e+00, -1.230136e-01, 1.310321e+00, -2.659913e+00, -1.262347e+01
-2.726775e+00, -1.230136e-01, 1.310321e+00, -2.659913e+00, -1.262347e+01
-2.726775e+00, -1.230136e-01, 1.310321e+00, -2.659913e+00, -1.262347e+01
-2.726775e+00, -1.230136e-01, 1.310321e+00, -2.659913e+00, -1.262347e+01
3.971373e+00, -2.242930e+00, -2.093658e+00, -2.102890e+00, -5.412804e+00
3.021599e+00, -8.515477e-01, -1.094016e+00, -1.974969e+00, -8.714969e+00
3.021599e+00, -8.515477e-01, -1.094016e+00, -1.974969e+00, -8.714969e+00
3.021599e+00, -8.515477e-01, -1.094016e+00, -1.974969e+00, -8.714969e+00
3.021599e+00, -8.515477e-01, -1.094016e+00, -1.974969e+00, -8.714969e+00
3.021599e+00, -8.515477e-01, -1.094016e+00, -1.974969e+00, -8.714969e+00
3.021599e+00, -8.515477e-01, -1.094016e+00, -1.974969e+00, -8.714969e+00
3.021599e+00, -8.515477e-01, -1.094016e+00, -1.974969e+00, -8.714969e+00
3.021599e+00, -8.515477e-01, -1.094016e+00, -1.974969e+00, -8.714969e+00
1.844135e+00, 2.168731e+00, 3.459773e+00, 2.723322e+00, -2.918028e+00
1.844135e+00, 2.168731e+00, 3.459773e+00, 2.723322e+00, -2.918028e+00
1.844135e+00, 2.168731e+00, 3.459773e+00, 2.723322e+00, -2.918028e+00
1.844135e+00, 2.168731e+00, 3.459773e+00, 2.723322e+00, -2.918028e+00
1.844135e+00, 2.168731e+00, 3.459773e+00, 2.723322e+00, -2.918028e+00
1.844135e+00, 2.168731e+00, 3.459773e+00, 2.723322e+00, -2.918028e+00
1.844135e+00, 2.168731e+00, 3.459773e+00, 2.723322e+00, -2.918028e+00
1.844135e+00, 2.168731e+00, 3.459773e+00, 2.723322e+00, -2.918028e+00
1.936885e+00, 2.120825e+00, -2.766435e+00, -1.330468e+00, -5.621507e+00
1.936885e+00, 2.120825e+00, -2.766435e+00, -1.330468e+00, -5.621507e+00
1.936885e+00, 2.120825e+00, -2.766435e+00, -1.330468e+00, -5.621507e+00
1.936885e+00, 2.120825e+00, -2.766435e+00, -1.330468e+00, -5.621507e+00
1.936885e+00, 2.120825e+00, -2.766435e+00, -1.330468e+00, -5.621507e+00
1.936885e+00, 2.120825e+00, -2.766435e+00, -1.330468e+00, -5.621507e+00
1.936885e+00, 2.120825e+00, -2.766435e+00, -1.330468e+00, -5.621507e+00
1.936885e+00, 2.120825e+00, -2.766435e+00, -1.330468e+00, -5.621507e+00
-1.917993e+00, 3.375691e+00, 1.511276e+00, -1.349564e+00, -6.823558e+00
-2.419956e+00, 2.606172e+00, 8.426049e-01, 6.928948e-01, -6.884074e+00
2.575110e+00, 1.479484e+00, -2.876459e+00, 1.367721e+00, -3.964283e+00
2.575110e+00, 1.479484e+00, -2.876459e+00, 1.367721e+00, -3.964283e+00
2.575110e+00, 1.479484e+00, -2.876459e+00, 1.367721e+00, -3.964283e+00
2.575110e+00, 1.479484e+00, -2.876459e+00, 1.367721e+00, -3.964283e+00
2.575110e+00, 1.479484e+00, -2.876459e+00, 1.367721e+00, -3.964283e+00
2.575110e+00, 1.479484e+00, -2.876459e+00, 1.367721e+00, -3.964283e+00
2.575110e+00, 1.479484e+00, -2.876459e+00, 1.367721e+00, -3.964283e+00
2.575110e+00, 1.479484e+00, -2.876459e+00, 1.367721e+00, -3.964283e+00
-2.014397e-01, -1.745030e+00, 3.268666e+00, -5.334015e-01, -9.563987e+00
-2.846593e+00, 1.514552e+00, -5.965100e-01, 1.948939e+00, -7.449383e+00
-3.032028e+00, -3.533768e+00, -4.130045e+00, -2.393207e+00, -3.858233e+00
-3.032028e+00, -3.533768e+00, -4.130045e+00, -2.393207e+00, -3.858233e+00
-3.032028e+00, -3.533768e+00, -4.130045e+00, -2.393207e+00, -3.858233e+00
-3.032028e+00, -3.533768e+00, -4.130045e+00, -2.393207e+00, -3.858233e+00
-3.032028e+00, -3.533768e+00, -4.130045e+00, -2.393207e+00, -3.858233e+00
-3.032028e+00, -3.533768e+00, -4.130045e+00, -2.393207e+00, -3.858233e+00
-3.032028e+00, -3.533768e+00, -4.130045e+00, -2.393207e+00, -3.858233e+00
-3.032028e+00, -3.533768e+00, -4.130045e+00, -2.393207e+00, -3.858233e+00
2.721625e+00, 1.725564e+00, 2.262728e+00, -1.820753e+00, -3.325174e+00
2.721625e+00, 1.725564e+00, 2.262728e+00, -1.820753e+00, -3.325174e+00
2.721625e+00, 1.725564e+00, 2.262728e+00, -1.820753e+00, -3.325174e+00
2.721625e+00, 1.725564e+00, 2.262728e+00, -1.820753e+00, -3.325174e+00
2.721625e+00, 1.725564e+00, 2.262728e+00, -1.820753e+00, -3.325174e+00
2.721625e+00, 1.725564e+00, 2.262728e+00, -1.820753e+00, -3.325174e+00
2.721625e+00, 1.725564e+00, 2.262728e+00, -1.820753e+00, -3.325174e+00
2.721625e+00, 1.725564e+00, 2.262728e+00, -1.820753e+00, -3.325174e+00
-2.922609e+00, -3.373032e+00, -1.498805e+00, 1.299169e-01, -9.121602e+00
-2.922609e+00, -3.373032e+00, -1.498805e+00, 1.299169e-01, -9.121602e+00
-2.922609e+00, -3.373032e+00, -1.498805e+00, 1.299169e-01, -9.121602e+00
-2.922609e+00, -3.373032e+00, -1.498805e+00, 1.299169e-01, -9.121602e+00
-2.922609e+00, -3.373032e+00, -1.498805e+00, 1.299169e-01, -9.121602e+00
-2.922609e+00, -3.373032e+00, -1.498805e+00, 1.299169e-01, -9.121602e+00
-2.922609e+00, -3.373032e+00, -1.498805e+00, 1.299169e-01, -9.121602e+00
-2.922609e+00, -3.373032e+00, -1.498805e+00, 1.299169e-01, -9.121602e+00
3.367406e+00, 8.293790e-01, 2.946757e+00, 1.899851e+00, -5.204086e-01
3.367406e+00, 8.293790e-01, 2.946757e+00, 1.899851e+00, -5.204086e-01
3.367406e+00, 8.293791e-01, 2.946757e+00, 1.899851e+00, -5.204086e-01
3.367406e+00, 8.293790e-01, 2.946757e+00, 1.899851e+00, -5.204086e-01
3.367406e+00, 8.293790e-01, 2.946757e+00, 1.899851e+00, -5.204086e-01
3.367406e+00, 8.293790e-01, 2.946757e+00, 1.899851e+00, -5.204086e-01
3.367406e+00, 8.293790e-01, 2.946757e+00, 1.899851e+00, -5.204086e-01
3.367406e+00, 8.293790e-01, 2.946757e+00, 1.899851e+00, -5.204086e-01
-3.270658e+00, -2.412531e+00, 3.166385e+00, -3.182157e-01, -2.138948e+00
-3.270658e+00, -2.412531e+00, 3.166385e+00, -3.182157e-01, -2.138948e+00
-3.270658e+00, -2.412531e+00, 3.166385e+00, -3.182157e-01, -2.138948e+00
-3.270658e+00, -2.412531e+00, 3.166385e+00, -3.182157e-01, -2.138948e+00
-3.270658e+00, -2.412531e+00, 3.166385e+00, -3.182157e-01, -2.138948e+00
-3.270658e+00, -2.412531e+00, 3.166385e+00, -3.182157e-01, -2.138948e+00
-3.270658e+00, -2.412531e+00, 3.166385e+00, -3.182157e-01, -2.138948e+00
-3.270658e+00, -2.412531e+00, 3.166385e+00, -3.182157e-01, -2.138948e+00
3.353968e+00, 2.422664e+00, -2.400601e+00, -9.637059e-01, -6.115201e+00
3.353968e+00, 2.422664e+00, -2.400601e+00, -9.637059e-01, -6.115201e+00
3.353968e+00, 2.422664e+00, -2.400601e+00, -9.637059e-01, -6.115201e+00
3.353968e+00, 2.422664e+00, -2.400601e+00, -9.637059e-01, -6.115201e+00
3.353968e+00, 2.422664e+00, -2.400601e+00, -9.637059e-01, -6.115201e+00
3.353968e+00, 2.422664e+00, -2.400601e+00, -9.637059e-01, -6.115201e+00
3.353968e+00, 2.422664e+00, -2.400601e+00, -9.637059e-01, -6.115201e+00
3.353968e+00, 2.422664e+00, -2.400601e+00, -9.637059e-01, -6.115201e+00
-8.423870e+00, -1.015389e+01, -1.403750e+00, -2.719818e+00, -5.153618e+02
-8.423870e+00, -1.015389e+01, -1.403750e+00, -2.719818e+00, -5.153618e+02
-8.423870e+00, -1.015389e+01, -1.403750e+00, -2.719818e+00, -5.153618e+02
-8.423870e+00, -1.015389e+01, -1.403750e+00, -2.719818e+00, -5.153618e+02
-8.423870e+00, -1.015389e+01, -1.403750e+00, -2.719818e+00, -5.153618e+02
-8.423870e+00, -1.015389e+01, -1.403750e+00, -2.719818e+00, -5.153618e+02
-8.423870e+00, -1.015389e+01, -1.403750e+00, -2.719818e+00, -5.153618e+02
-8.423870e+00, -1.015389e+01, -1.403750e+00, -2.719818e+00, -5.153618e+02
2.904692e+00, 1.524132e+00, 1.391539e+00, 2.851445e+00, -2.458645e+00
2.904692e+00, 1.524132e+00, 1.391539e+00, 2.851445e+00, -2.458645e+00
2.904692e+00, 1.524132e+00, 1.391539e+00, 2.851445e+00, -2.458645e+00
2.904692e+00, 1.524132e+00, 1.391539e+00, 2.851445e+00, -2.458645e+00
2.904692e+00, 1.524132e+00, 1.391539e+00, 2.851445e+00, -2.458645e+00
2.904692e+00, 1.524132e+00, 1.391539e+00, 2.851445e+00, -2.458645e+00
2.904692e+00, 1.524132e+00, 1.391539e+00, 2.851445e+00, -2.458645e+00
2.904692e+00, 1.524132e+00, 1.391539e+00, 2.851445e+00, -2.458645e+00
-3.182080e+00, -3.052622e+00, -1.757815e+00, -6.172372e-01, -7.952679e+00
3.174260e+00, 8.863291e-01, 2.870632e+00, 1.491889e+00, -7.237303e-01
3.174260e+00, 8.863291e-01, 2.870632e+00, 1.491889e+00, -7.237303e-01
3.174260e+00, 8.863291e-01, 2.870632e+00, 1.491889e+00, -7.237303e-01
3.174260e+00, 8.863291e-01, 2.870632e+00, 1.491889e+00, -7.237304e-01
3.174260e+00, 8.863291e-01, 2.870632e+00, 1.491889e+00, -7.237303e-01
3.174260e+00, 8.863291e-01, 2.870632e+00, 1.491889e+00, -7.237304e-01
3.174260e+00, 8.863291e-01, 2.870632e+00, 1.491889e+00, -7.237303e-01
3.174260e+00, 8.863291e-01, 2.870632e+00, 1.491889e+00, -7.237304e-01
-7.475978e-01, 2.914257e+00, 1.167749e+00, 5.330470e-02, -9.151290e+00
-7.475978e-01, 2.914257e+00, 1.167749e+00, 5.330470e-02, -9.151290e+00
-7.475978e-01, 2.914257e+00, 1.167749e+00, 5.330470e-02, -9.151290e+00
-7.475978e-01, 2.914257e+00, 1.167749e+00, 5.330470e-02, -9.151290e+00
-7.475978e-01, 2.914257e+00, 1.167749e+00, 5.330470e-02, -9.151290e+00
-7.475978e-01, 2.914257e+00, 1.167749e+00, 5.330470e-02, -9.151290e+00
-7.475978e-01, 2.914257e+00, 1.167749e+00, 5.330471e-02, -9.151290e+00
-7.475978e-01, 2.914257e+00, 1.167749e+00, 5.330469e-02, -9.151290e+00
3.240736e+00, -2.104170e+00, -2.798211e+00, 7.048738e-01, -4.990412e+00
-1.478334e+00, 2.808716e+00, -1.745623e+00, 3.007771e+00, -3.048059e+00
-1.478334e+00, 2.808716e+00, -1.745623e+00, 3.007771e+00, -3.048059e+00
-1.478334e+00, 2.808716e+00, -1.745623e+00, 3.007771e+00, -3.048059e+00
-1.478334e+00, 2.808716e+00, -1.745623e+00, 3.007771e+00, -3.048059e+00
-1.478334e+00, 2.808716e+00, -1.745623e+00, 3.007771e+00, -3.048059e+00
-1.478334e+00, 2.808716e+00, -1.745623e+00, 3.007771e+00, -3.048059e+00
-1.478334e+00, 2.808716e+00, -1.745623e+00, 3.007771e+00, -3.048059e+00
-1.478334e+00, 2.808716e+00, -1.745623e+00, 3.007771e+00, -3.048059e+00
2.722601e+00, 6.968247e-01, 2.192343e+00, 1.896360e+00, -2.133397e+00
2.722601e+00, 6.968247e-01, 2.192343e+00, 1.896360e+00, -2.133397e+00
2.722601e+00, 6.968247e-01, 2.192343e+00, 1.896360e+00, -2.133397e+00
2.722601e+00, 6.968247e-01, 2.192343e+00, 1.896360e+00, -2.133397e+00
2.722601e+00, 6.968247e-01, 2.192343e+00, 1.896360e+00, -2.133397e+00
2.722601e+00, 6.968247e-01, 2.192343e+00, 1.896360e+00, -2.133397e+00
2.722601e+00, 6.968247e-01, 2.192343e+00, 1.896360e+00, -2.133397e+00
2.722601e+00, 6.968247e-01, 2.192343e+00, 1.896360e+00, -2.133397e+00
4.157338e+00, -1.401308e+00, -4.049216e+00, -3.208667e+00, -1.498058e+00
3.024484e+00, -1.038656e+00, -3.222704e+00, -2.722258e+00, -1.789446e+00
1.083244e+00, 5.100426e-02, -1.513863e+00, 5.693145e-01, -1.319264e+01
1.083244e+00, 5.100426e-02, -1.513863e+00, 5.693145e-01, -1.319264e+01
1.083244e+00, 5.100427e-02, -1.513863e+00, 5.693145e-01, -1.319264e+01
1.083244e+00, 5.100425e-02, -1.513863e+00, 5.693145e-01, -1.319264e+01
1.083244e+00, 5.100426e-02, -1.513863e+00, 5.693145e-01, -1.319264e+01
1.083244e+00, 5.100426e-02, -1.513863e+00, 5.693145e-01, -1.319264e+01
1.083244e+00, 5.100426e-02, -1.513863e+00, 5.693145e-01, -1.319264e+01
1.083244e+00, 5.100426e-02, -1.513863e+00, 5.693145e-01, -1.319264e+01
-2.380636e+00, -2.408161e+00, -1.124483e+00, -3.525628e+00, -1.335709e+01
-2.380636e+00, -2.408161e+00, -1.124483e+00, -3.525628e+00, -1.335709e+01
-2.380636e+00, -2.408161e+00, -1.124483e+00, -3.525628e+00, -1.335709e+01
-2.380636e+00, -2.408161e+00, -1.124483e+00, -3.525628e+00, -1.335709e+01
-2.380636e+00, -2.408161e+00, -1.124483e+00, -3.525628e+00, -1.335709e+01
-2.380636e+00, -2.408161e+00, -1.124483e+00, -3.525628e+00, -1.335709e+01
-2.380636e+00, -2.408161e+00, -1.124483e+00, -3.525628e+00, -1.335709e+01
-2.380636e+00, -2.408161e+00, -1.124483e+00, -3.525628e+00, -1.335709e+01
2.211877e-02, -1.820537e+00, 1.341824e-01, 3.008902e+00, -1.230656e+01
2.211875e-02, -1.820537e+00, 1.341824e-01, 3.008902e+00, -1.230656e+01
2.211876e-02, -1.820537e+00, 1.341824e-01, 3.008902e+00, -1.230656e+01
2.211876e-02, -1.820537e+00, 1.341824e-01, 3.008902e+00, -1.230656e+01
2.211876e-02, -1.820537e+00, 1.341824e-01, 3.008902e+00, -1.230656e+01
2.211876e-02, -1.820537e+00, 1.341824e-01, 3.008902e+00, -1.230656e+01
2.211876e-02, -1.820537e+00, 1.341824e-01, 3.008902e+00, -1.230656e+01
2.211876e-02, -1.820537e+00, 1.341824e-01, 3.008902e+00, -1.230656e+01
2.974069e+00, 1.753306e+00, 3.649505e+00, -1.965275e+00, -7.271489e-02
-2.952010e+00, -9.482996e-02, 1.963757e+00, -2.252796e+00, -9.641254e+00
3.971373e+00, -2.242930e+00, -2.093658e+00, -2.102890e+00, -5.412804e+00
3.971373e+00, -2.242930e+00, -2.093658e+00, -2.102890e+00, -5.412804e+00
3.971373e+00, -2.242930e+00, -2.093658e+00, -2.102890e+00, -5.412804e+00
3.971373e+00, -2.242930e+00, -2.093658e+00, -2.102890e+00, -5.412804e+00
3.971373e+00, -2.242930e+00, -2.093658e+00, -2.102890e+00, -5.412804e+00
3.971373e+00, -2.242930e+00, -2.093658e+00, -2.102890e+00, -5.412804e+00
3.971373e+00, -2.242930e+00, -2.093658e+00, -2.102890e+00, -5.412804e+00
3.971373e+00, -2.242930e+00, -2.093658e+00, -2.102890e+00, -5.412804e+00
3.203045e+00, -9.069246e-01, -1.415683e+00, -2.046868e+00, -7.568097e+00
2.413347e+00, 2.351550e+00, 2.736811e+00, 2.192293e+00, -5.448219e-01
2.590073e+00, 2.319095e+00, -3.110473e+00, -1.853761e+00, -2.973757e+00
-1.917993e+00, 3.375691e+00, 1.511276e+00, -1.349564e+00, -6.823558e+00
-1.917993e+00, 3.375691e+00, 1.511276e+00, -1.349564e+00, -6.823558e+00
-1.917993e+00, 3.375691e+00, 1.511276e+00, -1.349564e+00, -6.823558e+00
-1.917993e+00, 3.375691e+00, 1.511276e+00, -1.349564e+00, -6.823558e+00
-1.917993e+00, 3.375691e+00, 1.511276e+00, -1.349564e+00, -6.823558e+00
-1.917993e+00, 3.375691e+00, 1.511276e+00, -1.349564e+00, -6.823558e+00
-1.917993e+00, 3.375691e+00, 1.511276e+00, -1.349564e+00, -6.823558e+00
-1.917993e+00, 3.375691e+00, 1.511276e+00, -1.349564e+00, -6.823558e+00
-2.419956e+00, 2.606172e+00, 8.426049e-01, 6.928948e-01, -6.884074e+00
-2.419956e+00, 2.606172e+00, 8.426049e-01, 6.928948e-01, -6.884074e+00
-2.419956e+00, 2.606172e+00, 8.426049e-01, 6.928948e-01, -6.884074e+00
-2.419956e+00, 2.606172e+00, 8.426049e-01, 6.928948e-01, -6.884074e+00
-2.419956e+00, 2.606172e+00, 8.426049e-01, 6.928948e-01, -6.884074e+00
-2.419956e+00, 2.606172e+00, 8.426049e-01, 6.928948e-01, -6.884074e+00
-2.419956e+00, 2.606172e+00, 8.426049e-01, 6.928948e-01, -6.884074e+00
-2.419956e+00, 2.606172e+00, 8.426049e-01, 6.928948e-01, -6.884074e+00
2.879295e+00, 1.515763e+00, -2.900343e+00, 1.966853e+00, -2.075908e+00
-2.014397e-01, -1.745030e+00, 3.268666e+00, -5.334015e-01, -9.563987e+00
-2.014397e-01, -1.745030e+00, 3.268666e+00, -5.334015e-01, -9.563987e+00
-2.014397e-01, -1.745030e+00, 3.268666e+00, -5.334015e-01, -9.563987e+00
-2.014397e-01, -1.745030e+00, 3.268666e+00, -5.334015e-01, -9.563987e+00
-2.014397e-01, -1.745030e+00, 3.268666e+00, -5.334015e-01, -9.563987e+00
-2.014397e-01, -1.745030e+00, 3.268666e+00, -5.334015e-01, -9.563987e+00
-2.014397e-01, -1.745030e+00, 3.268666e+00, -5.334015e-01, -9.563987e+00
-2.014397e-01, -1.745030e+00, 3.268666e+00, -5.334015e-01, -9.563987e+00
-2.846593e+00, 1.514552e+00, -5.965100e-01, 1.948939e+00, -7.449383e+00
-2.846593e+00, 1.514552e+00, -5.965100e-01, 1.948939e+00, -7.449383e+00
-2.846593e+00, 1.514552e+00, -5.965100e-01, 1.948939e+00, -7.449383e+00
-2.846593e+00, 1.514552e+00, -5.965100e-01, 1.948939e+00, -7.449383e+00
-2.846593e+00, 1.514552e+00, -5.965100e-01, 1.948939e+00, -7.449383e+00
-2.846593e+00, 1.514552e+00, -5.965100e-01, 1.948939e+00, -7.449383e+00
-2.846593e+00, 1.514552e+00, -5.965100e-01, 1.948939e+00, -7.449383e+00
-2.846593e+00, 1.514552e+00, -5.965100e-01, 1.948939e+00, -7.449383e+00
-3.615496e+00, -3.209242e+00, -3.558886e+00, -2.904103e+00, -3.721713e-01
6.000000e+00, -3.819580e+00, 6.000000e+00, -2.896384e+00, -5.882221e+01
-3.521618e+00, -3.110661e+00, -1.830477e+00, 3.034513e-01, -6.697838e+00
3.214316e+00, 9.524135e-01, 3.031468e+00, 1.962821e+00, -4.201903e-01
-6.000000e+00, -5.160811e+00, 5.976455e+00, -6.621108e-01, -5.792539e+01
3.718999e+00, 2.285166e+00, -4.134392e+00, -1.688975e+00, -5.896336e+00
-6.000000e+00, -6.000000e+00, -1.564479e+00, -2.644346e+00, -5.089191e+01
2.929999e+00, 1.689973e+00, 2.152838e+00, 3.008067e+00, -1.546076e+00
-3.182080e+00, -3.052622e+00, -1.757815e+00, -6.172372e-01, -7.952679e+00
-3.182080e+00, -3.052622e+00, -1.757815e+00, -6.172372e-01, -7.952679e+00
-3.182080e+00, -3.052622e+00, -1.757815e+00, -6.172372e-01, -7.952679e+00
-3.182080e+00, -3.052622e+00, -1.757815e+00, -6.172372e-01, -7.952679e+00
-3.182080e+00, -3.052622e+00, -1.757815e+00, -6.172372e-01, -7.952679e+00
-3.182080e+00, -3.052622e+00, -1.757815e+00, -6.172372e-01, -7.952679e+00
-3.182080e+00, -3.052622e+00, -1.757815e+00, -6.172372e-01, -7.952679e+00
-3.182080e+00, -3.052622e+00, -1.757815e+00, -6.172373e-01, -7.952679e+00
3.178420e+00, 1.016624e+00, 3.177013e+00, 1.803867e+00, -4.458169e-01
-1.002193e+00, 2.970268e+00, 1.731207e+00, 1.474675e-01, -6.963400e+00
3.240736e+00, -2.104170e+00, -2.798211e+00, 7.048738e-01, -4.990412e+00
3.240736e+00, -2.104170e+00, -2.798211e+00, 7.048738e-01, -4.990412e+00
3.240736e+00, -2.104170e+00, -2.798211e+00, 7.048738e-01, -4.990412e+00
3.240736e+00, -2.104170e+00, -2.798211e+00, 7.048738e-01, -4.990412e+00
3.240736e+00, -2.104170e+00, -2.798211e+00, 7.048738e-01, -4.990412e+00
3.240736e+00, -2.104170e+00, -2.798211e+00, 7.048738e-01, -4.990412e+00
3.240736e+00, -2.104170e+00, -2.798211e+00, 7.048738e-01, -4.990412e+00
3.240736e+00, -2.104170e+00, -2.798211e+00, 7.048738e-01, -4.990412e+00
-4.304374e+00, 5.296971e+00, -5.131791e+00, 3.083827e+00, -3.956443e+01
3.073310e+00, 8.358929e-01, 2.565683e+00, 2.090860e+00, -8.176347e-01
4.157338e+00, -1.401308e+00, -4.049216e+00, -3.208667e+00, -1.498058e+00
4.157338e+00, -1.401308e+00, -4.049216e+00, -3.208667e+00, -1.498058e+00
4.157338e+00, -1.401308e+00, -4.049216e+00, -3.208667e+00, -1.498058e+00
4.157338e+00, -1.401308e+00, -4.049216e+00, -3.208667e+00, -1.498058e+00
4.157338e+00, -1.401308e+00, -4.049216e+00, -3.208667e+00, -1.498058e+00
4.157338e+00, -1.401308e+00, -4.049216e+00, -3.208667e+00, -1.498058e+00
4.157338e+00, -1.401308e+00, -4.049216e+00, -3.208667e+00, -1.498058e+00
4.157338e+00, -1.401308e+00, -4.049216e+00, -3.208667e+00, -1.498058e+00
3.024484e+00, -1.038656e+00, -3.222704e+00, -2.722258e+00, -1.789446e+00
3.024484e+00, -1.038656e+00, -3.222704e+00, -2.722258e+00, -1.789446e+00
3.024484e+00, -1.038656e+00, -3.222704e+00, -2.722258e+00, -1.789446e+00
3.024484e+00, -1.038656e+00, -3.222704e+00, -2.722258e+00, -1.789446e+00
3.024484e+00, -1.038656e+00, -3.222704e+00, -2.722258e+00, -1.789446e+00
3.024484e+00, -1.038656e+00, -3.222704e+00, -2.722258e+00, -1.789446e+00
3.024484e+00, -1.038656e+00, -3.222704e+00, -2.722258e+00, -1.789446e+00
3.024484e+00, -1.038656e+00, -3.222704e+00, -2.722258e+00, -1.789446e+00
1.491140e+00, 2.395891e-01, -1.834018e+00, 7.644264e-01, -1.089390e+01
-2.703760e+00, -2.569742e+00, -1.634885e+00, -3.081641e+00, -8.984723e+00
1.230744e-01, -1.861493e+00, 1.415379e-01, 2.961004e+00, -1.223086e+01
2.974069e+00, 1.753306e+00, 3.649505e+00, -1.965275e+00, -7.271488e-02
2.974069e+00, 1.753306e+00, 3.649505e+00, -1.965275e+00, -7.271489e-02
2.974069e+00, 1.753306e+00, 3.649505e+00, -1.965275e+00, -7.271488e-02
2.974069e+00, 1.753306e+00, 3.649505e+00, -1.965275e+00, -7.271489e-02
2.974069e+00, 1.753306e+00, 3.649505e+00, -1.965275e+00, -7.271489e-02
2.974069e+00, 1.753306e+00, 3.649505e+00, -1.965275e+00, -7.271488e-02
2.974069e+00, 1.753306e+00, 3.649505e+00, -1.965275e+00, -7.271489e-02
2.974069e+00, 1.753306e+00, 3.649505e+00, -1.965275e+00, -7.271489e-02
-2.952010e+00, -9.482996e-02, 1.963757e+00, -2.252796e+00, -9.641254e+00
-2.952010e+00, -9.482996e-02, 1.963757e+00, -2.252796e+00, -9.641254e+00
-2.952010e+00, -9.482995e-02, 1.963757e+00, -2.252796e+00, -9.641254e+00
-2.952010e+00, -9.482997e-02, 1.963757e+00, -2.252796e+00, -9.641254e+00
-2.952010e+00, -9.482996e-02, 1.963757e+00, -2.252796e+00, -9.641254e+00
-2.952010e+00, -9.482996e-02, 1.963757e+00, -2.252796e+00, -9.641254e+00
-2.952010e+00, -9.482996e-02, 1.963757e+00, -2.252796e+00, -9.641254e+00
-2.952010e+00, -9.482996e-02, 1.963757e+00, -2.252796e+00, -9.641254e+00
2.914980e+00, -2.067020e+00, -2.630092e+00, -2.408691e+00, -3.885611e+00
3.203045e+00, -9.069246e-01, -1.415683e+00, -2.046868e+00, -7.568097e+00
3.203045e+00, -9.069246e-01, -1.415683e+00, -2.046868e+00, -7.568097e+00
3.203045e+00, -9.069246e-01, -1.415683e+00, -2.046868e+00, -7.568097e+00
3.203045e+00, -9.069246e-01, -1.415683e+00, -2.046868e+00, -7.568097e+00
3.203045e+00, -9.069246e-01, -1.415683e+00, -2.046868e+00, -7.568097e+00
3.203045e+00, -9.069246e-01, -1.415683e+00, -2.046868e+00, -7.568097e+00
3.203045e+00, -9.069246e-01, -1.415683e+00, -2.046868e+00, -7.568097e+00
3.203045e+00, -9.069246e-01, -1.415683e+00, -2.046868e+00, -7.568097e+00
2.413347e+00, 2.351550e+00, 2.736811e+00, 2.192293e+00, -5.448219e-01
2.413347e+00, 2.351550e+00, 2.736811e+00, 2.192293e+00, -5.448219e-01
2.413347e+00, 2.351550e+00, 2.736811e+00, 2.192293e+00, -5.448219e-01
2.413347e+00, 2.351550e+00, 2.736811e+00, 2.192293e+00, -5.448219e-01
2.413347e+00, 2.351550e+00, 2.736811e+00, 2.192293e+00, -5.448219e-01
2.413347e+00, 2.351550e+00, 2.736811e+00, 2.192293e+00, -5.448219e-01
2.413347e+00, 2.351550e+00, 2.736811e+00, 2.192293e+00, -5.448219e-01
2.413347e+00, 2.351550e+00, 2.736811e+00, 2.192293e+00, -5.448219e-01
2.590073e+00, 2.319095e+00, -3.110473e+00, -1.853761e+00, -2.973757e+00
2.590073e+00, 2.319095e+00, -3.110473e+00, -1.853761e+00, -2.973757e+00
2.590073e+00, 2.319095e+00, -3.110473e+00, -1.853761e+00, -2.973757e+00
2.590073e+00, 2.319095e+00, -3.110473e+00, -1.853761e+00, -2.973757e+00
2.590073e+00, 2.319095e+00, -3.110473e+00, -1.853761e+00, -2.973757e+00
2.590073e+00, 2.319095e+00, -3.110473e+00, -1.853761e+00, -2.973757e+00
2.590073e+00, 2.319095e+00, -3.110473e+00, -1.853761e+00, -2.973757e+00
2.590073e+00, 2.319095e+00, -3.110473e+00, -1.853761e+00, -2.973757e+00
-2.110682e+00, 2.920090e+00, 2.018082e+00, -1.399408e+00, -4.597886e+00
-2.443122e+00, 2.828540e+00, 1.193464e+00, 1.005427e+00, -5.168958e+00
2.879295e+00, 1.515763e+00, -2.900343e+00, 1.966853e+00, -2.075908e+00
2.879295e+00, 1.515763e+00, -2.900343e+00, 1.966853e+00, -2.075908e+00
2.879295e+00, 1.515763e+00, -2.900343e+00, 1.966853e+00, -2.075908e+00
2.879295e+00, 1.515763e+00, -2.900343e+00, 1.966853e+00, -2.075908e+00
2.879295e+00, 1.515763e+00, -2.900343e+00, 1.966853e+00, -2.075908e+00
2.879295e+00, 1.515763e+00, -2.900343e+00, 1.966853e+00, -2.075908e+00
2.879295e+00, 1.515763e+00, -2.900343e+00, 1.966853e+00, -2.075908e+00
2.879295e+00, 1.515763e+00, -2.900343e+00, 1.966853e+00, -2.075908e+00
-2.132510e-01, -1.748400e+00, 3.412935e+00, -5.786123e-01, -9.461081e+00
-2.853464e+00, 2.038711e+00, -7.952411e-01, 2.471381e+00, -4.916294e+00
-3.615496e+00, -3.209242e+00, -3.558886e+00, -2.904103e+00, -3.721713e-01
-3.615496e+00, -3.209242e+00, -3.558886e+00, -2.904103e+00, -3.721713e-01
-3.615496e+00, -3.209241e+00, -3.558886e+00, -2.904103e+00, -3.721713e-01
-3.615496e+00, -3.209242e+00, -3.558886e+00, -2.904103e+00, -3.721713e-01
-3.615496e+00, -3.209242e+00, -3.558886e+00, -2.904103e+00, -3.721713e-01
-3.615496e+00, -3.209242e+00, -3.558886e+00, -2.904103e+00, -3.721713e-01
-3.615496e+00, -3.209242e+00, -3.558886e+00, -2.904103e+00, -3.721713e-01
-3.615496e+00, -3.209242e+00, -3.558886e+00, -2.904103e+00, -3.721713e-01
5.271387e+00, -1.047008e+00, 6.000000e+00, -2.358568e+00, -3.908088e+01
-3.521618e+00, -3.110661e+00, -1.830477e+00, 3.034513e-01, -6.697838e+00
-3.521618e+00, -3.110661e+00, -1.830477e+00, 3.034513e-01, -6.697838e+00
-3.521618e+00, -3.110661e+00, -1.830477e+00, 3.034513e-01, -6.697838e+00
-3.521618e+00, -3.110661e+00, -1.830477e+00, 3.034513e-01, -6.697838e+00
-3.521618e+00, -3.110661e+00, -1.830477e+00, 3.034513e-01, -6.697838e+00
-3.521618e+00, -3.110661e+00, -1.830477e+00, 3.034513e-01, -6.697838e+00
-3.521618e+00, -3.110661e+00, -1.830477e+00, 3.034513e-01, -6.697838e+00
-3.521618e+00, -3.110661e+00, -1.830477e+00, 3.034513e-01, -6.697838e+00
3.214316e+00, 9.524135e-01, 3.031468e+00, 1.962821e+00, -4.201903e-01
3.214316e+00, 9.524135e-01, 3.031468e+00, 1.962821e+00, -4.201903e-01
3.214316e+00, 9.524135e-01, 3.031468e+00, 1.962821e+00, -4.201903e-01
3.214316e+00, 9.524135e-01, 3.031468e+00, 1.962821e+00, -4.201903e-01
3.214316e+00, 9.524135e-01, 3.031468e+00, 1.962821e+00, -4.201903e-01
3.214316e+00, 9.524135e-01, 3.031468e+00, 1.962821e+00, -4.201903e-01
3.214316e+00, 9.524135e-01, 3.031468e+00, 1.962821e+00, -4.201903e-01
3.214316e+00, 9.524135e-01, 3.031468e+00, 1.962821e+00, -4.201903e-01
-4.964222e+00, -3.786671e+00, 4.571420e+00, -4.901632e-01, -9.804494e+00
3.718999e+00, 2.285166e+00, -4.134392e+00, -1.688975e+00, -5.896336e+00
3.718999e+00, 2.285166e+00, -4.134392e+00, -1.688975e+00, -5.896336e+00
3.718999e+00, 2.285166e+00, -4.134392e+00, -1.688975e+00, -5.896336e+00
3.718999e+00, 2.285166e+00, -4.134392e+00, -1.688975e+00, -5.896336e+00
3.718999e+00, 2.285166e+00, -4.134392e+00, -1.688975e+00, -5.896336e+00
3.718999e+00, 2.285166e+00, -4.134392e+00, -1.688975e+00, -5.896336e+00
3.718999e+00, 2.285166e+00, -4.134392e+00, -1.688975e+00, -5.896336e+00
3.718999e+00, 2.285166e+00, -4.134392e+00, -1.688975e+00, -5.896336e+00
-7.840916e+00, -9.250617e+00, -1.564479e+00, -2.644346e+00, -3.415427e+02
-7.840916e+00, -9.250617e+00, -1.564479e+00, -2.644346e+00, -3.415427e+02
-7.840916e+00, -9.250617e+00, -1.564479e+00, -2.644346e+00, -3.415427e+02
-7.840916e+00, -9.250617e+00, -1.564479e+00, -2.644346e+00, -3.415427e+02
-7.840916e+00, -9.250617e+00, -1.564479e+00, -2.644346e+00, -3.415427e+02
-7.840916e+00, -9.250617e+00, -1.564479e+00, -2.644346e+00, -3.415427e+02
-7.840916e+00, -9.250617e+00, -1.564479e+00, -2.644346e+00, -3.415427e+02
-7.840916e+00, -9.250617e+00, -1.564479e+00, -2.644346e+00, -3.415427e+02
2.929999e+00, 1.689973e+00, 2.152838e+00, 3.008067e+00, -1.546076e+00
2.929999e+00, 1.689973e+00, 2.152838e+00, 3.008067e+00, -1.546076e+00
2.929999e+00, 1.689973e+00, 2.152838e+00, 3.008067e+00, -1.546076e+00
2.929999e+00, 1.689973e+00, 2.152838e+00, 3.008067e+00, -1.546076e+00
2.929999e+00, 1.689973e+00, 2.152838e+00, 3.008067e+00, -1.546076e+00
2.929999e+00, 1.689973e+00, 2.152838e+00, 3.008067e+00, -1.546076e+00
2.929999e+00, 1.689973e+00, 2.152838e+00, 3.008067e+00, -1.546076e+00
2.929999e+00, 1.689973e+00, 2.152838e+00, 3.008067e+00, -1.546076e+00
-3.336392e+00, -3.156211e+00, -2.322810e+00, -6.553756e-01, -6.378331e+00
3.178420e+00, 1.016624e+00, 3.177013e+00, 1.803867e+00, -4.458169e-01
3.178420e+00, 1.016624e+00, 3.177013e+00, 1.803867e+00, -4.458169e-01
3.178420e+00, 1.016624e+00, 3.177013e+00, 1.803867e+00, -4.458169e-01
3.178420e+00, 1.016624e+00, 3.177013e+00, 1.803867e+00, -4.458169e-01
3.178420e+00, 1.016624e+00, 3.177013e+00, 1.803867e+00, -4.458169e-01
3.178420e+00, 1.016624e+00, 3.177013e+00, 1.803867e+00, -4.458169e-01
3.178420e+00, 1.016624e+00, 3.177013e+00, 1.803867e+00, -4.458169e-01
3.178420e+00, 1.016624e+00, 3.177013e+00, 1.803867e+00, -4.458169e-01
-1.002193e+00, 2.970268e+00, 1.731207e+00, 1.474675e-01, -6.963400e+00
-1.002193e+00, 2.970268e+00, 1.731207e+00, 1.474675e-01, -6.963400e+00
-1.002193e+00, 2.970268e+00, 1.731207e+00, 1.474675e-01, -6.963400e+00
-1.002193e+00, 2.970268e+00, 1.731207e+00, 1.474675e-01, -6.963400e+00
-1.002193e+00, 2.970268e+00, 1.731207e+00, 1.474675e-01, -6.963400e+00
-1.002193e+00, 2.970268e+00, 1.731207e+00, 1.474675e-01, -6.963400e+00
-1.002193e+00, 2.970268e+00, 1.731207e+00, 1.474675e-01, -6.963400e+00
-1.002193e+00, 2.970268e+00, 1.731207e+00, 1.474674e-01, -6.963400e+00
4.149370e+00, -1.772930e+00, -3.058787e+00, 1.834903e+00, -3.232805e+00
-2.891354e+00, 4.052844e+00, -3.438707e+00, 3.045799e+00, -3.051108e+00
3.073310e+00, 8.358929e-01, 2.565683e+00, 2.090860e+00, -8.176347e-01
3.073310e+00, 8.358929e-01, 2.565683e+00, 2.090860e+00, -8.176347e-01
3.073310e+00, 8.358929e-01, 2.565683e+00, 2.090860e+00, -8.176347e-01
3.073310e+00, 8.358929e-01, 2.565683e+00, 2.090860e+00, -8.176347e-01
3.073310e+00, 8.358929e-01, 2.565683e+00, 2.090860e+00, -8.176347e-01
3.073310e+00, 8.358929e-01, 2.565683e+00, 2.090860e+00, -8.176347e-01
3.073310e+00, 8.358929e-01, 2.565683e+00, 2.090860e+00, -8.176347e-01
3.073310e+00, 8.358929e-01, 2.565683e+00, 2.090860e+00, -8.176347e-01
3.535984e+00, -1.547616e+00, -3.744332e+00, -3.414421e+00, -1.067678e-01
4.207922e+00, -1.435212e+00, -4.563387e+00, -4.049778e+00, -4.253544e+00
1.491140e+00, 2.395891e-01, -1.834018e+00, 7.644264e-01, -1.089390e+01
1.491140e+00, 2.395891e-01, -1.834018e+00, 7.644264e-01, -1.089390e+01
1.491140e+00, 2.395891e-01, -1.834018e+00, 7.644264e-01, -1.089390e+01
1.491140e+00, 2.395891e-01, -1.834018e+00, 7.644264e-01, -1.089390e+01
1.491140e+00, 2.395891e-01, -1.834018e+00, 7.644264e-01, -1.089390e+01
1.491140e+00, 2.395891e-01, -1.834018e+00, 7.644264e-01, -1.089390e+01
1.491140e+00, 2.395891e-01, -1.834018e+00, 7.644264e-01, -1.089390e+01
1.491140e+00, 2.395891e-01, -1.834018e+00, 7.644264e-01, -1.089390e+01
-2.703760e+00, -2.569742e+00, -1.634885e+00, -3.081641e+00, -8.984723e+00
-2.703760e+00, -2.569742e+00, -1.634885e+00, -3.081641e+00, -8.984723e+00
-2.703760e+00, -2.569742e+00, -1.634885e+00, -3.081641e+00, -8.984723e+00
-2.703760e+00, -2.569742e+00, -1.634885e+00, -3.081641e+00, -8.984723e+00
-2.703760e+00, -2.569742e+00, -1.634885e+00, -3.081641e+00, -8.984724e+00
-2.703760e+00, -2.569742e+00, -1.634885e+00, -3.081641e+00, -8.984723e+00
-2.703760e+00, -2.569742e+00, -1.634885e+00, -3.081641e+00, -8.984723e+00
-2.703760e+00, -2.569742e+00, -1.634885e+00, -3.081641e+00, -8.984723e+00
1.230744e-01, -1.861493e+00, 1.415379e-01, 2.961004e+00, -1.223086e+01
1.230743e-01, -1.861493e+00, 1.415379e-01, 2.961004e+00, -1.223086e+01
1.230744e-01, -1.861493e+00, 1.415379e-01, 2.961004e+00, -1.223086e+01
1.230744e-01, -1.861493e+00, 1.415379e-01, 2.961004e+00, -1.223086e+01
1.230744e-01, -1.861493e+00, 1.415379e-01, 2.961004e+00, -1.223086e+01
1.230744e-01, -1.861493e+00, 1.415379e-01, 2.961004e+00, -1.223086e+01
1.230744e-01, -1.861493e+00, 1.415379e-01, 2.961004e+00, -1.223086e+01
1.230744e-01, -1.861493e+00, 1.415379e-01, 2.961004e+00, -1.223086e+01
3.031570e+00, 1.826744e+00, 3.595973e+00, -1.933655e+00, -2.556187e-02
-6.000000e+00, 3.682651e+00, 6.000000e+00, 6.000000e+00, -1.504505e+02
2.914980e+00, -2.067020e+00, -2.630092e+00, -2.408691e+00, -3.885611e+00
2.914980e+00, -2.067020e+00, -2.630092e+00, -2.408691e+00, -3.885611e+00
2.914980e+00, -2.067020e+00, -2.630092e+00, -2.408691e+00, -3.885611e+00
2.914980e+00, -2.067020e+00, -2.630092e+00, -2.408691e+00, -3.885611e+00
2.914980e+00, -2.067020e+00, -2.630092e+00, -2.408691e+00, -3.885611e+00
2.914980e+00, -2.067020e+00, -2.630092e+00, -2.408691e+00, -3.885611e+00
2.914980e+00, -2.067020e+00, -2.630092e+00, -2.408691e+00, -3.885611e+00
2.914980e+00, -2.067020e+00, -2.630092e+00, -2.408691e+00, -3.885611e+00
3.225940e+00, -1.002381e+00, -1.904368e+00, -2.160793e+00, -5.952691e+00
2.808343e+00, 2.338783e+00, 2.795575e+00, 2.115250e+00, -1.725166e-01
5.227150e+00, 2.441985e+00, -4.934183e+00, -5.499576e+00, -3.832777e+01
-2.110682e+00, 2.920090e+00, 2.018082e+00, -1.399408e+00, -4.597887e+00
-2.110682e+00, 2.920090e+00, 2.018082e+00, -1.399408e+00, -4.597886e+00
-2.110682e+00, 2.920090e+00, 2.018082e+00, -1.399408e+00, -4.597886e+00
-2.110682e+00, 2.920090e+00, 2.018082e+00, -1.399408e+00, -4.597887e+00
-2.110682e+00, 2.920090e+00, 2.018082e+00, -1.399408e+00, -4.597886e+00
-2.110682e+00, 2.920090e+00, 2.018082e+00, -1.399408e+00, -4.597887e+00
-2.110682e+00, 2.920090e+00, 2.018082e+00, -1.399408e+00, -4.597886e+00
-2.110682e+00, 2.920090e+00, 2.018082e+00, -1.399408e+00, -4.597886e+00
-2.443122e+00, 2.828540e+00, 1.193464e+00, 1.005427e+00, -5.168958e+00
-2.443122e+00, 2.828540e+00, 1.193464e+00, 1.005427e+00, -5.168958e+00
-2.443122e+00, 2.828540e+00, 1.193464e+00, 1.005427e+00, -5.168958e+00
-2.443122e+00, 2.828540e+00, 1.193464e+00, 1.005427e+00, -5.168958e+00
-2.443122e+00, 2.828540e+00, 1.193464e+00, 1.005427e+00, -5.168958e+00
-2.443122e+00, 2.828540e+00, 1.193464e+00, 1.005427e+00, -5.168958e+00
-2.443122e+00, 2.828540e+00, 1.193464e+00, 1.005427e+00, -5.168958e+00
-2.443122e+00, 2.828540e+00, 1.193464e+00, 1.005427e+00, -5.168958e+00
6.000000e+00, 1.701310e+00, -2.813339e+00, 6.000000e+00, -7.053933e+01
-2.132510e-01, -1.748400e+00, 3.412935e+00, -5.786123e-01, -9.461081e+00
-2.132510e-01, -1.748400e+00, 3.412935e+00, -5.786123e-01, -9.461081e+00
-2.132510e-01, -1.748400e+00, 3.412935e+00, -5.786123e-01, -9.461081e+00
-2.132510e-01, -1.748400e+00, 3.412935e+00, -5.786123e-01, -9.461081e+00
-2.132510e-01, -1.748400e+00, 3.412935e+00, -5.786123e-01, -9.461081e+00
-2.132510e-01, -1.748400e+00, 3.412935e+00, -5.786123e-01, -9.461081e+00
-2.132510e-01, -1.748400e+00, 3.412935e+00, -5.786123e-01, -9.461081e+00
-2.132510e-01, -1.748400e+00, 3.412935e+00, -5.786123e-01, -9.461081e+00
-2.853464e+00, 2.038711e+00, -7.952411e-01, 2.471381e+00, -4.916294e+00
-2.853464e+00, 2.038711e+00, -7.952411e-01, 2.471381e+00, -4.916294e+00
-2.853464e+00, 2.038711e+00, -7.952411e-01, 2.471381e+00, -4.916294e+00
-2.853464e+00, 2.038711e+00, -7.952411e-01, 2.471381e+00, -4.916294e+00
-2.853464e+00, 2.038711e+00, -7.952411e-01, 2.471381e+00, -4.916294e+00
-2.853464e+00, 2.038711e+00, -7.952412e-01, 2.471381e+00, -4.916294e+00
-2.853464e+00, 2.038711e+00, -7.952411e-01, 2.471381e+00, -4.916294e+00
-2.853464e+00, 2.038711e+00, -7.952411e-01, 2.471381e+00, -4.916294e+00
-3.790728e+00, -3.238025e+00, -3.697761e+00, -3.339468e+00, -3.804420e-02
3.996506e+00, 3.392780e-01, 4.593725e+00, -2.089661e+00, -5.229942e+00
-4.168145e+00, -3.121350e+00, -2.783343e+00, 7.428660e-01, -5.206440e+00
3.127319e+00, 1.298166e+00, 3.122448e+00, 2.009691e+00, -2.696855e-01
-4.117440e+00, -3.099601e+00, 3.868902e+00, -4.041894e-01, -1.596727e+00
2.919108e+00, 1.973209e+00, -3.459132e+00, -1.962143e+00, -2.248220e+00
-5.982336e+00, -6.000000e+00, -2.114784e+00, -2.437556e+00, -4.866295e+01
2.819923e+00, 2.323397e+00, 4.529937e+00, 2.558565e+00, -8.226197e+00
-3.336392e+00, -3.156211e+00, -2.322810e+00, -6.553756e-01, -6.378331e+00
-3.336392e+00, -3.156211e+00, -2.322810e+00, -6.553756e-01, -6.378331e+00
-3.336392e+00, -3.156211e+00, -2.322810e+00, -6.553756e-01, -6.378331e+00
-3.336392e+00, -3.156211e+00, -2.322810e+00, -6.553756e-01, -6.378331e+00
-3.336392e+00, -3.156211e+00, -2.322810e+00, -6.553756e-01, -6.378331e+00
-3.336392e+00, -3.156211e+00, -2.322810e+00, -6.553756e-01, -6.378331e+00
-3.336392e+00, -3.156211e+00, -2.322810e+00, -6.553756e-01, -6.378331e+00
-3.336392e+00, -3.156211e+00, -2.322810e+00, -6.553756e-01, -6.378331e+00
3.200976e+00, 1.159904e+00, 3.107998e+00, 1.889676e+00, -3.295113e-01
-1.336106e+00, 3.003731e+00, 2.385333e+00, 1.979546e-01, -4.305929e+00
4.149370e+00, -1.772930e+00, -3.058787e+00, 1.834903e+00, -3.232805e+00
4.149370e+00, -1.772930e+00, -3.058787e+00, 1.834903e+00, -3.232805e+00
4.149370e+00, -1.772930e+00, -3.058787e+00, 1.834903e+00, -3.232805e+00
4.149370e+00, -1.772930e+00, -3.058787e+00, 1.834903e+00, -3.232805e+00
4.149370e+00, -1.772930e+00, -3.058787e+00, 1.834903e+00, -3.232805e+00
4.149370e+00, -1.772930e+00, -3.058787e+00, 1.834903e+00, -3.232805e+00
4.149370e+00, -1.772930e+00, -3.058787e+00, 1.834903e+00, -3.232805e+00
4.149370e+00, -1.772930e+00, -3.058787e+00, 1.834903e+00, -3.232805e+00
-2.184844e+00, 3.430780e+00, -2.592165e+00, 3.026785e+00, -8.128956e-01
3.320372e+00, 1.125957e+00, 3.119812e+00, 2.173245e+00, -4.336715e-01
3.535984e+00, -1.547616e+00, -3.744332e+00, -3.414421e+00, -1.067678e-01
3.535984e+00, -1.547616e+00, -3.744332e+00, -3.414421e+00, -1.067678e-01
3.535984e+00, -1.547616e+00, -3.744332e+00, -3.414421e+00, -1.067678e-01
3.535984e+00, -1.547616e+00, -3.744332e+00, -3.414421e+00, -1.067678e-01
3.535984e+00, -1.547616e+00, -3.744332e+00, -3.414421e+00, -1.067678e-01
3.535984e+00, -1.547616e+00, -3.744332e+00, -3.414421e+00, -1.067678e-01
3.535984e+00, -1.547616e+00, -3.744332e+00, -3.414421e+00, -1.067678e-01
3.535984e+00, -1.547616e+00, -3.744332e+00, -3.414421e+00, -1.067678e-01
3.616203e+00, -1.236934e+00, -3.893046e+00, -3.386018e+00, -2.530982e-01
1.951346e+00, 4.430147e-01, -2.167499e+00, 9.863257e-01, -8.225308e+00
-5.197726e+00, -3.925077e+00, -6.000000e+00, -1.167547e+00, -4.299476e+01
3.824878e-01, -1.957829e+00, 1.802664e-01, 3.024142e+00, -1.201971e+01
3.031570e+00, 1.826744e+00, 3.595973e+00, -1.933655e+00, -2.556187e-02
3.031570e+00, 1.826744e+00, 3.595973e+00, -1.933655e+00, -2.556187e-02
3.031570e+00, 1.826744e+00, 3.595973e+00, -1.933655e+00, -2.556187e-02
3.031570e+00, 1.826744e+00, 3.595973e+00, -1.933655e+00, -2.556187e-02
3.031570e+00, 1.826744e+00, 3.595973e+00, -1.933655e+00, -2.556187e-02
3.031570e+00, 1.826744e+00, 3.595973e+00, -1.933655e+00, -2.556187e-02
3.031570e+00, 1.826744e+00, 3.595973e+00, -1.933655e+00, -2.556187e-02
3.031570e+00, 1.826744e+00, 3.595973e+00, -1.933655e+00, -2.556187e-02
-6.000000e+00, 1.793910e+00, 6.000000e+00, 6.000000e+00, -1.499799e+02
3.084206e+00, -1.869314e+00, -3.474849e+00, -2.779015e+00, -1.096259e+00
3.225940e+00, -1.002381e+00, -1.904368e+00, -2.160793e+00, -5.952691e+00
3.225940e+00, -1.002381e+00, -1.904368e+00, -2.160793e+00, -5.952691e+00
3.225940e+00, -1.002381e+00, -1.904368e+00, -2.160793e+00, -5.952691e+00
3.225940e+00, -1.002381e+00, -1.904368e+00, -2.160793e+00, -5.952691e+00
3.225940e+00, -1.002381e+00, -1.904368e+00, -2.160793e+00, -5.952691e+00
3.225940e+00, -1.002381e+00, -1.904368e+00, -2.160793e+00, -5.952691e+00
3.225940e+00, -1.002381e+00, -1.904368e+00, -2.160793e+00, -5.952691e+00
3.225940e+00, -1.002381e+00, -1.904368e+00, -2.160793e+00, -5.952691e+00
2.808343e+00, 2.338783e+00, 2.795575e+00, 2.115250e+00, -1.725165e-01
2.808343e+00, 2.338783e+00, 2.795575e+00, 2.115250e+00, -1.725166e-01
2.808343e+00, 2.338783e+00, 2.795575e+00, 2.115250e+00, -1.725166e-01
2.808343e+00, 2.338783e+00, 2.795575e+00, 2.115250e+00, -1.725165e-01
2.808343e+00, 2.338783e+00, 2.795575e+00, 2.115250e+00, -1.725165e-01
2.808343e+00, 2.338783e+00, 2.795575e+00, 2.115250e+00, -1.725166e-01
2.808343e+00, 2.338783e+00, 2.795575e+00, 2.115250e+00, -1.725166e-01
2.808343e+00, 2.338783e+00, 2.795575e+00, 2.115250e+00, -1.725166e-01
3.908612e+00, 2.380540e+00, -4.022328e+00, -3.676668e+00, -2.972246e+00
-3.540342e+00, 1.540488e+00, 6.000000e+00, -1.530615e+00, -3.143857e+01
-2.465574e+00, 3.019173e+00, 1.568600e+00, 1.324015e+00, -3.466650e+00
4.619763e+00, 1.608536e+00, -2.856841e+00, 6.000000e+00, -4.181616e+01
-2.596518e-01, -1.806097e+00, 3.534917e+00, -7.259265e-01, -9.374011e+00
-2.461123e+00, 6.000000e+00, -4.863535e+00, 6.000000e+00, -8.179845e+01
-3.790728e+00, -3.238025e+00, -3.697761e+00, -3.339468e+00, -3.804420e-02
-3.790728e+00, -3.238025e+00, -3.697761e+00, -3.339468e+00, -3.804420e-02
-3.790728e+00, -3.238025e+00, -3.697761e+00, -3.339468e+00, -3.804420e-02
-3.790728e+00, -3.238025e+00, -3.697761e+00, -3.339468e+00, -3.804420e-02
-3.790728e+00, -3.238025e+00, -3.697761e+00, -3.339468e+00, -3.804421e-02
-3.790728e+00, -3.238025e+00, -3.697761e+00, -3.339468e+00, -3.804420e-02
-3.790728e+00, -3.238025e+00, -3.697761e+00, -3.339468e+00, -3.804420e-02
-3.790728e+00, -3.238025e+00, -3.697761e+00, -3.339468e+00, -3.804420e-02
3.359066e+00, 1.032421e+00, 3.428227e+00, -1.955207e+00, -4.935489e-01
-4.168145e+00, -3.121350e+00, -2.783343e+00, 7.428660e-01, -5.206440e+00
-4.168145e+00, -3.121350e+00, -2.783343e+00, 7.428660e-01, -5.206440e+00
-4.168145e+00, -3.121350e+00, -2.783343e+00, 7.428660e-01, -5.206440e+00
-4.168145e+00, -3.121350e+00, -2.783343e+00, 7.428660e-01, -5.206440e+00
-4.168145e+00, -3.121350e+00, -2.783343e+00, 7.428660e-01, -5.206440e+00
-4.168145e+00, -3.121350e+00, -2.783343e+00, 7.428660e-01, -5.206440e+00
-4.168145e+00, -3.121350e+00, -2.783343e+00, 7.428660e-01, -5.206440e+00
-4.168145e+00, -3.121350e+00, -2.783343e+00, 7.428659e-01, -5.206440e+00
3.127319e+00, 1.298166e+00, 3.122448e+00, 2.009691e+00, -2.696855e-01
3.127319e+00, 1.298166e+00, 3.122448e+00, 2.009691e+00, -2.696855e-01
3.127319e+00, 1.298166e+00, 3.122448e+00, 2.009691e+00, -2.696855e-01
3.127319e+00, 1.298166e+00, 3.122448e+00, 2.009691e+00, -2.696855e-01
3.127319e+00, 1.298166e+00, 3.122448e+00, 2.009691e+00, -2.696855e-01
3.127319e+00, 1.298166e+00, 3.122448e+00, 2.009691e+00, -2.696855e-01
3.127319e+00, 1.298166e+00, 3.122448e+00, 2.009691e+00, -2.696855e-01
3.127319e+00, 1.298166e+00, 3.122448e+00, 2.009691e+00, -2.696855e-01
-4.117440e+00, -3.099601e+00, 3.868902e+00, -4.041894e-01, -1.596727e+00
-4.117440e+00, -3.099601e+00, 3.868902e+00, -4.041894e-01, -1.596727e+00
-4.117440e+00, -3.099601e+00, 3.868902e+00, -4.041894e-01, -1.596727e+00
-4.117440e+00, -3.099601e+00, 3.868902e+00, -4.041894e-01, -1.596727e+00
-4.117440e+00, -3.099601e+00, 3.868902e+00, -4.041894e-01, -1.596727e+00
-4.117440e+00, -3.099601e+00, 3.868902e+00, -4.041894e-01, -1.596727e+00
-4.117440e+00, -3.099601e+00, 3.868902e+00, -4.041894e-01, -1.596727e+00
-4.117440e+00, -3.099601e+00, 3.868902e+00, -4.041895e-01, -1.596727e+00
2.919108e+00, 1.973209e+00, -3.459132e+00, -1.962143e+00, -2.248220e+00
2.919108e+00, 1.973209e+00, -3.459132e+00, -1.962143e+00, -2.248220e+00
2.919108e+00, 1.973209e+00, -3.459132e+00, -1.962143e+00, -2.248220e+00
2.919108e+00, 1.973209e+00, -3.459132e+00, -1.962143e+00, -2.248220e+00
2.919108e+00, 1.973209e+00, -3.459132e+00, -1.962143e+00, -2.248220e+00
2.919108e+00, 1.973209e+00, -3.459132e+00, -1.962143e+00, -2.248220e+00
2.919108e+00, 1.973209e+00, -3.459132e+00, -1.962143e+00, -2.248220e+00
2.919108e+00, 1.973209e+00, -3.459132e+00, -1.962143e+00, -2.248220e+00
-5.982336e+00, -6.747443e+00, -2.114784e+00, -2.437556e+00, -7.375687e+01
-5.982336e+00, -6.747443e+00, -2.114784e+00, -2.437556e+00, -7.375687e+01
-5.982336e+00, -6.747443e+00, -2.114784e+00, -2.437556e+00, -7.375687e+01
-5.982336e+00, -6.747443e+00, -2.114784e+00, -2.437556e+00, -7.375687e+01
-5.982336e+00, -6.747443e+00, -2.114784e+00, -2.437556e+00, -7.375687e+01
-5.982336e+00, -6.747443e+00, -2.114784e+00, -2.437556e+00, -7.375687e+01
-5.982336e+00, -6.747443e+00, -2.114784e+00, -2.437556e+00, -7.375687e+01
-5.982336e+00, -6.747443e+00, -2.114784e+00, -2.437557e+00, -7.375687e+01
2.874961e+00, 2.006685e+00, 3.341388e+00, 2.783316e+00, -1.297250e+00
-5.176323e+00, -3.983672e+00, -6.000000e+00, -2.873383e+00, -3.326107e+01
3.200976e+00, 1.159904e+00, 3.107998e+00, 1.889676e+00, -3.295113e-01
3.200976e+00, 1.159904e+00, 3.107998e+00, 1.889676e+00, -3.295113e-01
3.200976e+00, 1.159904e+00, 3.107998e+00, 1.889676e+00, -3.295112e-01
3.200976e+00, 1.159904e+00, 3.107998e+00, 1.889676e+00, -3.295113e-01
3.200976e+00, 1.159904e+00, 3.107998e+00, 1.889676e+00, -3.295113e-01
3.200976e+00, 1.159904e+00, 3.107998e+00, 1.889676e+00, -3.295113e-01
3.200976e+00, 1.159904e+00, 3.107998e+00, 1.889676e+00, -3.295113e-01
3.200976e+00, 1.159904e+00, 3.107998e+00, 1.889676e+00, -3.295113e-01
-1.336106e+00, 3.003731e+00, 2.385333e+00, 1.979546e-01, -4.305929e+00
-1.336106e+00, 3.003731e+00, 2.385333e+00, 1.979546e-01, -4.305929e+00
-1.336106e+00, 3.003731e+00, 2.385333e+00, 1.979546e-01, -4.305929e+00
-1.336106e+00, 3.003731e+00, 2.385333e+00, 1.979546e-01, -4.305929e+00
-1.336106e+00, 3.003731e+00, 2.385333e+00, 1.979546e-01, -4.305929e+00
-1.336106e+00, 3.003731e+00, 2.385333e+00, 1.979546e-01, -4.305929e+00
-1.336106e+00, 3.003731e+00, 2.385333e+00, 1.979546e-01, -4.305929e+00
-1.336106e+00, 3.003731e+00, 2.385333e+00, 1.979546e-01, -4.305929e+00
4.046953e+00, -1.613359e+00, -3.137996e+00, 2.556252e+00, -1.462435e+00
-2.184844e+00, 3.430780e+00, -2.592165e+00, 3.026785e+00, -8.128956e-01
-2.184844e+00, 3.430780e+00, -2.592165e+00, 3.026785e+00, -8.128956e-01
-2.184844e+00, 3.430780e+00, -2.592165e+00, 3.026785e+00, -8.128956e-01
-2.184844e+00, 3.430780e+00, -2.592165e+00, 3.026785e+00, -8.128956e-01
-2.184844e+00, 3.430780e+00, -2.592165e+00, 3.026785e+00, -8.128956e-01
-2.184844e+00, 3.430780e+00, -2.592165e+00, 3.026785e+00, -8.128956e-01
-2.184844e+00, 3.430780e+00, -2.592165e+00, 3.026785e+00, -8.128956e-01
-2.184844e+00, 3.430780e+00, -2.592165e+00, 3.026785e+00, -8.128956e-01
3.320372e+00, 1.125957e+00, 3.119812e+00, 2.173245e+00, -4.336715e-01
3.320372e+00, 1.125957e+00, 3.119812e+00, 2.173245e+00, -4.336715e-01
3.320372e+00, 1.125957e+00, 3.119812e+00, 2.173245e+00, -4.336715e-01
3.320372e+00, 1.125957e+00, 3.119812e+00, 2.173245e+00, -4.336715e-01
3.320372e+00, 1.125957e+00, 3.119812e+00, 2.173245e+00, -4.336715e-01
3.320372e+00, 1.125957e+00, 3.119812e+00, 2.173245e+00, -4.336715e-01
3.320372e+00, 1.125957e+00, 3.119812e+00, 2.173245e+00, -4.336715e-01
3.320372e+00, 1.125957e+00, 3.119812e+00, 2.173245e+00, -4.336715e-01
3.523417e+00, -1.669320e+00, -3.766696e+00, -3.162586e+00, -5.632320e-02
3.616203e+00, -1.236934e+00, -3.893046e+00, -3.386018e+00, -2.530982e-01
3.616203e+00, -1.236934e+00, -3.893046e+00, -3.386018e+00, -2.530982e-01
3.616203e+00, -1.236934e+00, -3.893046e+00, -3.386018e+00, -2.530982e-01
3.616203e+00, -1.236934e+00, -3.893046e+00, -3.386018e+00, -2.530982e-01
3.616203e+00, -1.236934e+00, -3.893046e+00, -3.386018e+00, -2.530982e-01
3.616203e+00, -1.236934e+00, -3.893046e+00, -3.386018e+00, -2.530982e-01
3.616203e+00, -1.236934e+00, -3.893046e+00, -3.386018e+00, -2.530982e-01
3.616203e+00, -1.236934e+00, -3.893046e+00, -3.386018e+00, -2.530982e-01
1.951346e+00, 4.430147e-01, -2.167499e+00, 9.863257e-01, -8.225308e+00
1.951346e+00, 4.430147e-01, -2.167499e+00, 9.863257e-01, -8.225308e+00
1.951346e+00, 4.430147e-01, -2.167499e+00, 9.863257e-01, -8.225308e+00
1.951346e+00, 4.430147e-01, -2.167499e+00, 9.863257e-01, -8.225308e+00
1.951346e+00, 4.430147e-01, -2.167499e+00, 9.863257e-01, -8.225308e+00
1.951346e+00, 4.430147e-01, -2.167499e+00, 9.863257e-01, -8.225308e+00
1.951346e+00, 4.430147e-01, -2.167499e+00, 9.863257e-01, -8.225308e+00
1.951346e+00, 4.430147e-01, -2.167499e+00, 9.863257e-01, -8.225308e+00
-3.950743e+00, -3.247409e+00, -4.009311e+00, -2.124594e+00, -2.645453e+00
3.824878e-01, -1.957829e+00, 1.802664e-01, 3.024142e+00, -1.201971e+01
3.824878e-01, -1.957829e+00, 1.802664e-01, 3.024142e+00, -1.201971e+01
3.824878e-01, -1.957829e+00, 1.802664e-01, 3.024142e+00, -1.201971e+01
3.824878e-01, -1.957829e+00, 1.802664e-01, 3.024142e+00, -1.201971e+01
3.824878e-01, -1.957829e+00, 1.802664e-01, 3.024142e+00, -1.201971e+01
3.824878e-01, -1.957829e+00, 1.802664e-01, 3.024142e+00, -1.201971e+01
3.824878e-01, -1.957829e+00, 1.802664e-01, 3.024142e+00, -1.201971e+01
3.824878e-01, -1.957829e+00, 1.802664e-01, 3.024142e+00, -1.201971e+01
3.048654e+00, 1.935081e+00, 3.584984e+00, -1.875786e+00, -5.333244e-03
-6.000000e+00, 8.495402e-01, 6.000000e+00, 6.000000e+00, -1.502477e+02
3.084206e+00, -1.869314e+00, -3.474849e+00, -2.779015e+00, -1.096259e+00
3.084206e+00, -1.869314e+00, -3.474849e+00, -2.779015e+00, -1.096259e+00
3.084206e+00, -1.869314e+00, -3.474849e+00, -2.779015e+00, -1.096259e+00
3.084206e+00, -1.869314e+00, -3.474849e+00, -2.779015e+00, -1.096259e+00
3.084206e+00, -1.869314e+00, -3.474849e+00, -2.779015e+00, -1.096259e+00
3.084206e+00, -1.869314e+00, -3.474849e+00, -2.779015e+00, -1.096259e+00
3.084206e+00, -1.869314e+00, -3.474849e+00, -2.779015e+00, -1.096259e+00
3.084206e+00, -1.869314e+00, -3.474849e+00, -2.779015e+00, -1.096259e+00
3.197303e+00, -1.113567e+00, -2.507251e+00, -2.323881e+00, -3.826798e+00
3.040568e+00, 2.108210e+00, 2.944401e+00, 2.041346e+00, -2.280881e-02
3.908612e+00, 2.380540e+00, -4.022328e+00, -3.676668e+00, -2.972246e+00
3.908612e+00, 2.380540e+00, -4.022328e+00, -3.676668e+00, -2.972246e+00
3.908612e+00, 2.380540e+00, -4.022328e+00, -3.676668e+00, -2.972246e+00
3.908612e+00, 2.380540e+00, -4.022328e+00, -3.676668e+00, -2.972246e+00
3.908612e+00, 2.380540e+00, -4.022328e+00, -3.676668e+00, -2.972246e+00
3.908612e+00, 2.380540e+00, -4.022328e+00, -3.676668e+00, -2.972246e+00
3.908612e+00, 2.380540e+00, -4.022328e+00, -3.676668e+00, -2.972246e+00
3.908612e+00, 2.380540e+00, -4.022328e+00, -3.676668e+00, -2.972246e+00
-2.825512e+00, 2.230289e+00, 4.621901e+00, -1.465012e+00, -5.168155e+00
-2.465574e+00, 3.019173e+00, 1.568600e+00, 1.324015e+00, -3.466650e+00
-2.465574e+00, 3.019173e+00, 1.568600e+00, 1.324015e+00, -3.466650e+00
-2.465574e+00, 3.019173e+00, 1.568600e+00, 1.324015e+00, -3.466650e+00
-2.465574e+00, 3.019173e+00, 1.568600e+00, 1.324015e+00, -3.466650e+00
-2.465574e+00, 3.019173e+00, 1.568600e+00, 1.324015e+00, -3.466650e+00
-2.465574e+00, 3.019173e+00, 1.568600e+00, 1.324015e+00, -3.466650e+00
-2.465574e+00, 3.019173e+00, 1.568600e+00, 1.324015e+00, -3.466650e+00
-2.465574e+00, 3.019173e+00, 1.568600e+00, 1.324015e+00, -3.466650e+00
3.749529e+00, 1.562150e+00, -2.878592e+00, 4.763951e+00, -9.524040e+00
-2.596517e-01, -1.806097e+00, 3.534917e+00, -7.259265e-01, -9.374011e+00
-2.596518e-01, -1.806097e+00, 3.534917e+00, -7.259265e-01, -9.374011e+00
-2.596518e-01, -1.806097e+00, 3.534917e+00, -7.259265e-01, -9.374011e+00
-2.596518e-01, -1.806097e+00, 3.534917e+00, -7.259265e-01, -9.374011e+00
-2.596518e-01, -1.806097e+00, 3.534917e+00, -7.259265e-01, -9.374011e+00
-2.596518e-01, -1.806097e+00, 3.534917e+00, -7.259265e-01, -9.374011e+00
-2.596518e-01, -1.806097e+00, 3.534917e+00, -7.259265e-01, -9.374011e+00
-2.596518e-01, -1.806097e+00, 3.534917e+00, -7.259265e-01, -9.374011e+00
-2.657294e+00, 6.000000e+00, -2.829388e+00, 5.191504e+00, -4.980937e+01
-3.792525e+00, -3.258060e+00, -3.779991e+00, -3.263058e+00, -3.269204e-03
3.359066e+00, 1.032421e+00, 3.428227e+00, -1.955207e+00, -4.935490e-01
3.359066e+00, 1.032421e+00, 3.428227e+00, -1.955207e+00, -4.935489e-01
3.359066e+00, 1.032421e+00, 3.428227e+00, -1.955207e+00, -4.935489e-01
3.359066e+00, 1.032421e+00, 3.428227e+00, -1.955207e+00, -4.935489e-01
3.359066e+00, 1.032421e+00, 3.428227e+00, -1.955207e+00, -4.935489e-01
3.359066e+00, 1.032421e+00, 3.428227e+00, -1.955207e+00, -4.935490e-01
3.359066e+00, 1.032421e+00, 3.428227e+00, -1.955207e+00, -4.935489e-01
3.359066e+00, 1.032421e+00, 3.428227e+00, -1.955207e+00, -4.935489e-01
-3.964777e+00, -3.206758e+00, -3.031492e+00, 1.074535e+00, -4.104621e+00
1.972936e+00, 5.194635e+00, 3.454720e+00, 2.440599e+00, -2.514930e+01
-3.665106e+00, -3.460781e+00, 3.475959e+00, -4.533190e-01, -7.092865e-01
2.706434e+00, 1.749916e+00, -3.837150e+00, -3.057717e+00, -3.939644e-01
-5.090805e+00, -5.491747e+00, -2.504004e+00, -2.371267e+00, -2.403913e+01
2.874961e+00, 2.006685e+00, 3.341388e+00, 2.783316e+00, -1.297250e+00
2.874961e+00, 2.006685e+00, 3.341388e+00, 2.783316e+00, -1.297250e+00
2.874961e+00, 2.006685e+00, 3.341388e+00, 2.783316e+00, -1.297250e+00
2.874961e+00, 2.006685e+00, 3.341388e+00, 2.783316e+00, -1.297250e+00
2.874961e+00, 2.006685e+00, 3.341388e+00, 2.783316e+00, -1.297250e+00
2.874961e+00, 2.006685e+00, 3.341388e+00, 2.783316e+00, -1.297250e+00
2.874961e+00, 2.006685e+00, 3.341388e+00, 2.783316e+00, -1.297250e+00
2.874961e+00, 2.006685e+00, 3.341388e+00, 2.783316e+00, -1.297250e+00
-4.256357e+00, -3.569941e+00, -6.000000e+00, -1.764380e+00, -3.262196e+01
3.160813e+00, 2.230277e+00, 2.823135e+00, 2.395764e+00, -2.811764e-01
-6.000000e+00, 4.117663e+00, 6.000000e+00, 5.633681e-01, -7.587166e+01
4.046953e+00, -1.613359e+00, -3.137996e+00, 2.556252e+00, -1.462435e+00
4.046953e+00, -1.613359e+00, -3.137996e+00, 2.556252e+00, -1.462435e+00
4.046953e+00, -1.613359e+00, -3.137996e+00, 2.556252e+00, -1.462435e+00
4.046953e+00, -1.613359e+00, -3.137996e+00, 2.556252e+00, -1.462435e+00
4.046953e+00, -1.613359e+00, -3.137996e+00, 2.556252e+00, -1.462435e+00
4.046953e+00, -1.613359e+00, -3.137996e+00, 2.556252e+00, -1.462435e+00
4.046953e+00, -1.613359e+00, -3.137996e+00, 2.556252e+00, -1.462435e+00
4.046953e+00, -1.613359e+00, -3.137996e+00, 2.556252e+00, -1.462435e+00
-2.999429e+00, 3.371888e+00, -3.101210e+00, 2.995575e+00, -3.811986e-01
3.234219e+00, 1.219671e+00, 2.973526e+00, 2.119499e+00, -2.935388e-01
3.523417e+00, -1.669320e+00, -3.766696e+00, -3.162586e+00, -5.632320e-02
3.523417e+00, -1.669320e+00, -3.766696e+00, -3.162586e+00, -5.632321e-02
3.523417e+00, -1.669320e+00, -3.766696e+00, -3.162586e+00, -5.632320e-02
3.523417e+00, -1.669320e+00, -3.766696e+00, -3.162586e+00, -5.632320e-02
3.523417e+00, -1.669320e+00, -3.766696e+00, -3.162586e+00, -5.632320e-02
3.523417e+00, -1.669320e+00, -3.766696e+00, -3.162586e+00, -5.632320e-02
3.523417e+00, -1.669320e+00, -3.766696e+00, -3.162586e+00, -5.632321e-02
3.523417e+00, -1.669320e+00, -3.766696e+00, -3.162586e+00, -5.632320e-02
3.536070e+00, -1.348196e+00, -3.762427e+00, -3.270660e+00, -1.375970e-01
6.000000e+00, 6.000000e+00, -6.000000e+00, 6.000000e+00, -1.838000e+02
-3.950743e+00, -3.247409e+00, -4.009311e+00, -2.124594e+00, -2.645453e+00
-3.950743e+00, -3.247409e+00, -4.009311e+00, -2.124594e+00, -2.645453e+00
-3.950743e+00, -3.247409e+00, -4.009311e+00, -2.124594e+00, -2.645453e+00
-3.950743e+00, -3.247409e+00, -4.009311e+00, -2.124594e+00, -2.645453e+00
-3.950743e+00, -3.247409e+00, -4.009311e+00, -2.124594e+00, -2.645453e+00
-3.950743e+00, -3.247409e+00, -4.009311e+00, -2.124594e+00, -2.645453e+00
-3.950743e+00, -3.247409e+00, -4.009311e+00, -2.124594e+00, -2.645453e+00
-3.950743e+00, -3.247409e+00, -4.009311e+00, -2.124594e+00, -2.645453e+00
8.462503e-01, -2.083943e+00, 2.443107e-01, 3.127153e+00, -1.132142e+01
3.048654e+00, 1.935081e+00, 3.584984e+00, -1.875786e+00, -5.333245e-03
3.048654e+00, 1.935081e+00, 3.584984e+00, -1.875786e+00, -5.333243e-03
3.048654e+00, 1.935081e+00, 3.584984e+00, -1.875786e+00, -5.333243e-03
3.048654e+00, 1.935081e+00, 3.584984e+00, -1.875786e+00, -5.333244e-03
3.048654e+00, 1.935081e+00, 3.584984e+00, -1.875786e+00, -5.333244e-03
3.048654e+00, 1.935081e+00, 3.584984e+00, -1.875786e+00, -5.333244e-03
3.048654e+00, 1.935081e+00, 3.584984e+00, -1.875786e+00, -5.333243e-03
3.048654e+00, 1.935081e+00, 3.584984e+00, -1.875786e+00, -5.333244e-03
-6.000000e+00, 3.773551e-01, 6.000000e+00, 3.992004e+00, -9.364757e+01
3.646202e+00, -1.763510e+00, -4.169425e+00, -3.675123e+00, -6.571178e-01
3.197303e+00, -1.113567e+00, -2.507251e+00, -2.323881e+00, -3.826798e+00
3.197303e+00, -1.113567e+00, -2.507251e+00, -2.323881e+00, -3.826798e+00
3.197303e+00, -1.113567e+00, -2.507251e+00, -2.323881e+00, -3.826798e+00
3.197303e+00, -1.113567e+00, -2.507251e+00, -2.323881e+00, -3.826798e+00
3.197303e+00, -1.113567e+00, -2.507251e+00, -2.323881e+00, -3.826798e+00
3.197303e+00, -1.113567e+00, -2.507251e+00, -2.323881e+00, -3.826798e+00
3.197303e+00, -1.113567e+00, -2.507251e+00, -2.323881e+00, -3.826798e+00
3.197303e+00, -1.113567e+00, -2.507251e+00, -2.323881e+00, -3.826798e+00
3.040568e+00, 2.108210e+00, 2.944401e+00, 2.041346e+00, -2.280881e-02
3.040568e+00, 2.108210e+00, 2.944401e+00, 2.041346e+00, -2.280880e-02
3.040568e+00, 2.108210e+00, 2.944401e+00, 2.041346e+00, -2.280881e-02
3.040568e+00, 2.108210e+00, 2.944401e+00, 2.041346e+00, -2.280880e-02
3.040568e+00, 2.108210e+00, 2.944401e+00, 2.041346e+00, -2.280880e-02
3.040568e+00, 2.108210e+00, 2.944401e+00, 2.041346e+00, -2.280881e-02
3.040568e+00, 2.108210e+00, 2.944401e+00, 2.041346e+00, -2.280881e-02
3.040568e+00, 2.108210e+00, 2.944401e+00, 2.041346e+00, -2.280881e-02
2.868316e+00, 2.215863e+00, -3.671198e+00, -2.751780e+00, -5.297170e-01
-2.468097e+00, 2.575189e+00, 3.319992e+00, -1.432210e+00, -9.065351e-01
-3.090195e+00, 5.676637e+00, 6.000000e+00, 6.000000e+00, -1.346886e+02
3.314412e+00, 1.538956e+00, -2.889467e+00, 3.365402e+00, -3.316144e-01
-5.023347e-01, -2.063452e+00, 3.866328e+00, -1.390044e+00, -9.132025e+00
-2.755379e+00, 4.084972e+00, -1.812315e+00, 3.831442e+00, -4.901049e+00
-3.792525e+00, -3.258060e+00, -3.779991e+00, -3.263058e+00, -3.269203e-03
-3.792525e+00, -3.258060e+00, -3.779991e+00, -3.263058e+00, -3.269205e-03
-3.792525e+00, -3.258060e+00, -3.779991e+00, -3.263058e+00, -3.269205e-03
-3.792525e+00, -3.258060e+00, -3.779991e+00, -3.263058e+00, -3.269203e-03
-3.792525e+00, -3.258060e+00, -3.779991e+00, -3.263058e+00, -3.269204e-03
-3.792525e+00, -3.258060e+00, -3.779991e+00, -3.263058e+00, -3.269204e-03
-3.792525e+00, -3.258060e+00, -3.779991e+00, -3.263058e+00, -3.269205e-03
-3.792525e+00, -3.258060e+00, -3.779991e+00, -3.263058e+00, -3.269203e-03
3.098809e+00, 1.003128e+00, 3.672500e+00, -1.861590e+00, -4.473271e-01
-3.964777e+00, -3.206758e+00, -3.031492e+00, 1.074535e+00, -4.104621e+00
-3.964777e+00, -3.206758e+00, -3.031492e+00, 1.074535e+00, -4.104621e+00
-3.964777e+00, -3.206758e+00, -3.031492e+00, 1.074535e+00, -4.104621e+00
-3.964777e+00, -3.206758e+00, -3.031492e+00, 1.074535e+00, -4.104621e+00
-3.964777e+00, -3.206758e+00, -3.031492e+00, 1.074535e+00, -4.104621e+00
-3.964777e+00, -3.206758e+00, -3.031492e+00, 1.074535e+00, -4.104621e+00
-3.964777e+00, -3.206758e+00, -3.031492e+00, 1.074535e+00, -4.104621e+00
-3.964777e+00, -3.206758e+00, -3.031492e+00, 1.074535e+00, -4.104621e+00
2.550128e+00, 3.246401e+00, 3.288584e+00, 2.225145e+00, -2.217054e+00
-3.665106e+00, -3.460781e+00, 3.475959e+00, -4.533190e-01, -7.092865e-01
-3.665106e+00, -3.460781e+00, 3.475959e+00, -4.533190e-01, -7.092865e-01
-3.665106e+00, -3.460781e+00, 3.475959e+00, -4.533190e-01, -7.092865e-01
-3.665106e+00, -3.460781e+00, 3.475959e+00, -4.533190e-01, -7.092865e-01
-3.665106e+00, -3.460781e+00, 3.475959e+00, -4.533190e-01, -7.092865e-01
-3.665106e+00, -3.460781e+00, 3.475959e+00, -4.533190e-01, -7.092865e-01
-3.665106e+00, -3.460781e+00, 3.475959e+00, -4.533190e-01, -7.092865e-01
-3.665106e+00, -3.460781e+00, 3.475959e+00, -4.533190e-01, -7.092865e-01
2.706434e+00, 1.749916e+00, -3.837150e+00, -3.057717e+00, -3.939644e-01
2.706434e+00, 1.749916e+00, -3.837150e+00, -3.057717e+00, -3.939644e-01
2.706434e+00, 1.749916e+00, -3.837150e+00, -3.057717e+00, -3.939644e-01
2.706434e+00, 1.749916e+00, -3.837150e+00, -3.057717e+00, -3.939644e-01
2.706434e+00, 1.749916e+00, -3.837150e+00, -3.057717e+00, -3.939644e-01
2.706434e+00, 1.749916e+00, -3.837150e+00, -3.057717e+00, -3.939644e-01
2.706434e+00, 1.749916e+00, -3.837150e+00, -3.057717e+00, -3.939644e-01
2.706434e+00, 1.749916e+00, -3.837150e+00, -3.057717e+00, -3.939644e-01
-5.090805e+00, -5.491747e+00, -2.504004e+00, -2.371267e+00, -2.403913e+01
-5.090805e+00, -5.491747e+00, -2.504004e+00, -2.371267e+00, -2.403913e+01
-5.090805e+00, -5.491747e+00, -2.504004e+00, -2.371267e+00, -2.403913e+01
-5.090805e+00, -5.491748e+00, -2.504004e+00, -2.371267e+00, -2.403913e+01
-5.090805e+00, -5.491747e+00, -2.504004e+00, -2.371267e+00, -2.403913e+01
-5.090805e+00, -5.491747e+00, -2.504004e+00, -2.371267e+00, -2.403913e+01
-5.090805e+00, -5.491747e+00, -2.504004e+00, -2.371267e+00, -2.403913e+01
-5.090805e+00, -5.491747e+00, -2.504004e+00, -2.371267e+00, -2.403913e+01
3.019450e+00, 2.017490e+00, 2.712285e+00, 2.473848e+00, -2.375627e-01
-3.796374e+00, -3.363076e+00, -4.610615e+00, -1.209878e+00, -9.254435e+00
3.160813e+00, 2.230277e+00, 2.823135e+00, 2.395764e+00, -2.811764e-01
3.160813e+00, 2.230277e+00, 2.823135e+00, 2.395764e+00, -2.811764e-01
3.160813e+00, 2.230277e+00, 2.823135e+00, 2.395764e+00, -2.811764e-01
3.160813e+00, 2.230277e+00, 2.823135e+00, 2.395764e+00, -2.811764e-01
3.160813e+00, 2.230277e+00, 2.823135e+00, 2.395764e+00, -2.811764e-01
3.160813e+00, 2.230277e+00, 2.823135e+00, 2.395764e+00, -2.811764e-01
3.160813e+00, 2.230277e+00, 2.823135e+00, 2.395764e+00, -2.811764e-01
3.160813e+00, 2.230277e+00, 2.823135e+00, 2.395764e+00, -2.811764e-01
-6.000000e+00, 3.560697e+00, 6.000000e+00, 3.806614e-01, -7.303630e+01
3.490685e+00, -1.470477e+00, -2.403496e+00, 4.298772e+00, -4.256170e+00
-2.999429e+00, 3.371888e+00, -3.101210e+00, 2.995575e+00, -3.811986e-01
-2.999429e+00, 3.371888e+00, -3.101210e+00, 2.995575e+00, -3.811986e-01
-2.999429e+00, 3.371888e+00, -3.101210e+00, 2.995575e+00, -3.811986e-01
-2.999429e+00, 3.371888e+00, -3.101210e+00, 2.995575e+00, -3.811986e-01
-2.999429e+00, 3.371888e+00, -3.101210e+00, 2.995575e+00, -3.811986e-01
-2.999429e+00, 3.371888e+00, -3.101210e+00, 2.995575e+00, -3.811986e-01
-2.999429e+00, 3.371888e+00, -3.101210e+00, 2.995575e+00, -3.811986e-01
-2.999429e+00, 3.371888e+00, -3.101210e+00, 2.995575e+00, -3.811986e-01
3.234220e+00, 1.219671e+00, 2.973526e+00, 2.119499e+00, -2.935388e-01
3.234219e+00, 1.219671e+00, 2.973526e+00, 2.119499e+00, -2.935388e-01
3.234219e+00, 1.219671e+00, 2.973526e+00, 2.119499e+00, -2.935388e-01
3.234219e+00, 1.219671e+00, 2.973526e+00, 2.119499e+00, -2.935388e-01
3.234219e+00, 1.219671e+00, 2.973526e+00, 2.119499e+00, -2.935388e-01
3.234219e+00, 1.219671e+00, 2.973526e+00, 2.119499e+00, -2.935388e-01
3.234219e+00, 1.219671e+00, 2.973526e+00, 2.119499e+00, -2.935388e-01
3.234219e+00, 1.219671e+00, 2.973526e+00, 2.119499e+00, -2.935388e-01
3.564465e+00, -1.768372e+00, -3.806933e+00, -3.275393e+00, -7.625468e-03
3.536070e+00, -1.348196e+00, -3.762427e+00, -3.270660e+00, -1.375970e-01
3.536070e+00, -1.348196e+00, -3.762427e+00, -3.270660e+00, -1.375970e-01
3.536070e+00, -1.348196e+00, -3.762427e+00, -3.270660e+00, -1.375970e-01
3.536070e+00, -1.348196e+00, -3.762427e+00, -3.270660e+00, -1.375970e-01
3.536070e+00, -1.348196e+00, -3.762427e+00, -3.270660e+00, -1.375970e-01
3.536070e+00, -1.348196e+00, -3.762427e+00, -3.270660e+00, -1.375970e-01
3.536070e+00, -1.348196e+00, -3.762427e+00, -3.270660e+00, -1.375970e-01
3.536070e+00, -1.348196e+00, -3.762427e+00, -3.270661e+00, -1.375970e-01
6.000000e+00, 6.000000e+00, -6.000000e+00, 6.000000e+00, -1.838000e+02
-3.665170e+00, -3.040281e+00, -2.927137e+00, -2.652693e+00, -1.829841e+00
8.462503e-01, -2.083943e+00, 2.443107e-01, 3.127153e+00, -1.132142e+01
8.462503e-01, -2.083943e+00, 2.443107e-01, 3.127153e+00, -1.132142e+01
8.462503e-01, -2.083943e+00, 2.443107e-01, 3.127153e+00, -1.132142e+01
8.462503e-01, -2.083943e+00, 2.443107e-01, 3.127153e+00, -1.132142e+01
8.462503e-01, -2.083943e+00, 2.443107e-01, 3.127153e+00, -1.132142e+01
8.462503e-01, -2.083943e+00, 2.443107e-01, 3.127153e+00, -1.132142e+01
8.462503e-01, -2.083943e+00, 2.443107e-01, 3.127153e+00, -1.132142e+01
8.462503e-01, -2.083943e+00, 2.443107e-01, 3.127153e+00, -1.132142e+01
3.011942e+00, 1.988943e+00, 3.567749e+00, -1.843535e+00, -9.505286e-04
-4.827384e+00, 1.412626e-01, 6.000000e+00, 8.696041e-01, -4.817933e+01
3.646202e+00, -1.763510e+00, -4.169425e+00, -3.675123e+00, -6.571178e-01
3.646202e+00, -1.763510e+00, -4.169425e+00, -3.675123e+00, -6.571178e-01
3.646202e+00, -1.763510e+00, -4.169425e+00, -3.675123e+00, -6.571178e-01
3.646202e+00, -1.763510e+00, -4.169425e+00, -3.675123e+00, -6.571178e-01
3.646202e+00, -1.763510e+00, -4.169425e+00, -3.675123e+00, -6.571178e-01
3.646202e+00, -1.763510e+00, -4.169425e+00, -3.675123e+00, -6.571178e-01
3.646202e+00, -1.763510e+00, -4.169425e+00, -3.675123e+00, -6.571178e-01
3.646202e+00, -1.763510e+00, -4.169425e+00, -3.675123e+00, -6.571178e-01
-6.000000e+00, -6.000000e+00, -6.000000e+00, -6.000000e+00, -8.900000e+01
2.988738e+00, 2.017391e+00, 3.001098e+00, 2.019834e+00, -6.585432e-04
2.868316e+00, 2.215863e+00, -3.671198e+00, -2.751780e+00, -5.297170e-01
2.868316e+00, 2.215863e+00, -3.671198e+00, -2.751780e+00, -5.297170e-01
2.868316e+00, 2.215863e+00, -3.671198e+00, -2.751780e+00, -5.297170e-01
2.868316e+00, 2.215863e+00, -3.671198e+00, -2.751780e+00, -5.297170e-01
2.868316e+00, 2.215863e+00, -3.671198e+00, -2.751780e+00, -5.297170e-01
2.868316e+00, 2.215863e+00, -3.671198e+00, -2.751780e+00, -5.297170e-01
2.868316e+00, 2.215863e+00, -3.671198e+00, -2.751780e+00, -5.297170e-01
2.868316e+00, 2.215863e+00, -3.671198e+00, -2.751780e+00, -5.297170e-01
-2.468097e+00, 2.575189e+00, 3.319992e+00, -1.432210e+00, -9.065351e-01
-2.468097e+00, 2.575189e+00, 3.319992e+00, -1.432210e+00, -9.065351e-01
-2.468097e+00, 2.575189e+00, 3.319992e+00, -1.432210e+00, -9.065351e-01
-2.468097e+00, 2.575189e+00, 3.319992e+00, -1.432210e+00, -9.065351e-01
-2.468097e+00, 2.575189e+00, 3.319992e+00, -1.432210e+00, -9.065351e-01
-2.468097e+00, 2.575189e+00, 3.319992e+00, -1.432210e+00, -9.065351e-01
-2.468097e+00, 2.575189e+00, 3.319992e+00, -1.432210e+00, -9.065351e-01
-2.468097e+00, 2.575189e+00, 3.319992e+00, -1.432210e+00, -9.065351e-01
-2.777884e+00, 4.347905e+00, 5.330140e+00, 4.181683e+00, -4.004037e+01
3.314412e+00, 1.538956e+00, -2.889467e+00, 3.365402e+00, -3.316144e-01
3.314412e+00, 1.538956e+00, -2.889467e+00, 3.365402e+00, -3.316144e-01
3.314412e+00, 1.538956e+00, -2.889467e+00, 3.365402e+00, -3.316144e-01
3.314412e+00, 1.538956e+00, -2.889467e+00, 3.365402e+00, -3.316144e-01
3.314412e+00, 1.538956e+00, -2.889467e+00, 3.365402e+00, -3.316144e-01
3.314412e+00, 1.538956e+00, -2.889467e+00, 3.365402e+00, -3.316144e-01
3.314412e+00, 1.538956e+00, -2.889467e+00, 3.365402e+00, -3.316144e-01
3.314412e+00, 1.538956e+00, -2.889467e+00, 3.365402e+00, -3.316144e-01
-5.023347e-01, -2.063452e+00, 3.866328e+00, -1.390044e+00, -9.132025e+00
-5.023347e-01, -2.063452e+00, 3.866328e+00, -1.390044e+00, -9.132025e+00
-5.023347e-01, -2.063452e+00, 3.866328e+00, -1.390044e+00, -9.132025e+00
-5.023347e-01, -2.063452e+00, 3.866328e+00, -1.390044e+00, -9.132025e+00
-5.023347e-01, -2.063452e+00, 3.866328e+00, -1.390044e+00, -9.132025e+00
-5.023347e-01, -2.063452e+00, 3.866328e+00, -1.390044e+00, -9.132025e+00
-5.023347e-01, -2.063452e+00, 3.866328e+00, -1.390044e+00, -9.132025e+00
-5.023347e-01, -2.063452e+00, 3.866328e+00, -1.390044e+00, -9.132025e+00
-2.755379e+00, 4.084972e+00, -1.812315e+00, 3.831442e+00, -4.901049e+00
-2.755379e+00, 4.084972e+00, -1.812315e+00, 3.831442e+00, -4.901049e+00
-2.755379e+00, 4.084972e+00, -1.812315e+00, 3.831442e+00, -4.901049e+00
-2.755379e+00, 4.084972e+00, -1.812315e+00, 3.831442e+00, -4.901049e+00
-2.755379e+00, 4.084972e+00, -1.812315e+00, 3.831442e+00, -4.901049e+00
-2.755379e+00, 4.084972e+00, -1.812315e+00, 3.831442e+00, -4.901049e+00
-2.755379e+00, 4.084972e+00, -1.812315e+00, 3.831442e+00, -4.901049e+00
-2.755379e+00, 4.084972e+00, -1.812315e+00, 3.831442e+00, -4.901049e+00
-3.772357e+00, -3.279540e+00, -3.782082e+00, -3.285768e+00, -1.607402e-04
3.098809e+00, 1.003128e+00, 3.672500e+00, -1.861590e+00, -4.473271e-01
3.098809e+00, 1.003128e+00, 3.672500e+00, -1.861590e+00, -4.473271e-01
3.098809e+00, 1.003128e+00, 3.672500e+00, -1.861590e+00, -4.473271e-01
3.098809e+00, 1.003128e+00, 3.672500e+00, -1.861590e+00, -4.473271e-01
3.098809e+00, 1.003128e+00, 3.672500e+00, -1.861590e+00, -4.473271e-01
3.098809e+00, 1.003128e+00, 3.672500e+00, -1.861590e+00, -4.473271e-01
3.098809e+00, 1.003128e+00, 3.672500e+00, -1.861590e+00, -4.473271e-01
3.098809e+00, 1.003128e+00, 3.672500e+00, -1.861590e+00, -4.473271e-01
-3.389562e+00, -3.488586e+00, -3.521395e+00, 2.975920e+00, -1.704570e+00
2.838723e+00, 2.272283e+00, 3.205516e+00, 2.117418e+00, -1.933241e-01
-3.784285e+00, -3.155384e+00, 3.330097e+00, -6.066679e-01, -5.941181e-01
2.981158e+00, 1.861396e+00, -3.736485e+00, -3.579515e+00, -2.531945e-01
-4.393854e+00, -4.442454e+00, -2.998840e+00, -2.407155e+00, -6.083485e+00
3.019450e+00, 2.017490e+00, 2.712285e+00, 2.473848e+00, -2.375627e-01
3.019450e+00, 2.017490e+00, 2.712285e+00, 2.473848e+00, -2.375627e-01
3.019450e+00, 2.017490e+00, 2.712285e+00, 2.473848e+00, -2.375627e-01
3.019450e+00, 2.017490e+00, 2.712285e+00, 2.473848e+00, -2.375627e-01
3.019450e+00, 2.017490e+00, 2.712285e+00, 2.473848e+00, -2.375627e-01
3.019450e+00, 2.017490e+00, 2.712285e+00, 2.473848e+00, -2.375627e-01
3.019450e+00, 2.017490e+00, 2.712285e+00, 2.473848e+00, -2.375627e-01
3.019450e+00, 2.017490e+00, 2.712285e+00, 2.473848e+00, -2.375627e-01
-3.566383e+00, -3.259644e+00, -3.466712e+00, -9.326266e-01, -4.724248e+00
3.122001e+00, 1.683484e+00, 2.955568e+00, 1.987062e+00, -6.805813e-02
-4.645549e+00, 3.282214e+00, 6.000000e+00, 2.893080e-01, -4.166711e+01
3.768819e+00, -1.541918e+00, -2.770746e+00, 3.427512e+00, -3.705538e-01
-2.753141e+00, 3.137757e+00, -2.733932e+00, 3.105456e+00, -1.364811e-02
3.108468e+00, 1.598138e+00, 2.902664e+00, 2.055280e+00, -1.071280e-01
3.564465e+00, -1.768372e+00, -3.806933e+00, -3.275393e+00, -7.625468e-03
3.564465e+00, -1.768372e+00, -3.806933e+00, -3.275393e+00, -7.625469e-03
3.564465e+00, -1.768372e+00, -3.806933e+00, -3.275393e+00, -7.625469e-03
3.564465e+00, -1.768372e+00, -3.806933e+00, -3.275393e+00, -7.625467e-03
3.564465e+00, -1.768372e+00, -3.806933e+00, -3.275393e+00, -7.625467e-03
3.564465e+00, -1.768372e+00, -3.806933e+00, -3.275393e+00, -7.625470e-03
3.564465e+00, -1.768372e+00, -3.806933e+00, -3.275393e+00, -7.625469e-03
3.564465e+00, -1.768372e+00, -3.806933e+00, -3.275393e+00, -7.625468e-03
3.537716e+00, -1.551148e+00, -3.744167e+00, -3.255228e+00, -5.972966e-02
6.000000e+00, 6.000000e+00, -6.000000e+00, 6.000000e+00, -1.838000e+02
-3.665170e+00, -3.040281e+00, -2.927137e+00, -2.652693e+00, -1.829841e+00
-3.665170e+00, -3.040281e+00, -2.927137e+00, -2.652693e+00, -1.829841e+00
-3.665170e+00, -3.040281e+00, -2.927137e+00, -2.652693e+00, -1.829841e+00
-3.665170e+00, -3.040281e+00, -2.927137e+00, -2.652693e+00, -1.829841e+00
-3.665170e+00, -3.040281e+00, -2.927137e+00, -2.652693e+00, -1.829841e+00
-3.665170e+00, -3.040281e+00, -2.927137e+00, -2.652693e+00, -1.829841e+00
-3.665170e+00, -3.040281e+00, -2.927137e+00, -2.652693e+00, -1.829841e+00
-3.665170e+00, -3.040281e+00, -2.927137e+00, -2.652693e+00, -1.829841e+00
1.652087e+00, -2.260306e+00, 3.496445e-01, 3.292742e+00, -9.303036e+00
3.011942e+00, 1.988943e+00, 3.567749e+00, -1.843535e+00, -9.505289e-04
3.011942e+00, 1.988943e+00, 3.567749e+00, -1.843535e+00, -9.505282e-04
3.011942e+00, 1.988943e+00, 3.567749e+00, -1.843535e+00, -9.505285e-04
3.011942e+00, 1.988943e+00, 3.567749e+00, -1.843535e+00, -9.505286e-04
3.011942e+00, 1.988943e+00, 3.567749e+00, -1.843535e+00, -9.505277e-04
3.011942e+00, 1.988943e+00, 3.567749e+00, -1.843535e+00, -9.505294e-04
3.011942e+00, 1.988943e+00, 3.567749e+00, -1.843535e+00, -9.505286e-04
3.011942e+00, 1.988943e+00, 3.567749e+00, -1.843535e+00, -9.505286e-04
-3.889697e+00, 2.321631e-02, 4.882802e+00, -6.915958e-01, -1.430666e+01
3.637265e+00, -1.838445e+00, -3.660995e+00, -3.181855e+00, -5.241553e-02
-3.789325e+00, -6.000000e+00, -6.000000e+00, -6.000000e+00, -7.662766e+01
2.988738e+00, 2.017391e+00, 3.001098e+00, 2.019834e+00, -6.585430e-04
2.988738e+00, 2.017391e+00, 3.001098e+00, 2.019834e+00, -6.585434e-04
2.988738e+00, 2.017391e+00, 3.001098e+00, 2.019834e+00, -6.585434e-04
2.988738e+00, 2.017391e+00, 3.001098e+00, 2.019834e+00, -6.585430e-04
2.988738e+00, 2.017391e+00, 3.001098e+00, 2.019834e+00, -6.585434e-04
2.988738e+00, 2.017391e+00, 3.001098e+00, 2.019834e+00, -6.585430e-04
2.988738e+00, 2.017391e+00, 3.001098e+00, 2.019834e+00, -6.585436e-04
2.988738e+00, 2.017391e+00, 3.001098e+00, 2.019834e+00, -6.585428e-04
2.939985e+00, 2.158723e+00, -3.736123e+00, -3.151797e+00, -5.401003e-02
-2.718603e+00, 2.770297e+00, 3.814986e+00, -1.623583e+00, -4.455132e-01
-2.621729e+00, 3.683539e+00, 3.449370e+00, 2.752849e+00, -2.266194e+00
3.087858e+00, 1.706255e+00, -2.813834e+00, 2.934199e+00, -1.266059e-01
-8.071634e-01, -2.340104e+00, 4.028903e+00, -2.020331e+00, -8.899148e+00
-2.844170e+00, 2.754550e+00, -1.512583e+00, 3.006704e+00, -1.897332e+00
-3.772357e+00, -3.279540e+00, -3.782082e+00, -3.285768e+00, -1.607405e-04
-3.772357e+00, -3.279540e+00, -3.782082e+00, -3.285768e+00, -1.607398e-04
-3.772357e+00, -3.279540e+00, -3.782082e+00, -3.285768e+00, -1.607402e-04
-3.772357e+00, -3.279540e+00, -3.782082e+00, -3.285768e+00, -1.607401e-04
-3.772357e+00, -3.279540e+00, -3.782082e+00, -3.285768e+00, -1.607400e-04
-3.772357e+00, -3.279540e+00, -3.782082e+00, -3.285768e+00, -1.607403e-04
-3.772357e+00, -3.279540e+00, -3.782082e+00, -3.285768e+00, -1.607401e-04
-3.772357e+00, -3.279540e+00, -3.782082e+00, -3.285768e+00, -1.607402e-04
3.138084e+00, 1.152422e+00, 3.521643e+00, -1.876187e+00, -3.323485e-01
-3.389562e+00, -3.488586e+00, -3.521395e+00, 2.975920e+00, -1.704570e+00
-3.389562e+00, -3.488586e+00, -3.521395e+00, 2.975920e+00, -1.704570e+00
-3.389562e+00, -3.488586e+00, -3.521395e+00, 2.975920e+00, -1.704570e+00
-3.389562e+00, -3.488586e+00, -3.521395e+00, 2.975920e+00, -1.704570e+00
-3.389562e+00, -3.488586e+00, -3.521395e+00, 2.975920e+00, -1.704570e+00
-3.389562e+00, -3.488586e+00, -3.521395e+00, 2.975920e+00, -1.704570e+00
-3.389562e+00, -3.488586e+00, -3.521395e+00, 2.975920e+00, -1.704570e+00
-3.389562e+00, -3.488586e+00, -3.521395e+00, 2.975920e+00, -1.704570e+00
2.838723e+00, 2.272283e+00, 3.205516e+00, 2.117418e+00, -1.933241e-01
2.838723e+00, 2.272283e+00, 3.205516e+00, 2.117418e+00, -1.933241e-01
2.838723e+00, 2.272283e+00, 3.205516e+00, 2.117418e+00, -1.933241e-01
2.838723e+00, 2.272283e+00, 3.205516e+00, 2.117418e+00, -1.933241e-01
2.838723e+00, 2.272283e+00, 3.205516e+00, 2.117418e+00, -1.933241e-01
2.838723e+00, 2.272283e+00, 3.205516e+00, 2.117418e+00, -1.933241e-01
2.838723e+00, 2.272283e+00, 3.205516e+00, 2.117418e+00, -1.933241e-01
2.838723e+00, 2.272283e+00, 3.205516e+00, 2.117418e+00, -1.933241e-01
-3.784285e+00, -3.155384e+00, 3.330097e+00, -6.066679e-01, -5.941181e-01
-3.784285e+00, -3.155384e+00, 3.330097e+00, -6.066679e-01, -5.941181e-01
-3.784285e+00, -3.155384e+00, 3.330097e+00, -6.066679e-01, -5.941181e-01
-3.784285e+00, -3.155384e+00, 3.330097e+00, -6.066679e-01, -5.941181e-01
-3.784285e+00, -3.155384e+00, 3.330097e+00, -6.066679e-01, -5.941181e-01
-3.784285e+00, -3.155384e+00, 3.330097e+00, -6.066679e-01, -5.941181e-01
-3.784285e+00, -3.155384e+00, 3.330097e+00, -6.066679e-01, -5.941181e-01
-3.784285e+00, -3.155384e+00, 3.330097e+00, -6.066679e-01, -5.941181e-01
2.981158e+00, 1.861396e+00, -3.736485e+00, -3.579515e+00, -2.531945e-01
2.981158e+00, 1.861396e+00, -3.736485e+00, -3.579515e+00, -2.531945e-01
2.981158e+00, 1.861396e+00, -3.736485e+00, -3.579515e+00, -2.531945e-01
2.981158e+00, 1.861396e+00, -3.736485e+00, -3.579515e+00, -2.531945e-01
2.981158e+00, 1.861396e+00, -3.736485e+00, -3.579515e+00, -2.531945e-01
2.981158e+00, 1.861396e+00, -3.736485e+00, -3.579515e+00, -2.531945e-01
2.981158e+00, 1.861396e+00, -3.736485e+00, -3.579515e+00, -2.531945e-01
2.981158e+00, 1.861396e+00, -3.736485e+00, -3.579515e+00, -2.531945e-01
-4.393854e+00, -4.442454e+00, -2.998840e+00, -2.407155e+00, -6.083485e+00
-4.393854e+00, -4.442454e+00, -2.998840e+00, -2.407155e+00, -6.083485e+00
-4.393854e+00, -4.442454e+00, -2.998840e+00, -2.407155e+00, -6.083485e+00
-4.393854e+00, -4.442454e+00, -2.998840e+00, -2.407155e+00, -6.083485e+00
-4.393854e+00, -4.442454e+00, -2.998840e+00, -2.407155e+00, -6.083485e+00
-4.393854e+00, -4.442454e+00, -2.998840e+00, -2.407155e+00, -6.083485e+00
-4.393854e+00, -4.442454e+00, -2.998840e+00, -2.407155e+00, -6.083485e+00
-4.393854e+00, -4.442454e+00, -2.998840e+00, -2.407155e+00, -6.083485e+00
2.991218e+00, 2.081791e+00, 2.866562e+00, 2.256136e+00, -6.496081e-02
-3.566383e+00, -3.259644e+00, -3.466712e+00, -9.326266e-01, -4.724248e+00
-3.566383e+00, -3.259644e+00, -3.466712e+00, -9.326266e-01, -4.724248e+00
-3.566383e+00, -3.259644e+00, -3.466712e+00, -9.326266e-01, -4.724248e+00
-3.566383e+00, -3.259644e+00, -3.466712e+00, -9.326266e-01, -4.724248e+00
-3.566383e+00, -3.259644e+00, -3.466712e+00, -9.326266e-01, -4.724248e+00
-3.566383e+00, -3.259644e+00, -3.466712e+00, -9.326266e-01, -4.724248e+00
-3.566383e+00, -3.259644e+00, -3.466712e+00, -9.326266e-01, -4.724248e+00
-3.566383e+00, -3.259644e+00, -3.466712e+00, -9.326266e-01, -4.724248e+00
3.122001e+00, 1.683484e+00, 2.955568e+00, 1.987062e+00, -6.805813e-02
3.122001e+00, 1.683484e+00, 2.955568e+00, 1.987062e+00, -6.805813e-02
3.122001e+00, 1.683484e+00, 2.955568e+00, 1.987062e+00, -6.805813e-02
3.122001e+00, 1.683484e+00, 2.955568e+00, 1.987062e+00, -6.805813e-02
3.122001e+00, 1.683484e+00, 2.955568e+00, 1.987062e+00, -6.805813e-02
3.122001e+00, 1.683484e+00, 2.955568e+00, 1.987062e+00, -6.805813e-02
3.122001e+00, 1.683484e+00, 2.955568e+00, 1.987062e+00, -6.805813e-02
3.122001e+00, 1.683484e+00, 2.955568e+00, 1.987062e+00, -6.805813e-02
-2.990827e+00, 3.142972e+00, 4.384745e+00, 2.436313e-01, -3.973177e+00
3.768819e+00, -1.541918e+00, -2.770746e+00, 3.427512e+00, -3.705538e-01
3.768819e+00, -1.541918e+00, -2.770746e+00, 3.427512e+00, -3.705538e-01
3.768819e+00, -1.541918e+00, -2.770746e+00, 3.427512e+00, -3.705538e-01
3.768819e+00, -1.541918e+00, -2.770746e+00, 3.427512e+00, -3.705538e-01
3.768819e+00, -1.541918e+00, -2.770746e+00, 3.427512e+00, -3.705538e-01
3.768819e+00, -1.541918e+00, -2.770746e+00, 3.427512e+00, -3.705538e-01
3.768819e+00, -1.541918e+00, -2.770746e+00, 3.427512e+00, -3.705538e-01
3.768819e+00, -1.541918e+00, -2.770746e+00, 3.427512e+00, -3.705538e-01
-2.753141e+00, 3.137757e+00, -2.733932e+00, 3.105456e+00, -1.364811e-02
-2.753141e+00, 3.137757e+00, -2.733932e+00, 3.105456e+00, -1.364811e-02
-2.753141e+00, 3.137757e+00, -2.733932e+00, 3.105456e+00, -1.364811e-02
-2.753141e+00, 3.137757e+00, -2.733932e+00, 3.105456e+00, -1.364811e-02
-2.753141e+00, 3.137757e+00, -2.733932e+00, 3.105456e+00, -1.364811e-02
-2.753141e+00, 3.137757e+00, -2.733932e+00, 3.105456e+00, -1.364811e-02
-2.753141e+00, 3.137757e+00, -2.733932e+00, 3.105456e+00, -1.364811e-02
-2.753141e+00, 3.137757e+00, -2.733932e+00, 3.105456e+00, -1.364811e-02
3.108468e+00, 1.598138e+00, 2.902664e+00, 2.055280e+00, -1.071280e-01
3.108468e+00, 1.598138e+00, 2.902664e+00, 2.055280e+00, -1.071280e-01
3.108468e+00, 1.598138e+00, 2.902664e+00, 2.055280e+00, -1.071280e-01
3.108468e+00, 1.598138e+00, 2.902664e+00, 2.055280e+00, -1.071280e-01
3.108468e+00, 1.598138e+00, 2.902664e+00, 2.055280e+00, -1.071280e-01
3.108468e+00, 1.598138e+00, 2.902664e+00, 2.055280e+00, -1.071280e-01
3.108468e+00, 1.598138e+00, 2.902664e+00, 2.055280e+00, -1.071280e-01
3.108468e+00, 1.598138e+00, 2.902664e+00, 2.055280e+00, -1.071280e-01
3.598862e+00, -1.840727e+00, -3.761034e+00, -3.287062e+00, -1.724582e-03
3.537716e+00, -1.551148e+00, -3.744167e+00, -3.255228e+00, -5.972965e-02
3.537716e+00, -1.551148e+00, -3.744167e+00, -3.255228e+00, -5.972966e-02
3.537716e+00, -1.551148e+00, -3.744167e+00, -3.255228e+00, -5.972966e-02
3.537716e+00, -1.551148e+00, -3.744167e+00, -3.255228e+00, -5.972965e-02
3.537716e+00, -1.551148e+00, -3.744167e+00, -3.255228e+00, -5.972966e-02
3.537716e+00, -1.551148e+00, -3.744167e+00, -3.255228e+00, -5.972965e-02
3.537716e+00, -1.551148e+00, -3.744167e+00, -3.255228e+00, -5.972966e-02
3.537716e+00, -1.551148e+00, -3.744167e+00, -3.255228e+00, -5.972966e-02
6.000000e+00, 6.000000e+00, -6.000000e+00, 6.000000e+00, -1.838000e+02
-3.710127e+00, -3.163249e+00, -3.366326e+00, -2.651696e+00, -8.577779e-01
1.652087e+00, -2.260306e+00, 3.496445e-01, 3.292742e+00, -9.303036e+00
1.652087e+00, -2.260306e+00, 3.496445e-01, 3.292742e+00, -9.303036e+00
1.652087e+00, -2.260306e+00, 3.496445e-01, 3.292742e+00, -9.303036e+00
1.652087e+00, -2.260306e+00, 3.496445e-01, 3.292742e+00, -9.303036e+00
1.652087e+00, -2.260306e+00, 3.496446e-01, 3.292742e+00, -9.303036e+00
1.652087e+00, -2.260306e+00, 3.496445e-01, 3.292742e+00, -9.303036e+00
1.652087e+00, -2.260306e+00, 3.496445e-01, 3.292742e+00, -9.303036e+00
1.652087e+00, -2.260306e+00, 3.496445e-01, 3.292742e+00, -9.303036e+00
3.004406e+00, 2.002432e+00, 3.587318e+00, -1.836410e+00, -1.854707e-04
-3.420853e+00, -3.580683e-02, 3.423280e+00, -1.472196e+00, -5.578271e+00
3.637265e+00, -1.838445e+00, -3.660995e+00, -3.181855e+00, -5.241553e-02
3.637265e+00, -1.838445e+00, -3.660995e+00, -3.181855e+00, -5.241553e-02
3.637265e+00, -1.838445e+00, -3.660995e+00, -3.181855e+00, -5.241553e-02
3.637265e+00, -1.838445e+00, -3.660995e+00, -3.181855e+00, -5.241553e-02
3.637265e+00, -1.838445e+00, -3.660995e+00, -3.181855e+00, -5.241554e-02
3.637265e+00, -1.838445e+00, -3.660995e+00, -3.181855e+00, -5.241553e-02
3.637265e+00, -1.838445e+00, -3.660995e+00, -3.181855e+00, -5.241553e-02
3.637265e+00, -1.838445e+00, -3.660995e+00, -3.181856e+00, -5.241553e-02
-2.960108e-01, -6.000000e+00, -6.000000e+00, -6.000000e+00, -9.999738e+01
2.998971e+00, 2.003333e+00, 3.000457e+00, 2.008915e+00, -8.028865e-05
2.939985e+00, 2.158723e+00, -3.736123e+00, -3.151797e+00, -5.401003e-02
2.939985e+00, 2.158723e+00, -3.736123e+00, -3.151797e+00, -5.401003e-02
2.939985e+00, 2.158723e+00, -3.736123e+00, -3.151797e+00, -5.401003e-02
2.939985e+00, 2.158723e+00, -3.736123e+00, -3.151797e+00, -5.401003e-02
2.939985e+00, 2.158723e+00, -3.736123e+00, -3.151797e+00, -5.401003e-02
2.939985e+00, 2.158723e+00, -3.736123e+00, -3.151797e+00, -5.401003e-02
2.939985e+00, 2.158723e+00, -3.736123e+00, -3.151797e+00, -5.401003e-02
2.939985e+00, 2.158723e+00, -3.736123e+00, -3.151797e+00, -5.401002e-02
-2.718603e+00, 2.770297e+00, 3.814986e+00, -1.623583e+00, -4.455132e-01
-2.718603e+00, 2.770297e+00, 3.814986e+00, -1.623583e+00, -4.455132e-01
-2.718603e+00, 2.770297e+00, 3.814986e+00, -1.623583e+00, -4.455132e-01
-2.718603e+00, 2.770297e+00, 3.814986e+00, -1.623583e+00, -4.455132e-01
-2.718603e+00, 2.770297e+00, 3.814986e+00, -1.623583e+00, -4.455132e-01
-2.718603e+00, 2.770297e+00, 3.814986e+00, -1.623583e+00, -4.455132e-01
-2.718603e+00, 2.770297e+00, 3.814986e+00, -1.623583e+00, -4.455132e-01
-2.718603e+00, 2.770297e+00, 3.814986e+00, -1.623583e+00, -4.455132e-01
-2.621729e+00, 3.683539e+00, 3.449370e+00, 2.752849e+00, -2.266194e+00
-2.621729e+00, 3.683539e+00, 3.449370e+00, 2.752849e+00, -2.266194e+00
-2.621729e+00, 3.683539e+00, 3.449370e+00, 2.752849e+00, -2.266194e+00
-2.621729e+00, 3.683539e+00, 3.449370e+00, 2.752849e+00, -2.266194e+00
-2.621729e+00, 3.683539e+00, 3.449370e+00, 2.752849e+00, -2.266194e+00
-2.621729e+00, 3.683539e+00, 3.449370e+00, 2.752849e+00, -2.266194e+00
-2.621729e+00, 3.683539e+00, 3.449370e+00, 2.752849e+00, -2.266194e+00
-2.621729e+00, 3.683539e+00, 3.449370e+00, 2.752849e+00, -2.266194e+00
3.087858e+00, 1.706255e+00, -2.813834e+00, 2.934199e+00, -1.266059e-01
3.087858e+00, 1.706255e+00, -2.813834e+00, 2.934199e+00, -1.266059e-01
3.087858e+00, 1.706255e+00, -2.813834e+00, 2.934199e+00, -1.266059e-01
3.087858e+00, 1.706255e+00, -2.813834e+00, 2.934199e+00, -1.266059e-01
3.087858e+00, 1.706255e+00, -2.813834e+00, 2.934199e+00, -1.266059e-01
3.087858e+00, 1.706255e+00, -2.813834e+00, 2.934199e+00, -1.266059e-01
3.087858e+00, 1.706255e+00, -2.813834e+00, 2.934199e+00, -1.266059e-01
3.087858e+00, 1.706255e+00, -2.813834e+00, 2.934199e+00, -1.266059e-01
-8.071634e-01, -2.340104e+00, 4.028903e+00, -2.020331e+00, -8.899148e+00
-8.071635e-01, -2.340104e+00, 4.028903e+00, -2.020331e+00, -8.899148e+00
-8.071634e-01, -2.340104e+00, 4.028903e+00, -2.020331e+00, -8.899148e+00
-8.071634e-01, -2.340104e+00, 4.028903e+00, -2.020331e+00, -8.899148e+00
-8.071634e-01, -2.340104e+00, 4.028903e+00, -2.020331e+00, -8.899148e+00
-8.071634e-01, -2.340104e+00, 4.028903e+00, -2.020331e+00, -8.899148e+00
-8.071634e-01, -2.340104e+00, 4.028903e+00, -2.020331e+00, -8.899148e+00
-8.071634e-01, -2.340104e+00, 4.028903e+00, -2.020331e+00, -8.899148e+00
-2.844170e+00, 2.754550e+00, -1.512583e+00, 3.006704e+00, -1.897332e+00
-2.844170e+00, 2.754550e+00, -1.512583e+00, 3.006704e+00, -1.897332e+00
-2.844170e+00, 2.754550e+00, -1.512583e+00, 3.006704e+00, -1.897332e+00
-2.844170e+00, 2.754550e+00, -1.512583e+00, 3.006704e+00, -1.897332e+00
-2.844170e+00, 2.754550e+00, -1.512583e+00, 3.006704e+00, -1.897332e+00
-2.844170e+00, 2.754550e+00, -1.512583e+00, 3.006704e+00, -1.897332e+00
-2.844170e+00, 2.754550e+00, -1.512583e+00, 3.006704e+00, -1.897332e+00
-2.844170e+00, 2.754550e+00, -1.512583e+00, 3.006704e+00, -1.897332e+00
-3.777700e+00, -3.280868e+00, -3.779785e+00, -3.283811e+00, -1.521124e-05
3.138084e+00, 1.152422e+00, 3.521643e+00, -1.876187e+00, -3.323485e-01
3.138084e+00, 1.152422e+00, 3.521643e+00, -1.876187e+00, -3.323485e-01
3.138084e+00, 1.152422e+00, 3.521643e+00, -1.876187e+00, -3.323485e-01
3.138084e+00, 1.152422e+00, 3.521643e+00, -1.876187e+00, -3.323485e-01
3.138084e+00, 1.152422e+00, 3.521643e+00, -1.876187e+00, -3.323485e-01
3.138084e+00, 1.152422e+00, 3.521643e+00, -1.876187e+00, -3.323485e-01
3.138084e+00, 1.152422e+00, 3.521643e+00, -1.876187e+00, -3.323485e-01
3.138084e+00, 1.152422e+00, 3.521643e+00, -1.876187e+00, -3.323485e-01
-3.321065e+00, -3.408532e+00, -2.770528e+00, 2.831702e+00, -8.206164e-01
2.991459e+00, 1.763137e+00, 3.072094e+00, 2.038841e+00, -5.861723e-02
-3.819306e+00, -3.277859e+00, 3.437270e+00, -6.647414e-01, -4.931733e-01
3.061709e+00, 1.952256e+00, -3.693316e+00, -3.197874e+00, -3.255976e-02
-4.005514e+00, -3.774316e+00, -3.467939e+00, -2.612517e+00, -1.394702e+00
2.991218e+00, 2.081791e+00, 2.866562e+00, 2.256136e+00, -6.496081e-02
2.991218e+00, 2.081791e+00, 2.866562e+00, 2.256136e+00, -6.496081e-02
2.991218e+00, 2.081791e+00, 2.866562e+00, 2.256136e+00, -6.496081e-02
2.991218e+00, 2.081791e+00, 2.866562e+00, 2.256136e+00, -6.496081e-02
2.991218e+00, 2.081791e+00, 2.866562e+00, 2.256136e+00, -6.496081e-02
2.991218e+00, 2.081791e+00, 2.866562e+00, 2.256136e+00, -6.496081e-02
2.991218e+00, 2.081791e+00, 2.866562e+00, 2.256136e+00, -6.496081e-02
2.991218e+00, 2.081791e+00, 2.866562e+00, 2.256136e+00, -6.496081e-02
-3.903342e+00, -3.255193e+00, -3.429668e+00, -1.421029e+00, -3.611191e+00
3.077185e+00, 1.864081e+00, 2.954603e+00, 2.026083e+00, -1.874577e-02
-2.990827e+00, 3.142972e+00, 4.384745e+00, 2.436313e-01, -3.973177e+00
-2.990827e+00, 3.142972e+00, 4.384745e+00, 2.436313e-01, -3.973177e+00
-2.990827e+00, 3.142972e+00, 4.384745e+00, 2.436313e-01, -3.973177e+00
-2.990827e+00, 3.142972e+00, 4.384745e+00, 2.436313e-01, -3.973177e+00
-2.990827e+00, 3.142972e+00, 4.384745e+00, 2.436313e-01, -3.973177e+00
-2.990827e+00, 3.142972e+00, 4.384745e+00, 2.436313e-01, -3.973176e+00
-2.990827e+00, 3.142972e+00, 4.384745e+00, 2.436313e-01, -3.973177e+00
-2.990827e+00, 3.142972e+00, 4.384745e+00, 2.436313e-01, -3.973177e+00
3.212185e+00, -1.749378e+00, -2.659464e+00, 2.729925e+00, -6.372267e-01
-2.804811e+00, 3.134774e+00, -2.787601e+00, 3.125735e+00, -5.755661e-04
2.861860e+00, 2.486514e+00, 2.910812e+00, 1.974463e+00, -2.313382e-01
3.598862e+00, -1.840727e+00, -3.761034e+00, -3.287062e+00, -1.724583e-03
3.598862e+00, -1.840727e+00, -3.761034e+00, -3.287062e+00, -1.724581e-03
3.598862e+00, -1.840727e+00, -3.761034e+00, -3.287062e+00, -1.724582e-03
3.598862e+00, -1.840727e+00, -3.761034e+00, -3.287062e+00, -1.724582e-03
3.598862e+00, -1.840727e+00, -3.761034e+00, -3.287062e+00, -1.724583e-03
3.598862e+00, -1.840727e+00, -3.761034e+00, -3.287062e+00, -1.724581e-03
3.598862e+00, -1.840727e+00, -3.761034e+00, -3.287062e+00, -1.724582e-03
3.598862e+00, -1.840727e+00, -3.761034e+00, -3.287062e+00, -1.724583e-03
3.602974e+00, -2.060983e+00, -3.768899e+00, -3.257310e+00, -3.789492e-02
6.000000e+00, 5.908713e+00, -6.000000e+00, 6.000000e+00, -1.797716e+02
-3.710127e+00, -3.163249e+00, -3.366326e+00, -2.651696e+00, -8.577779e-01
-3.710127e+00, -3.163249e+00, -3.366326e+00, -2.651696e+00, -8.577779e-01
-3.710127e+00, -3.163249e+00, -3.366326e+00, -2.651696e+00, -8.577779e-01
-3.710127e+00, -3.163249e+00, -3.366326e+00, -2.651696e+00, -8.577779e-01
-3.710127e+00, -3.163249e+00, -3.366326e+00, -2.651696e+00, -8.577779e-01
-3.710127e+00, -3.163249e+00, -3.366326e+00, -2.651696e+00, -8.577778e-01
-3.710127e+00, -3.163249e+00, -3.366326e+00, -2.651696e+00, -8.577779e-01
-3.710127e+00, -3.163249e+00, -3.366326e+00, -2.651696e+00, -8.577778e-01
2.774142e+00, -2.416889e+00, 4.870639e-01, 3.428475e+00, -5.830261e+00
3.004406e+00, 2.002432e+00, 3.587318e+00, -1.836410e+00, -1.854709e-04
3.004406e+00, 2.002432e+00, 3.587318e+00, -1.836410e+00, -1.854705e-04
3.004406e+00, 2.002432e+00, 3.587318e+00, -1.836410e+00, -1.854708e-04
3.004406e+00, 2.002432e+00, 3.587318e+00, -1.836410e+00, -1.854706e-04
3.004406e+00, 2.002432e+00, 3.587318e+00, -1.836410e+00, -1.854709e-04
3.004406e+00, 2.002432e+00, 3.587318e+00, -1.836410e+00, -1.854705e-04
3.004406e+00, 2.002432e+00, 3.587318e+00, -1.836410e+00, -1.854709e-04
3.004406e+00, 2.002432e+00, 3.587318e+00, -1.836410e+00, -1.854706e-04
-3.420853e+00, -3.580683e-02, 3.423280e+00, -1.472196e+00, -5.578271e+00
-3.420853e+00, -3.580683e-02, 3.423280e+00, -1.472196e+00, -5.578271e+00
-3.420853e+00, -3.580682e-02, 3.423280e+00, -1.472196e+00, -5.578271e+00
-3.420853e+00, -3.580684e-02, 3.423280e+00, -1.472196e+00, -5.578271e+00
-3.420853e+00, -3.580683e-02, 3.423280e+00, -1.472196e+00, -5.578271e+00
-3.420853e+00, -3.580683e-02, 3.423280e+00, -1.472196e+00, -5.578271e+00
-3.420853e+00, -3.580683e-02, 3.423280e+00, -1.472196e+00, -5.578271e+00
-3.420853e+00, -3.580683e-02, 3.423280e+00, -1.472196e+00, -5.578271e+00
3.552786e+00, -1.831489e+00, -3.766998e+00, -3.254367e+00, -4.375234e-03
1.450646e+00, -6.000000e+00, -6.000000e+00, -6.000000e+00, -1.019561e+02
2.998971e+00, 2.003333e+00, 3.000457e+00, 2.008915e+00, -8.028865e-05
2.998971e+00, 2.003333e+00, 3.000457e+00, 2.008915e+00, -8.028866e-05
2.998971e+00, 2.003333e+00, 3.000457e+00, 2.008915e+00, -8.028870e-05
2.998971e+00, 2.003333e+00, 3.000457e+00, 2.008915e+00, -8.028861e-05
2.998971e+00, 2.003333e+00, 3.000457e+00, 2.008915e+00, -8.028876e-05
2.998971e+00, 2.003333e+00, 3.000457e+00, 2.008915e+00, -8.028855e-05
2.998971e+00, 2.003333e+00, 3.000457e+00, 2.008915e+00, -8.028881e-05
2.998971e+00, 2.003333e+00, 3.000457e+00, 2.008915e+00, -8.028849e-05
2.981176e+00, 2.067722e+00, -3.819023e+00, -3.335225e+00, -1.115410e-02
-2.823876e+00, 3.118179e+00, 3.593985e+00, -1.739923e+00, -9.668835e-03
-2.799271e+00, 3.212164e+00, 2.397836e+00, 1.897364e+00, -6.259231e-01
3.069396e+00, 1.800733e+00, -2.804837e+00, 3.079375e+00, -3.146384e-02
-1.360635e+00, -2.726058e+00, 3.965156e+00, -2.604930e+00, -8.021265e+00
-2.842031e+00, 3.017552e+00, -2.035900e+00, 3.167807e+00, -7.572841e-01
-3.777700e+00, -3.280868e+00, -3.779785e+00, -3.283811e+00, -1.521130e-05
-3.777700e+00, -3.280868e+00, -3.779785e+00, -3.283811e+00, -1.521117e-05
-3.777700e+00, -3.280868e+00, -3.779785e+00, -3.283811e+00, -1.521131e-05
-3.777700e+00, -3.280868e+00, -3.779785e+00, -3.283811e+00, -1.521116e-05
-3.777700e+00, -3.280868e+00, -3.779785e+00, -3.283811e+00, -1.521122e-05
-3.777700e+00, -3.280868e+00, -3.779785e+00, -3.283811e+00, -1.521125e-05
-3.777700e+00, -3.280868e+00, -3.779785e+00, -3.283811e+00, -1.521121e-05
-3.777700e+00, -3.280868e+00, -3.779785e+00, -3.283811e+00, -1.521126e-05
3.184038e+00, 1.344532e+00, 3.490370e+00, -1.896388e+00, -2.391335e-01
-3.321065e+00, -3.408532e+00, -2.770528e+00, 2.831702e+00, -8.206164e-01
-3.321065e+00, -3.408532e+00, -2.770528e+00, 2.831702e+00, -8.206163e-01
-3.321065e+00, -3.408532e+00, -2.770528e+00, 2.831702e+00, -8.206163e-01
-3.321065e+00, -3.408532e+00, -2.770528e+00, 2.831702e+00, -8.206164e-01
-3.321065e+00, -3.408532e+00, -2.770528e+00, 2.831702e+00, -8.206164e-01
-3.321065e+00, -3.408532e+00, -2.770528e+00, 2.831702e+00, -8.206164e-01
-3.321065e+00, -3.408532e+00, -2.770528e+00, 2.831702e+00, -8.206163e-01
-3.321065e+00, -3.408532e+00, -2.770528e+00, 2.831702e+00, -8.206164e-01
2.991459e+00, 1.763137e+00, 3.072094e+00, 2.038841e+00, -5.861723e-02
2.991459e+00, 1.763137e+00, 3.072094e+00, 2.038841e+00, -5.861724e-02
2.991459e+00, 1.763137e+00, 3.072094e+00, 2.038841e+00, -5.861723e-02
2.991459e+00, 1.763137e+00, 3.072094e+00, 2.038841e+00, -5.861724e-02
2.991459e+00, 1.763137e+00, 3.072094e+00, 2.038841e+00, -5.861724e-02
2.991459e+00, 1.763137e+00, 3.072094e+00, 2.038841e+00, -5.861723e-02
2.991459e+00, 1.763137e+00, 3.072094e+00, 2.038841e+00, -5.861723e-02
2.991459e+00, 1.763137e+00, 3.072094e+00, 2.038841e+00, -5.861723e-02
-3.819306e+00, -3.277859e+00, 3.437270e+00, -6.647414e-01, -4.931733e-01
-3.819306e+00, -3.277859e+00, 3.437270e+00, -6.647414e-01, -4.931733e-01
-3.819306e+00, -3.277859e+00, 3.437270e+00, -6.647414e-01, -4.931733e-01
-3.819306e+00, -3.277859e+00, 3.437270e+00, -6.647414e-01, -4.931733e-01
-3.819306e+00, -3.277859e+00, 3.437270e+00, -6.647414e-01, -4.931733e-01
-3.819306e+00, -3.277859e+00, 3.437270e+00, -6.647414e-01, -4.931733e-01
-3.819306e+00, -3.277859e+00, 3.437270e+00, -6.647414e-01, -4.931733e-01
-3.819306e+00, -3.277859e+00, 3.437270e+00, -6.647414e-01, -4.931733e-01
3.061709e+00, 1.952256e+00, -3.693316e+00, -3.197874e+00, -3.255976e-02
3.061709e+00, 1.952256e+00, -3.693316e+00, -3.197874e+00, -3.255976e-02
3.061709e+00, 1.952256e+00, -3.693316e+00, -3.197874e+00, -3.255976e-02
3.061709e+00, 1.952256e+00, -3.693316e+00, -3.197874e+00, -3.255976e-02
3.061709e+00, 1.952256e+00, -3.693316e+00, -3.197874e+00, -3.255977e-02
3.061709e+00, 1.952256e+00, -3.693316e+00, -3.197874e+00, -3.255976e-02
3.061709e+00, 1.952256e+00, -3.693316e+00, -3.197874e+00, -3.255976e-02
3.061709e+00, 1.952256e+00, -3.693316e+00, -3.197874e+00, -3.255976e-02
-4.005514e+00, -3.774316e+00, -3.467939e+00, -2.612517e+00, -1.394702e+00
-4.005514e+00, -3.774316e+00, -3.467939e+00, -2.612517e+00, -1.394702e+00
-4.005514e+00, -3.774316e+00, -3.467939e+00, -2.612517e+00, -1.394702e+00
-4.005514e+00, -3.774316e+00, -3.467939e+00, -2.612517e+00, -1.394702e+00
-4.005514e+00, -3.774316e+00, -3.467939e+00, -2.612517e+00, -1.394702e+00
-4.005514e+00, -3.774316e+00, -3.467939e+00, -2.612517e+00, -1.394702e+00
-4.005514e+00, -3.774316e+00, -3.467939e+00, -2.612517e+00, -1.394702e+00
-4.005514e+00, -3.774316e+00, -3.467939e+00, -2.612517e+00, -1.394702e+00
2.969203e+00, 2.015614e+00, 2.996263e+00, 2.061105e+00, -4.527678e-03
-3.903342e+00, -3.255193e+00, -3.429668e+00, -1.421029e+00, -3.611191e+00
-3.903342e+00, -3.255193e+00, -3.429668e+00, -1.421029e+00, -3.611191e+00
-3.903342e+00, -3.255193e+00, -3.429668e+00, -1.421029e+00, -3.611191e+00
-3.903342e+00, -3.255193e+00, -3.429668e+00, -1.421029e+00, -3.611191e+00
-3.903342e+00, -3.255193e+00, -3.429668e+00, -1.421029e+00, -3.611191e+00
-3.903342e+00, -3.255193e+00, -3.429668e+00, -1.421029e+00, -3.611191e+00
-3.903342e+00, -3.255193e+00, -3.429668e+00, -1.421029e+00, -3.611191e+00
-3.903342e+00, -3.255193e+00, -3.429668e+00, -1.421029e+00, -3.611191e+00
3.077185e+00, 1.864081e+00, 2.954603e+00, 2.026083e+00, -1.874578e-02
3.077185e+00, 1.864081e+00, 2.954603e+00, 2.026083e+00, -1.874577e-02
3.077185e+00, 1.864081e+00, 2.954603e+00, 2.026083e+00, -1.874577e-02
3.077185e+00, 1.864081e+00, 2.954603e+00, 2.026083e+00, -1.874578e-02
3.077185e+00, 1.864081e+00, 2.954603e+00, 2.026083e+00, -1.874577e-02
3.077185e+00, 1.864081e+00, 2.954603e+00, 2.026083e+00, -1.874578e-02
3.077185e+00, 1.864081e+00, 2.954603e+00, 2.026083e+00, -1.874577e-02
3.077185e+00, 1.864081e+00, 2.954603e+00, 2.026083e+00, -1.874577e-02
-2.242359e+00, 3.089916e+00, 3.024391e+00, 2.615621e-01, -1.309880e+00
3.490502e+00, -1.645648e+00, -2.715105e+00, 3.078719e+00, -6.067735e-02
-2.804811e+00, 3.134774e+00, -2.787601e+00, 3.125735e+00, -5.755661e-04
-2.804811e+00, 3.134774e+00, -2.787601e+00, 3.125735e+00, -5.755661e-04
-2.804811e+00, 3.134774e+00, -2.787601e+00, 3.125735e+00, -5.755663e-04
-2.804811e+00, 3.134774e+00, -2.787601e+00, 3.125735e+00, -5.755660e-04
-2.804811e+00, 3.134774e+00, -2.787601e+00, 3.125735e+00, -5.755667e-04
-2.804811e+00, 3.134774e+00, -2.787601e+00, 3.125735e+00, -5.755656e-04
-2.804811e+00, 3.134774e+00, -2.787601e+00, 3.125735e+00, -5.755659e-04
-2.804811e+00, 3.134774e+00, -2.787601e+00, 3.125735e+00, -5.755663e-04
2.985164e+00, 2.042326e+00, 2.906738e+00, 2.014872e+00, -1.574997e-02
3.585886e+00, -1.850636e+00, -3.781193e+00, -3.284655e+00, -2.007947e-05
3.602974e+00, -2.060983e+00, -3.768899e+00, -3.257310e+00, -3.789492e-02
3.602974e+00, -2.060983e+00, -3.768899e+00, -3.257310e+00, -3.789492e-02
3.602974e+00, -2.060983e+00, -3.768899e+00, -3.257310e+00, -3.789492e-02
3.602974e+00, -2.060983e+00, -3.768899e+00, -3.257310e+00, -3.789493e-02
3.602974e+00, -2.060983e+00, -3.768899e+00, -3.257310e+00, -3.789492e-02
3.602974e+00, -2.060983e+00, -3.768899e+00, -3.257310e+00, -3.789492e-02
3.602974e+00, -2.060983e+00, -3.768899e+00, -3.257310e+00, -3.789492e-02
3.602974e+00, -2.060983e+00, -3.768899e+00, -3.257310e+00, -3.789492e-02
6.000000e+00, 3.175864e+00, -6.000000e+00, 4.324182e+00, -8.844089e+01
-3.800666e+00, -3.283398e+00, -3.837538e+00, -2.934534e+00, -2.804673e-01
2.774142e+00, -2.416889e+00, 4.870639e-01, 3.428475e+00, -5.830261e+00
2.774142e+00, -2.416889e+00, 4.870639e-01, 3.428475e+00, -5.830261e+00
2.774142e+00, -2.416889e+00, 4.870639e-01, 3.428475e+00, -5.830261e+00
2.774142e+00, -2.416889e+00, 4.870639e-01, 3.428475e+00, -5.830261e+00
2.774142e+00, -2.416889e+00, 4.870639e-01, 3.428475e+00, -5.830261e+00
2.774142e+00, -2.416889e+00, 4.870639e-01, 3.428475e+00, -5.830261e+00
2.774142e+00, -2.416889e+00, 4.870639e-01, 3.428475e+00, -5.830261e+00
2.774142e+00, -2.416889e+00, 4.870639e-01, 3.428475e+00, -5.830261e+00
3.001551e+00, 1.996847e+00, 3.584058e+00, -1.841959e+00, -3.536944e-05
-2.968185e+00, -7.260688e-02, 3.581777e+00, -1.184009e+00, -5.443015e+00
3.552786e+00, -1.831489e+00, -3.766998e+00, -3.254367e+00, -4.375232e-03
3.552786e+00, -1.831489e+00, -3.766998e+00, -3.254367e+00, -4.375236e-03
3.552786e+00, -1.831489e+00, -3.766998e+00, -3.254367e+00, -4.375234e-03
3.552786e+00, -1.831489e+00, -3.766998e+00, -3.254367e+00, -4.375234e-03
3.552786e+00, -1.831489e+00, -3.766998e+00, -3.254367e+00, -4.375234e-03
3.552786e+00, -1.831489e+00, -3.766998e+00, -3.254367e+00, -4.375234e-03
3.552786e+00, -1.831489e+00, -3.766998e+00, -3.254367e+00, -4.375235e-03
3.552786e+00, -1.831489e+00, -3.766998e+00, -3.254367e+00, -4.375233e-03
2.323975e+00, -6.000000e+00, -6.000000e+00, -6.000000e+00, -1.002866e+02
3.000683e+00, 1.998536e+00, 2.998953e+00, 2.002738e+00, -7.223935e-06
2.981176e+00, 2.067722e+00, -3.819023e+00, -3.335225e+00, -1.115410e-02
2.981176e+00, 2.067722e+00, -3.819023e+00, -3.335225e+00, -1.115410e-02
2.981176e+00, 2.067722e+00, -3.819023e+00, -3.335225e+00, -1.115410e-02
2.981176e+00, 2.067722e+00, -3.819023e+00, -3.335225e+00, -1.115410e-02
2.981176e+00, 2.067722e+00, -3.819023e+00, -3.335225e+00, -1.115410e-02
2.981176e+00, 2.067722e+00, -3.819023e+00, -3.335225e+00, -1.115410e-02
2.981176e+00, 2.067722e+00, -3.819023e+00, -3.335225e+00, -1.115410e-02
2.981176e+00, 2.067722e+00, -3.819023e+00, -3.335225e+00, -1.115410e-02
-2.823876e+00, 3.118179e+00, 3.593985e+00, -1.739923e+00, -9.668834e-03
-2.823876e+00, 3.118179e+00, 3.593985e+00, -1.739923e+00, -9.668836e-03
-2.823876e+00, 3.118179e+00, 3.593985e+00, -1.739923e+00, -9.668834e-03
-2.823876e+00, 3.118179e+00, 3.593985e+00, -1.739923e+00, -9.668835e-03
-2.823876e+00, 3.118179e+00, 3.593985e+00, -1.739923e+00, -9.668836e-03
-2.823876e+00, 3.118179e+00, 3.593985e+00, -1.739923e+00, -9.668834e-03
-2.823876e+00, 3.118179e+00, 3.593985e+00, -1.739923e+00, -9.668836e-03
-2.823876e+00, 3.118179e+00, 3.593985e+00, -1.739923e+00, -9.668833e-03
-2.799271e+00, 3.212164e+00, 2.397836e+00, 1.897364e+00, -6.259231e-01
-2.799271e+00, 3.212164e+00, 2.397836e+00, 1.897364e+00, -6.259231e-01
-2.799271e+00, 3.212164e+00, 2.397836e+00, 1.897364e+00, -6.259231e-01
-2.799271e+00, 3.212164e+00, 2.397836e+00, 1.897364e+00, -6.259231e-01
-2.799271e+00, 3.212164e+00, 2.397836e+00, 1.897364e+00, -6.259231e-01
-2.799271e+00, 3.212164e+00, 2.397836e+00, 1.897364e+00, -6.259231e-01
-2.799271e+00, 3.212164e+00, 2.397836e+00, 1.897364e+00, -6.259231e-01
-2.799271e+00, 3.212164e+00, 2.397836e+00, 1.897364e+00, -6.259231e-01
3.069396e+00, 1.800733e+00, -2.804837e+00, 3.079375e+00, -3.146384e-02
3.069396e+00, 1.800733e+00, -2.804837e+00, 3.079375e+00, -3.146384e-02
3.069396e+00, 1.800733e+00, -2.804837e+00, 3.079375e+00, -3.146384e-02
3.069396e+00, 1.800733e+00, -2.804837e+00, 3.079375e+00, -3.146384e-02
3.069396e+00, 1.800733e+00, -2.804837e+00, 3.079375e+00, -3.146384e-02
3.069396e+00, 1.800733e+00, -2.804837e+00, 3.079375e+00, -3.146384e-02
3.069396e+00, 1.800733e+00, -2.804837e+00, 3.079375e+00, -3.146384e-02
3.069396e+00, 1.800733e+00, -2.804837e+00, 3.079375e+00, -3.146384e-02
-1.360635e+00, -2.726058e+00, 3.965156e+00, -2.604930e+00, -8.021265e+00
-1.360635e+00, -2.726058e+00, 3.965156e+00, -2.604930e+00, -8.021265e+00
-1.360635e+00, -2.726058e+00, 3.965156e+00, -2.604930e+00, -8.021265e+00
-1.360635e+00, -2.726058e+00, 3.965156e+00, -2.604930e+00, -8.021265e+00
-1.360635e+00, -2.726058e+00, 3.965156e+00, -2.604930e+00, -8.021265e+00
-1.360635e+00, -2.726058e+00, 3.965156e+00, -2.604930e+00, -8.021265e+00
-1.360635e+00, -2.726058e+00, 3.965156e+00, -2.604930e+00, -8.021265e+00
-1.360635e+00, -2.726058e+00, 3.965156e+00, -2.604930e+00, -8.021265e+00
-2.842031e+00, 3.017552e+00, -2.035900e+00, 3.167807e+00, -7.572841e-01
-2.842031e+00, 3.017552e+00, -2.035900e+00, 3.167807e+00, -7.572841e-01
-2.842031e+00, 3.017552e+00, -2.035900e+00, 3.167807e+00, -7.572841e-01
-2.842031e+00, 3.017552e+00, -2.035900e+00, 3.167807e+00, -7.572841e-01
-2.842031e+00, 3.017552e+00, -2.035900e+00, 3.167807e+00, -7.572841e-01
-2.842031e+00, 3.017552e+00, -2.035900e+00, 3.167807e+00, -7.572841e-01
-2.842031e+00, 3.017552e+00, -2.035900e+00, 3.167807e+00, -7.572841e-01
-2.842031e+00, 3.017552e+00, -2.035900e+00, 3.167807e+00, -7.572841e-01
-3.779290e+00, -3.282902e+00, -3.779294e+00, -3.283177e+00, -1.720586e-07
3.184038e+00, 1.344532e+00, 3.490370e+00, -1.896388e+00, -2.391335e-01
3.184038e+00, 1.344532e+00, 3.490370e+00, -1.896388e+00, -2.391335e-01
3.184038e+00, 1.344532e+00, 3.490370e+00, -1.896388e+00, -2.391335e-01
3.184038e+00, 1.344532e+00, 3.490370e+00, -1.896388e+00, -2.391335e-01
3.184038e+00, 1.344532e+00, 3.490370e+00, -1.896388e+00, -2.391335e-01
3.184038e+00, 1.344532e+00, 3.490370e+00, -1.896388e+00, -2.391335e-01
3.184038e+00, 1.344532e+00, 3.490370e+00, -1.896388e+00, -2.391335e-01
3.184038e+00, 1.344532e+00, 3.490370e+00, -1.896388e+00, -2.391335e-01
-3.603212e+00, -3.248289e+00, -2.819499e+00, 3.097887e+00, -8.275529e-02
2.987960e+00, 1.902747e+00, 3.046427e+00, 2.028250e+00, -1.515787e-02
-3.817232e+00, -3.327844e+00, 3.530110e+00, -8.804430e-01, -3.862378e-01
3.000381e+00, 1.933166e+00, -3.793595e+00, -3.267313e+00, -5.122027e-03
-3.823452e+00, -3.377897e+00, -3.725750e+00, -3.034141e+00, -1.367642e-01
2.969203e+00, 2.015614e+00, 2.996263e+00, 2.061105e+00, -4.527677e-03
2.969203e+00, 2.015614e+00, 2.996263e+00, 2.061105e+00, -4.527679e-03
2.969203e+00, 2.015614e+00, 2.996263e+00, 2.061105e+00, -4.527678e-03
2.969203e+00, 2.015614e+00, 2.996263e+00, 2.061105e+00, -4.527678e-03
2.969203e+00, 2.015614e+00, 2.996263e+00, 2.061105e+00, -4.527679e-03
2.969203e+00, 2.015614e+00, 2.996263e+00, 2.061105e+00, -4.527678e-03
2.969203e+00, 2.015614e+00, 2.996263e+00, 2.061105e+00, -4.527679e-03
2.969203e+00, 2.015614e+00, 2.996263e+00, 2.061105e+00, -4.527677e-03
-5.799680e+00, -3.570603e+00, -3.899326e+00, -5.747551e+00, -4.279211e+01
3.005628e+00, 2.036464e+00, 2.985747e+00, 2.021417e+00, -1.876876e-03
-2.242359e+00, 3.089916e+00, 3.024391e+00, 2.615621e-01, -1.309880e+00
-2.242359e+00, 3.089916e+00, 3.024391e+00, 2.615621e-01, -1.309880e+00
-2.242359e+00, 3.089916e+00, 3.024391e+00, 2.615621e-01, -1.309880e+00
-2.242359e+00, 3.089916e+00, 3.024391e+00, 2.615621e-01, -1.309880e+00
-2.242359e+00, 3.089916e+00, 3.024391e+00, 2.615621e-01, -1.309880e+00
-2.242359e+00, 3.089916e+00, 3.024391e+00, 2.615621e-01, -1.309880e+00
-2.242359e+00, 3.089916e+00, 3.024391e+00, 2.615621e-01, -1.309880e+00
-2.242359e+00, 3.089916e+00, 3.024391e+00, 2.615621e-01, -1.309880e+00
3.490502e+00, -1.645648e+00, -2.715105e+00, 3.078719e+00, -6.067734e-02
3.490502e+00, -1.645648e+00, -2.715105e+00, 3.078719e+00, -6.067735e-02
3.490502e+00, -1.645648e+00, -2.715105e+00, 3.078719e+00, -6.067735e-02
3.490502e+00, -1.645648e+00, -2.715105e+00, 3.078719e+00, -6.067735e-02
3.490502e+00, -1.645648e+00, -2.715105e+00, 3.078719e+00, -6.067735e-02
3.490502e+00, -1.645648e+00, -2.715105e+00, 3.078719e+00, -6.067734e-02
3.490502e+00, -1.645648e+00, -2.715105e+00, 3.078719e+00, -6.067735e-02
3.490502e+00, -1.645648e+00, -2.715105e+00, 3.078718e+00, -6.067735e-02
-2.802239e+00, 3.130977e+00, -2.809192e+00, 3.130220e+00, -4.327834e-05
2.985164e+00, 2.042326e+00, 2.906738e+00, 2.014872e+00, -1.574997e-02
2.985164e+00, 2.042326e+00, 2.906738e+00, 2.014872e+00, -1.574997e-02
2.985164e+00, 2.042326e+00, 2.906738e+00, 2.014872e+00, -1.574997e-02
2.985164e+00, 2.042326e+00, 2.906738e+00, 2.014872e+00, -1.574996e-02
2.985164e+00, 2.042326e+00, 2.906738e+00, 2.014872e+00, -1.574996e-02
2.985164e+00, 2.042326e+00, 2.906738e+00, 2.014872e+00, -1.574997e-02
2.985164e+00, 2.042326e+00, 2.906738e+00, 2.014872e+00, -1.574996e-02
2.985164e+00, 2.042326e+00, 2.906738e+00, 2.014872e+00, -1.574997e-02
3.585886e+00, -1.850636e+00, -3.781193e+00, -3.284655e+00, -2.007954e-05
3.585886e+00, -1.850636e+00, -3.781193e+00, -3.284655e+00, -2.007941e-05
3.585886e+00, -1.850636e+00, -3.781193e+00, -3.284655e+00, -2.007944e-05
3.585886e+00, -1.850636e+00, -3.781193e+00, -3.284655e+00, -2.007951e-05
3.585886e+00, -1.850636e+00, -3.781193e+00, -3.284655e+00, -2.007939e-05
3.585886e+00, -1.850636e+00, -3.781193e+00, -3.284655e+00, -2.007956e-05
3.585886e+00, -1.850636e+00, -3.781193e+00, -3.284655e+00, -2.007944e-05
3.585886e+00, -1.850636e+00, -3.781193e+00, -3.284655e+00, -2.007951e-05
3.573602e+00, -1.798407e+00, -3.775175e+00, -3.287897e+00, -2.010467e-03
5.056441e+00, 1.809439e+00, -4.292487e+00, 2.655254e+00, -1.947968e+01
-3.800666e+00, -3.283398e+00, -3.837538e+00, -2.934534e+00, -2.804673e-01
-3.800666e+00, -3.283398e+00, -3.837538e+00, -2.934534e+00, -2.804673e-01
-3.800666e+00, -3.283398e+00, -3.837538e+00, -2.934534e+00, -2.804673e-01
-3.800666e+00, -3.283398e+00, -3.837538e+00, -2.934534e+00, -2.804673e-01
-3.800666e+00, -3.283398e+00, -3.837538e+00, -2.934534e+00, -2.804673e-01
-3.800666e+00, -3.283398e+00, -3.837538e+00, -2.934534e+00, -2.804673e-01
-3.800666e+00, -3.283398e+00, -3.837538e+00, -2.934534e+00, -2.804674e-01
-3.800666e+00, -3.283398e+00, -3.837538e+00, -2.934534e+00, -2.804673e-01
6.000000e+00, -1.323343e+00, 1.912358e+00, 2.596103e+00, -2.932049e+01
3.001551e+00, 1.996847e+00, 3.584058e+00, -1.841959e+00, -3.536946e-05
3.001551e+00, 1.996847e+00, 3.584058e+00, -1.841959e+00, -3.536941e-05
3.001551e+00, 1.996847e+00, 3.584058e+00, -1.841959e+00, -3.536940e-05
3.001551e+00, 1.996847e+00, 3.584058e+00, -1.841959e+00, -3.536948e-05
3.001551e+00, 1.996847e+00, 3.584058e+00, -1.841959e+00, -3.536944e-05
3.001551e+00, 1.996847e+00, 3.584058e+00, -1.841959e+00, -3.536944e-05
3.001551e+00, 1.996847e+00, 3.584058e+00, -1.841959e+00, -3.536953e-05
3.001551e+00, 1.996847e+00, 3.584058e+00, -1.841959e+00, -3.536935e-05
-2.968185e+00, -7.260688e-02, 3.581777e+00, -1.184009e+00, -5.443015e+00
-2.968185e+00, -7.260688e-02, 3.581777e+00, -1.184009e+00, -5.443015e+00
-2.968185e+00, -7.260687e-02, 3.581777e+00, -1.184009e+00, -5.443015e+00
-2.968185e+00, -7.260689e-02, 3.581777e+00, -1.184009e+00, -5.443015e+00
-2.968185e+00, -7.260688e-02, 3.581777e+00, -1.184009e+00, -5.443015e+00
-2.968185e+00, -7.260688e-02, 3.581777e+00, -1.184009e+00, -5.443015e+00
-2.968185e+00, -7.260688e-02, 3.581777e+00, -1.184009e+00, -5.443015e+00
-2.968185e+00, -7.260688e-02, 3.581777e+00, -1.184009e+00, -5.443015e+00
3.589285e+00, -1.835042e+00, -3.783178e+00, -3.292609e+00, -3.971822e-04
2.760639e+00, -3.902678e+00, -6.000000e+00, -6.000000e+00, -5.319174e+01
3.000683e+00, 1.998536e+00, 2.998953e+00, 2.002738e+00, -7.223945e-06
3.000683e+00, 1.998536e+00, 2.998953e+00, 2.002738e+00, -7.223924e-06
3.000683e+00, 1.998536e+00, 2.998953e+00, 2.002738e+00, -7.223917e-06
3.000683e+00, 1.998536e+00, 2.998953e+00, 2.002738e+00, -7.223953e-06
3.000683e+00, 1.998536e+00, 2.998953e+00, 2.002738e+00, -7.223923e-06
3.000683e+00, 1.998536e+00, 2.998953e+00, 2.002738e+00, -7.223946e-06
3.000683e+00, 1.998536e+00, 2.998953e+00, 2.002738e+00, -7.223971e-06
3.000683e+00, 1.998536e+00, 2.998953e+00, 2.002738e+00, -7.223898e-06
2.985148e+00, 2.052610e+00, -3.775960e+00, -3.291101e+00, -2.241690e-03
-2.819229e+00, 3.140085e+00, 3.582149e+00, -1.782589e+00, -3.478609e-03
-2.812681e+00, 3.260711e+00, 2.729975e+00, 2.076988e+00, -1.432388e-01
3.011725e+00, 1.956630e+00, -2.798220e+00, 3.154114e+00, -2.455573e-03
-4.698228e+00, -4.645952e+00, 3.047492e+00, -4.738956e+00, -2.615622e+01
-2.804036e+00, 3.563317e+00, -3.866729e+00, 3.429162e+00, -3.191198e+00
-3.779290e+00, -3.282902e+00, -3.779294e+00, -3.283177e+00, -1.720557e-07
-3.779290e+00, -3.282902e+00, -3.779294e+00, -3.283177e+00, -1.720614e-07
-3.779290e+00, -3.282902e+00, -3.779294e+00, -3.283177e+00, -1.720708e-07
-3.779290e+00, -3.282902e+00, -3.779294e+00, -3.283177e+00, -1.720463e-07
-3.779290e+00, -3.282902e+00, -3.779294e+00, -3.283177e+00, -1.720594e-07
-3.779290e+00, -3.282902e+00, -3.779294e+00, -3.283177e+00, -1.720578e-07
-3.779290e+00, -3.282902e+00, -3.779294e+00, -3.283177e+00, -1.720588e-07
-3.779290e+00, -3.282902e+00, -3.779294e+00, -3.283177e+00, -1.720584e-07
3.114767e+00, 2.227271e+00, 3.392696e+00, -1.897639e+00, -1.972173e-01
-3.603212e+00, -3.248289e+00, -2.819499e+00, 3.097887e+00, -8.275530e-02
-3.603212e+00, -3.248289e+00, -2.819499e+00, 3.097887e+00, -8.275528e-02
-3.603212e+00, -3.248289e+00, -2.819499e+00, 3.097887e+00, -8.275529e-02
-3.603212e+00, -3.248289e+00, -2.819499e+00, 3.097887e+00, -8.275529e-02
-3.603212e+00, -3.248289e+00, -2.819499e+00, 3.097887e+00, -8.275529e-02
-3.603212e+00, -3.248289e+00, -2.819499e+00, 3.097887e+00, -8.275529e-02
-3.603212e+00, -3.248289e+00, -2.819499e+00, 3.097887e+00, -8.275529e-02
-3.603212e+00, -3.248289e+00, -2.819499e+00, 3.097887e+00, -8.275529e-02
2.987960e+00, 1.902747e+00, 3.046427e+00, 2.028250e+00, -1.515787e-02
2.987960e+00, 1.902747e+00, 3.046427e+00, 2.028250e+00, -1.515787e-02
2.987960e+00, 1.902747e+00, 3.046427e+00, 2.028250e+00, -1.515787e-02
2.987960e+00, 1.902747e+00, 3.046427e+00, 2.028250e+00, -1.515787e-02
2.987960e+00, 1.902747e+00, 3.046427e+00, 2.028250e+00, -1.515787e-02
2.987960e+00, 1.902747e+00, 3.046427e+00, 2.028250e+00, -1.515787e-02
2.987960e+00, 1.902747e+00, 3.046427e+00, 2.028250e+00, -1.515787e-02
2.987960e+00, 1.902747e+00, 3.046427e+00, 2.028250e+00, -1.515787e-02
-3.817232e+00, -3.327844e+00, 3.530110e+00, -8.804430e-01, -3.862378e-01
-3.817232e+00, -3.327844e+00, 3.530110e+00, -8.804430e-01, -3.862378e-01
-3.817232e+00, -3.327844e+00, 3.530110e+00, -8.804430e-01, -3.862378e-01
-3.817232e+00, -3.327844e+00, 3.530110e+00, -8.804430e-01, -3.862378e-01
-3.817232e+00, -3.327844e+00, 3.530110e+00, -8.804430e-01, -3.862378e-01
-3.817232e+00, -3.327844e+00, 3.530110e+00, -8.804430e-01, -3.862378e-01
-3.817232e+00, -3.327844e+00, 3.530110e+00, -8.804430e-01, -3.862378e-01
-3.817232e+00, -3.327844e+00, 3.530110e+00, -8.804430e-01, -3.862378e-01
3.000381e+00, 1.933166e+00, -3.793595e+00, -3.267313e+00, -5.122026e-03
3.000381e+00, 1.933166e+00, -3.793595e+00, -3.267313e+00, -5.122028e-03
3.000381e+00, 1.933166e+00, -3.793595e+00, -3.267313e+00, -5.122026e-03
3.000381e+00, 1.933166e+00, -3.793595e+00, -3.267313e+00, -5.122028e-03
3.000381e+00, 1.933166e+00, -3.793595e+00, -3.267313e+00, -5.122026e-03
3.000381e+00, 1.933166e+00, -3.793595e+00, -3.267313e+00, -5.122028e-03
3.000381e+00, 1.933166e+00, -3.793595e+00, -3.267313e+00, -5.122028e-03
3.000381e+00, 1.933166e+00, -3.793595e+00, -3.267313e+00, -5.122026e-03
-3.823452e+00, -3.377897e+00, -3.725750e+00, -3.034141e+00, -1.367642e-01
-3.823452e+00, -3.377897e+00, -3.725750e+00, -3.034141e+00, -1.367642e-01
-3.823452e+00, -3.377897e+00, -3.725750e+00, -3.034141e+00, -1.367642e-01
-3.823452e+00, -3.377897e+00, -3.725750e+00, -3.034141e+00, -1.367643e-01
-3.823452e+00, -3.377897e+00, -3.725750e+00, -3.034141e+00, -1.367642e-01
-3.823452e+00, -3.377897e+00, -3.725750e+00, -3.034141e+00, -1.367642e-01
-3.823452e+00, -3.377897e+00, -3.725750e+00, -3.034141e+00, -1.367643e-01
-3.823452e+00, -3.377897e+00, -3.725750e+00, -3.034141e+00, -1.367642e-01
3.003478e+00, 2.009826e+00, 3.005401e+00, 2.011108e+00, -3.586516e-04
-4.851511e+00, -3.412898e+00, -3.664497e+00, -3.584290e+00, -4.469662e+00
3.005628e+00, 2.036464e+00, 2.985747e+00, 2.021417e+00, -1.876877e-03
3.005628e+00, 2.036464e+00, 2.985747e+00, 2.021417e+00, -1.876876e-03
3.005628e+00, 2.036464e+00, 2.985747e+00, 2.021417e+00, -1.876877e-03
3.005628e+00, 2.036464e+00, 2.985747e+00, 2.021417e+00, -1.876876e-03
3.005628e+00, 2.036464e+00, 2.985747e+00, 2.021417e+00, -1.876876e-03
3.005628e+00, 2.036464e+00, 2.985747e+00, 2.021417e+00, -1.876877e-03
3.005628e+00, 2.036464e+00, 2.985747e+00, 2.021417e+00, -1.876877e-03
3.005628e+00, 2.036464e+00, 2.985747e+00, 2.021417e+00, -1.876876e-03
-2.691618e+00, 3.124067e+00, 3.248397e+00, 2.835223e-01, -6.953919e-01
3.569194e+00, -1.683487e+00, -2.788634e+00, 3.110201e+00, -1.926271e-02
-2.802239e+00, 3.130977e+00, -2.809192e+00, 3.130220e+00, -4.327844e-05
-2.802239e+00, 3.130977e+00, -2.809192e+00, 3.130220e+00, -4.327825e-05
-2.802239e+00, 3.130977e+00, -2.809192e+00, 3.130220e+00, -4.327833e-05
-2.802239e+00, 3.130977e+00, -2.809192e+00, 3.130220e+00, -4.327836e-05
-2.802239e+00, 3.130977e+00, -2.809192e+00, 3.130220e+00, -4.327821e-05
-2.802239e+00, 3.130977e+00, -2.809192e+00, 3.130220e+00, -4.327848e-05
-2.802239e+00, 3.130977e+00, -2.809192e+00, 3.130220e+00, -4.327830e-05
-2.802239e+00, 3.130977e+00, -2.809192e+00, 3.130220e+00, -4.327839e-05
2.932669e+00, 1.977321e+00, 3.014108e+00, 1.993772e+00, -1.046537e-02
3.584406e+00, -1.847391e+00, -3.779377e+00, -3.283133e+00, -4.165699e-07
3.573602e+00, -1.798407e+00, -3.775175e+00, -3.287897e+00, -2.010467e-03
3.573602e+00, -1.798407e+00, -3.775175e+00, -3.287897e+00, -2.010468e-03
3.573602e+00, -1.798407e+00, -3.775175e+00, -3.287897e+00, -2.010468e-03
3.573602e+00, -1.798407e+00, -3.775175e+00, -3.287897e+00, -2.010467e-03
3.573602e+00, -1.798407e+00, -3.775175e+00, -3.287897e+00, -2.010468e-03
3.573602e+00, -1.798407e+00, -3.775175e+00, -3.287897e+00, -2.010467e-03
3.573602e+00, -1.798407e+00, -3.775175e+00, -3.287897e+00, -2.010467e-03
3.573602e+00, -1.798407e+00, -3.775175e+00, -3.287897e+00, -2.010468e-03
3.503894e+00, 1.126227e+00, -3.229993e+00, 1.820790e+00, -3.006224e+00
-3.794803e+00, -3.288376e+00, -3.815852e+00, -3.183487e+00, -3.096800e-02
6.000000e+00, -1.870116e+00, 1.199711e+00, 3.012289e+00, -2.974131e+01
3.000499e+00, 1.997714e+00, 3.583923e+00, -1.844925e+00, -1.136814e-05
-3.074156e+00, -5.596314e-02, 3.445114e+00, -1.346723e+00, -5.363175e+00
3.589285e+00, -1.835042e+00, -3.783178e+00, -3.292609e+00, -3.971825e-04
3.589285e+00, -1.835042e+00, -3.783178e+00, -3.292609e+00, -3.971819e-04
3.589285e+00, -1.835042e+00, -3.783178e+00, -3.292609e+00, -3.971824e-04
3.589285e+00, -1.835042e+00, -3.783178e+00, -3.292609e+00, -3.971820e-04
3.589285e+00, -1.835042e+00, -3.783178e+00, -3.292609e+00, -3.971821e-04
3.589285e+00, -1.835042e+00, -3.783178e+00, -3.292609e+00, -3.971823e-04
3.589285e+00, -1.835042e+00, -3.783178e+00, -3.292609e+00, -3.971818e-04
3.589285e+00, -1.835042e+00, -3.783178e+00, -3.292609e+00, -3.971825e-04
2.978971e+00, -2.508122e+00, -6.000000e+00, -4.475029e+00, -2.486307e+01
3.000492e+00, 1.998847e+00, 2.999413e+00, 2.001261e+00, -2.259963e-06
2.985148e+00, 2.052610e+00, -3.775960e+00, -3.291101e+00, -2.241690e-03
2.985148e+00, 2.052610e+00, -3.775960e+00, -3.291101e+00, -2.241690e-03
2.985148e+00, 2.052610e+00, -3.775960e+00, -3.291101e+00, -2.241691e-03
2.985148e+00, 2.052610e+00, -3.775960e+00, -3.291101e+00, -2.241689e-03
2.985148e+00, 2.052610e+00, -3.775960e+00, -3.291101e+00, -2.241690e-03
2.985148e+00, 2.052610e+00, -3.775960e+00, -3.291101e+00, -2.241690e-03
2.985148e+00, 2.052610e+00, -3.775960e+00, -3.291101e+00, -2.241690e-03
2.985148e+00, 2.052610e+00, -3.775960e+00, -3.291101e+00, -2.241690e-03
-2.819229e+00, 3.140085e+00, 3.582149e+00, -1.782589e+00, -3.478609e-03
-2.819229e+00, 3.140085e+00, 3.582149e+00, -1.782589e+00, -3.478610e-03
-2.819229e+00, 3.140085e+00, 3.582149e+00, -1.782589e+00, -3.478609e-03
-2.819229e+00, 3.140085e+00, 3.582149e+00, -1.782589e+00, -3.478609e-03
-2.819229e+00, 3.140085e+00, 3.582149e+00, -1.782589e+00, -3.478609e-03
-2.819229e+00, 3.140085e+00, 3.582149e+00, -1.782589e+00, -3.478609e-03
-2.819229e+00, 3.140085e+00, 3.582149e+00, -1.782589e+00, -3.478610e-03
-2.819229e+00, 3.140085e+00, 3.582149e+00, -1.782589e+00, -3.478608e-03
-2.812681e+00, 3.260711e+00, 2.729975e+00, 2.076988e+00, -1.432388e-01
-2.812681e+00, 3.260711e+00, 2.729975e+00, 2.076988e+00, -1.432388e-01
-2.812681e+00, 3.260711e+00, 2.729975e+00, 2.076988e+00, -1.432388e-01
-2.812681e+00, 3.260711e+00, 2.729975e+00, 2.076988e+00, -1.432388e-01
-2.812681e+00, 3.260711e+00, 2.729975e+00, 2.076988e+00, -1.432388e-01
-2.812681e+00, 3.260711e+00, 2.729975e+00, 2.076988e+00, -1.432388e-01
-2.812681e+00, 3.260711e+00, 2.729975e+00, 2.076988e+00, -1.432388e-01
-2.812681e+00, 3.260711e+00, 2.729975e+00, 2.076988e+00, -1.432388e-01
3.011725e+00, 1.956630e+00, -2.798220e+00, 3.154114e+00, -2.455573e-03
3.011725e+00, 1.956630e+00, -2.798220e+00, 3.154114e+00, -2.455573e-03
3.011725e+00, 1.956630e+00, -2.798220e+00, 3.154114e+00, -2.455572e-03
3.011725e+00, 1.956630e+00, -2.798220e+00, 3.154114e+00, -2.455573e-03
3.011725e+00, 1.956630e+00, -2.798220e+00, 3.154114e+00, -2.455573e-03
3.011725e+00, 1.956630e+00, -2.798220e+00, 3.154114e+00, -2.455572e-03
3.011725e+00, 1.956630e+00, -2.798220e+00, 3.154114e+00, -2.455574e-03
3.011725e+00, 1.956630e+00, -2.798220e+00, 3.154114e+00, -2.455572e-03
-3.029431e+00, -3.686005e+00, 3.506324e+00, -3.671943e+00, -7.422041e+00
-2.823034e+00, 3.290434e+00, -2.951315e+00, 3.298485e+00, -1.477729e-01
-3.779308e+00, -3.283187e+00, -3.779307e+00, -3.283184e+00, -4.580157e-11
3.114767e+00, 2.227271e+00, 3.392696e+00, -1.897639e+00, -1.972173e-01
3.114767e+00, 2.227271e+00, 3.392696e+00, -1.897639e+00, -1.972173e-01
3.114767e+00, 2.227271e+00, 3.392696e+00, -1.897639e+00, -1.972173e-01
3.114767e+00, 2.227271e+00, 3.392696e+00, -1.897639e+00, -1.972173e-01
3.114767e+00, 2.227271e+00, 3.392696e+00, -1.897639e+00, -1.972172e-01
3.114767e+00, 2.227271e+00, 3.392696e+00, -1.897639e+00, -1.972173e-01
3.114767e+00, 2.227271e+00, 3.392696e+00, -1.897639e+00, -1.972173e-01
3.114767e+00, 2.227271e+00, 3.392696e+00, -1.897639e+00, -1.972173e-01
-3.838972e+00, -3.228404e+00, -2.842519e+00, 3.022882e+00, -4.699665e-02
2.989922e+00, 2.030801e+00, 3.005171e+00, 2.005492e+00, -7.980285e-04
-3.892741e+00, -3.819053e+00, 4.388050e+00, -3.903373e+00, -9.602846e+00
3.017208e+00, 1.959434e+00, -3.779989e+00, -3.284264e+00, -1.229492e-03
-3.761611e+00, -3.256341e+00, -3.743960e+00, -3.341159e+00, -1.585488e-02
3.003478e+00, 2.009826e+00, 3.005401e+00, 2.011108e+00, -3.586518e-04
3.003478e+00, 2.009826e+00, 3.005401e+00, 2.011108e+00, -3.586514e-04
3.003478e+00, 2.009826e+00, 3.005401e+00, 2.011108e+00, -3.586518e-04
3.003478e+00, 2.009826e+00, 3.005401e+00, 2.011108e+00, -3.586514e-04
3.003478e+00, 2.009826e+00, 3.005401e+00, 2.011108e+00, -3.586519e-04
3.003478e+00, 2.009826e+00, 3.005401e+00, 2.011108e+00, -3.586513e-04
3.003478e+00, 2.009826e+00, 3.005401e+00, 2.011108e+00, -3.586518e-04
3.003478e+00, 2.009826e+00, 3.005401e+00, 2.011108e+00, -3.586514e-04
-4.377426e+00, -3.334045e+00, -3.547082e+00, -2.502660e+00, -2.128748e+00
3.002287e+00, 1.996789e+00, 2.996273e+00, 2.013803e+00, -1.482619e-04
-2.691618e+00, 3.124067e+00, 3.248397e+00, 2.835223e-01, -6.953919e-01
-2.691618e+00, 3.124067e+00, 3.248397e+00, 2.835223e-01, -6.953919e-01
-2.691618e+00, 3.124067e+00, 3.248397e+00, 2.835223e-01, -6.953919e-01
-2.691618e+00, 3.124067e+00, 3.248397e+00, 2.835223e-01, -6.953919e-01
-2.691618e+00, 3.124067e+00, 3.248397e+00, 2.835223e-01, -6.953919e-01
-2.691618e+00, 3.124067e+00, 3.248397e+00, 2.835223e-01, -6.953919e-01
-2.691618e+00, 3.124067e+00, 3.248397e+00, 2.835223e-01, -6.953919e-01
-2.691618e+00, 3.124067e+00, 3.248397e+00, 2.835223e-01, -6.953919e-01
3.569194e+00, -1.683487e+00, -2.788634e+00, 3.110201e+00, -1.926271e-02
3.569194e+00, -1.683487e+00, -2.788634e+00, 3.110201e+00, -1.926271e-02
3.569194e+00, -1.683487e+00, -2.788634e+00, 3.110201e+00, -1.926271e-02
3.569194e+00, -1.683487e+00, -2.788634e+00, 3.110201e+00, -1.926270e-02
3.569194e+00, -1.683487e+00, -2.788634e+00, 3.110201e+00, -1.926271e-02
3.569194e+00, -1.683487e+00, -2.788634e+00, 3.110201e+00, -1.926271e-02
3.569194e+00, -1.683487e+00, -2.788634e+00, 3.110201e+00, -1.926271e-02
3.569194e+00, -1.683487e+00, -2.788634e+00, 3.110201e+00, -1.926271e-02
-2.805628e+00, 3.131494e+00, -2.805055e+00, 3.131836e+00, -1.043156e-06
2.932669e+00, 1.977321e+00, 3.014108e+00, 1.993772e+00, -1.046537e-02
2.932669e+00, 1.977321e+00, 3.014108e+00, 1.993772e+00, -1.046538e-02
2.932669e+00, 1.977321e+00, 3.014108e+00, 1.993772e+00, -1.046537e-02
2.932669e+00, 1.977321e+00, 3.014108e+00, 1.993772e+00, -1.046537e-02
2.932669e+00, 1.977321e+00, 3.014108e+00, 1.993772e+00, -1.046537e-02
2.932669e+00, 1.977321e+00, 3.014108e+00, 1.993772e+00, -1.046537e-02
2.932669e+00, 1.977321e+00, 3.014108e+00, 1.993772e+00, -1.046537e-02
2.932669e+00, 1.977321e+00, 3.014108e+00, 1.993772e+00, -1.046537e-02
3.584406e+00, -1.847391e+00, -3.779377e+00, -3.283133e+00, -4.165713e-07
3.584406e+00, -1.847391e+00, -3.779377e+00, -3.283133e+00, -4.165685e-07
3.584406e+00, -1.847391e+00, -3.779377e+00, -3.283133e+00, -4.165806e-07
3.584406e+00, -1.847391e+00, -3.779377e+00, -3.283133e+00, -4.165592e-07
3.584406e+00, -1.847391e+00, -3.779377e+00, -3.283133e+00, -4.165652e-07
3.584406e+00, -1.847391e+00, -3.779377e+00, -3.283133e+00, -4.165745e-07
3.584406e+00, -1.847391e+00, -3.779377e+00, -3.283133e+00, -4.165732e-07
3.584406e+00, -1.847391e+00, -3.779377e+00, -3.283133e+00, -4.165666e-07
3.583486e+00, -1.839038e+00, -3.781013e+00, -3.278107e+00, -1.370753e-04
3.503894e+00, 1.126227e+00, -3.229993e+00, 1.820790e+00, -3.006224e+00
3.503894e+00, 1.126227e+00, -3.229993e+00, 1.820790e+00, -3.006224e+00
3.503894e+00, 1.126227e+00, -3.229993e+00, 1.820790e+00, -3.006224e+00
3.503894e+00, 1.126227e+00, -3.229993e+00, 1.820790e+00, -3.006224e+00
3.503894e+00, 1.126227e+00, -3.229993e+00, 1.820790e+00, -3.006224e+00
3.503894e+00, 1.126227e+00, -3.229993e+00, 1.820790e+00, -3.006224e+00
3.503894e+00, 1.126227e+00, -3.229993e+00, 1.820790e+00, -3.006224e+00
3.503894e+00, 1.126227e+00, -3.229993e+00, 1.820790e+00, -3.006224e+00
-3.794803e+00, -3.288376e+00, -3.815852e+00, -3.183487e+00, -3.096800e-02
-3.794803e+00, -3.288376e+00, -3.815852e+00, -3.183487e+00, -3.096800e-02
-3.794803e+00, -3.288376e+00, -3.815852e+00, -3.183487e+00, -3.096800e-02
-3.794803e+00, -3.288376e+00, -3.815852e+00, -3.183487e+00, -3.096800e-02
-3.794803e+00, -3.288376e+00, -3.815852e+00, -3.183487e+00, -3.096800e-02
-3.794803e+00, -3.288376e+00, -3.815852e+00, -3.183487e+00, -3.096801e-02
-3.794803e+00, -3.288376e+00, -3.815852e+00, -3.183487e+00, -3.096801e-02
-3.794803e+00, -3.288376e+00, -3.815852e+00, -3.183487e+00, -3.096800e-02
4.852083e+00, -2.143502e+00, 8.433873e-01, 3.220382e+00, -9.092543e+00
3.000499e+00, 1.997714e+00, 3.583923e+00, -1.844925e+00, -1.136813e-05
3.000499e+00, 1.997714e+00, 3.583923e+00, -1.844925e+00, -1.136814e-05
3.000499e+00, 1.997714e+00, 3.583923e+00, -1.844925e+00, -1.136810e-05
3.000499e+00, 1.997714e+00, 3.583923e+00, -1.844925e+00, -1.136817e-05
3.000499e+00, 1.997714e+00, 3.583923e+00, -1.844925e+00, -1.136812e-05
3.000499e+00, 1.997714e+00, 3.583923e+00, -1.844925e+00, -1.136815e-05
3.000499e+00, 1.997714e+00, 3.583923e+00, -1.844925e+00, -1.136818e-05
3.000499e+00, 1.997714e+00, 3.583923e+00, -1.844925e+00, -1.136809e-05
-3.074156e+00, -5.596314e-02, 3.445114e+00, -1.346723e+00, -5.363175e+00
-3.074156e+00, -5.596314e-02, 3.445114e+00, -1.346723e+00, -5.363175e+00
-3.074156e+00, -5.596313e-02, 3.445114e+00, -1.346723e+00, -5.363175e+00
-3.074156e+00, -5.596315e-02, 3.445114e+00, -1.346723e+00, -5.363175e+00
-3.074156e+00, -5.596314e-02, 3.445114e+00, -1.346723e+00, -5.363175e+00
-3.074156e+00, -5.596314e-02, 3.445114e+00, -1.346723e+00, -5.363175e+00
-3.074156e+00, -5.596314e-02, 3.445114e+00, -1.346723e+00, -5.363175e+00
-3.074156e+00, -5.596314e-02, 3.445114e+00, -1.346723e+00, -5.363175e+00
3.584118e+00, -1.839132e+00, -3.779345e+00, -3.282888e+00, -5.854104e-05
3.088137e+00, -1.810845e+00, -6.000000e+00, -3.399455e+00, -2.398944e+01
3.000492e+00, 1.998847e+00, 2.999413e+00, 2.001261e+00, -2.259969e-06
3.000492e+00, 1.998847e+00, 2.999413e+00, 2.001261e+00, -2.259956e-06
3.000492e+00, 1.998847e+00, 2.999413e+00, 2.001261e+00, -2.259948e-06
3.000492e+00, 1.998847e+00, 2.999413e+00, 2.001261e+00, -2.259977e-06
3.000492e+00, 1.998847e+00, 2.999413e+00, 2.001261e+00, -2.259954e-06
3.000492e+00, 1.998847e+00, 2.999413e+00, 2.001261e+00, -2.259972e-06
3.000492e+00, 1.998847e+00, 2.999413e+00, 2.001261e+00, -2.259978e-06
3.000492e+00, 1.998847e+00, 2.999413e+00, 2.001261e+00, -2.259947e-06
2.991095e+00, 2.026382e+00, -3.779346e+00, -3.279229e+00, -5.446180e-04
-2.806506e+00, 3.137402e+00, 3.578867e+00, -1.837286e+00, -2.228993e-04
-2.816516e+00, 3.233411e+00, 2.994609e+00, 2.121683e+00, -3.446758e-02
2.996407e+00, 1.993516e+00, -2.805179e+00, 3.138188e+00, -1.780081e-04
-3.029431e+00, -3.686005e+00, 3.506324e+00, -3.671943e+00, -7.422041e+00
-3.029431e+00, -3.686005e+00, 3.506324e+00, -3.671943e+00, -7.422041e+00
-3.029431e+00, -3.686005e+00, 3.506324e+00, -3.671943e+00, -7.422041e+00
-3.029431e+00, -3.686005e+00, 3.506324e+00, -3.671943e+00, -7.422041e+00
-3.029431e+00, -3.686005e+00, 3.506324e+00, -3.671943e+00, -7.422041e+00
-3.029431e+00, -3.686005e+00, 3.506324e+00, -3.671943e+00, -7.422041e+00
-3.029431e+00, -3.686005e+00, 3.506324e+00, -3.671943e+00, -7.422041e+00
-3.029431e+00, -3.686005e+00, 3.506324e+00, -3.671943e+00, -7.422041e+00
-2.823034e+00, 3.290434e+00, -2.951315e+00, 3.298485e+00, -1.477729e-01
-2.823034e+00, 3.290434e+00, -2.951315e+00, 3.298485e+00, -1.477729e-01
-2.823034e+00, 3.290434e+00, -2.951315e+00, 3.298485e+00, -1.477729e-01
-2.823034e+00, 3.290434e+00, -2.951315e+00, 3.298485e+00, -1.477729e-01
-2.823034e+00, 3.290434e+00, -2.951315e+00, 3.298485e+00, -1.477729e-01
-2.823034e+00, 3.290434e+00, -2.951315e+00, 3.298485e+00, -1.477729e-01
-2.823034e+00, 3.290434e+00, -2.951315e+00, 3.298485e+00, -1.477729e-01
-2.823034e+00, 3.290434e+00, -2.951315e+00, 3.298485e+00, -1.477729e-01
-3.779308e+00, -3.283187e+00, -3.779307e+00, -3.283184e+00, -4.595123e-11
-3.779308e+00, -3.283187e+00, -3.779307e+00, -3.283184e+00, -4.565249e-11
-3.779308e+00, -3.283187e+00, -3.779307e+00, -3.283184e+00, -4.572217e-11
-3.779308e+00, -3.283187e+00, -3.779307e+00, -3.283184e+00, -4.588142e-11
-3.779308e+00, -3.283187e+00, -3.779307e+00, -3.283184e+00, -4.593221e-11
-3.779308e+00, -3.283187e+00, -3.779307e+00, -3.283184e+00, -4.567151e-11
-3.779308e+00, -3.283187e+00, -3.779307e+00, -3.283184e+00, -4.585892e-11
-3.779308e+00, -3.283187e+00, -3.779307e+00, -3.283184e+00, -4.574466e-11
3.129947e+00, 1.760487e+00, 3.526284e+00, -1.854637e+00, -5.409348e-02
-3.838972e+00, -3.228404e+00, -2.842519e+00, 3.022882e+00, -4.699664e-02
-3.838972e+00, -3.228404e+00, -2.842519e+00, 3.022882e+00, -4.699665e-02
-3.838972e+00, -3.228404e+00, -2.842519e+00, 3.022882e+00, -4.699665e-02
-3.838972e+00, -3.228404e+00, -2.842519e+00, 3.022882e+00, -4.699664e-02
-3.838972e+00, -3.228404e+00, -2.842519e+00, 3.022882e+00, -4.699664e-02
-3.838972e+00, -3.228404e+00, -2.842519e+00, 3.022882e+00, -4.699665e-02
-3.838972e+00, -3.228404e+00, -2.842519e+00, 3.022882e+00, -4.699664e-02
-3.838972e+00, -3.228404e+00, -2.842519e+00, 3.022882e+00, -4.699665e-02
2.989922e+00, 2.030801e+00, 3.005171e+00, 2.005492e+00, -7.980284e-04
2.989922e+00, 2.030801e+00, 3.005171e+00, 2.005492e+00, -7.980285e-04
2.989922e+00, 2.030801e+00, 3.005171e+00, 2.005492e+00, -7.980289e-04
2.989922e+00, 2.030801e+00, 3.005171e+00, 2.005492e+00, -7.980280e-04
2.989922e+00, 2.030801e+00, 3.005171e+00, 2.005492e+00, -7.980287e-04
2.989922e+00, 2.030801e+00, 3.005171e+00, 2.005492e+00, -7.980282e-04
2.989922e+00, 2.030801e+00, 3.005171e+00, 2.005492e+00, -7.980286e-04
2.989922e+00, 2.030801e+00, 3.005171e+00, 2.005491e+00, -7.980283e-04
-3.854986e+00, -3.573448e+00, 3.959080e+00, -2.391908e+00, -8.070760e-01
3.017208e+00, 1.959434e+00, -3.779989e+00, -3.284264e+00, -1.229492e-03
3.017208e+00, 1.959434e+00, -3.779989e+00, -3.284264e+00, -1.229491e-03
3.017208e+00, 1.959434e+00, -3.779989e+00, -3.284264e+00, -1.229491e-03
3.017208e+00, 1.959434e+00, -3.779989e+00, -3.284264e+00, -1.229492e-03
3.017208e+00, 1.959434e+00, -3.779989e+00, -3.284264e+00, -1.229492e-03
3.017208e+00, 1.959434e+00, -3.779989e+00, -3.284264e+00, -1.229492e-03
3.017208e+00, 1.959434e+00, -3.779989e+00, -3.284264e+00, -1.229492e-03
3.017208e+00, 1.959434e+00, -3.779989e+00, -3.284264e+00, -1.229492e-03
-3.761611e+00, -3.256341e+00, -3.743960e+00, -3.341159e+00, -1.585488e-02
-3.761611e+00, -3.256341e+00, -3.743960e+00, -3.341159e+00, -1.585488e-02
-3.761611e+00, -3.256341e+00, -3.743960e+00, -3.341159e+00, -1.585488e-02
-3.761611e+00, -3.256341e+00, -3.743960e+00, -3.341159e+00, -1.585488e-02
-3.761611e+00, -3.256341e+00, -3.743960e+00, -3.341159e+00, -1.585488e-02
-3.761611e+00, -3.256341e+00, -3.743960e+00, -3.341159e+00, -1.585487e-02
-3.761611e+00, -3.256341e+00, -3.743960e+00, -3.341159e+00, -1.585487e-02
-3.761611e+00, -3.256341e+00, -3.743960e+00, -3.341159e+00, -1.585488e-02
2.999532e+00, 2.000735e+00, 2.999926e+00, 2.000161e+00, -5.408552e-07
-4.377426e+00, -3.334045e+00, -3.547082e+00, -2.502660e+00, -2.128748e+00
-4.377426e+00, -3.334045e+00, -3.547082e+00, -2.502660e+00, -2.128748e+00
-4.377426e+00, -3.334045e+00, -3.547082e+00, -2.502660e+00, -2.128748e+00
-4.377426e+00, -3.334045e+00, -3.547082e+00, -2.502660e+00, -2.128748e+00
-4.377426e+00, -3.334045e+00, -3.547082e+00, -2.502660e+00, -2.128748e+00
-4.377426e+00, -3.334045e+00, -3.547082e+00, -2.502660e+00, -2.128748e+00
-4.377426e+00, -3.334045e+00, -3.547082e+00, -2.502660e+00, -2.128748e+00
-4.377426e+00, -3.334045e+00, -3.547082e+00, -2.502660e+00, -2.128748e+00
3.002287e+00, 1.996789e+00, 2.996273e+00, 2.013803e+00, -1.482620e-04
3.002287e+00, 1.996789e+00, 2.996273e+00, 2.013803e+00, -1.482619e-04
3.002287e+00, 1.996789e+00, 2.996273e+00, 2.013803e+00, -1.482619e-04
3.002287e+00, 1.996789e+00, 2.996273e+00, 2.013803e+00, -1.482620e-04
3.002287e+00, 1.996789e+00, 2.996273e+00, 2.013803e+00, -1.482619e-04
3.002287e+00, 1.996789e+00, 2.996273e+00, 2.013803e+00, -1.482619e-04
3.002287e+00, 1.996789e+00, 2.996273e+00, 2.013803e+00, -1.482621e-04
3.002287e+00, 1.996789e+00, 2.996273e+00, 2.013803e+00, -1.482617e-04
-2.859546e+00, 3.131669e+00, 3.358656e+00, 3.264082e-01, -6.480624e-01
3.587247e+00, -1.753548e+00, -2.814070e+00, 3.130918e+00, -6.496154e-03
-2.805628e+00, 3.131494e+00, -2.805055e+00, 3.131836e+00, -1.043140e-06
-2.805628e+00, 3.131494e+00, -2.805055e+00, 3.131836e+00, -1.043173e-06
-2.805628e+00, 3.131494e+00, -2.805055e+00, 3.131836e+00, -1.043163e-06
-2.805628e+00, 3.131494e+00, -2.805055e+00, 3.131836e+00, -1.043149e-06
-2.805628e+00, 3.131494e+00, -2.805055e+00, 3.131836e+00, -1.043159e-06
-2.805628e+00, 3.131494e+00, -2.805055e+00, 3.131836e+00, -1.043154e-06
-2.805628e+00, 3.131494e+00, -2.805055e+00, 3.131836e+00, -1.043177e-06
-2.805628e+00, 3.131494e+00, -2.805055e+00, 3.131836e+00, -1.043135e-06
2.989016e+00, 1.995640e+00, 2.990398e+00, 1.996665e+00, -4.977916e-04
3.584440e+00, -1.848113e+00, -3.779304e+00, -3.283192e+00, -7.410118e-10
3.583486e+00, -1.839038e+00, -3.781013e+00, -3.278107e+00, -1.370752e-04
3.583486e+00, -1.839038e+00, -3.781013e+00, -3.278107e+00, -1.370753e-04
3.583486e+00, -1.839038e+00, -3.781013e+00, -3.278107e+00, -1.370754e-04
3.583486e+00, -1.839038e+00, -3.781013e+00, -3.278107e+00, -1.370751e-04
3.583486e+00, -1.839038e+00, -3.781013e+00, -3.278107e+00, -1.370751e-04
3.583486e+00, -1.839038e+00, -3.781013e+00, -3.278107e+00, -1.370754e-04
3.583486e+00, -1.839038e+00, -3.781013e+00, -3.278107e+00, -1.370755e-04
3.583486e+00, -1.839038e+00, -3.781013e+00, -3.278107e+00, -1.370750e-04
3.230113e+00, 1.164294e+00, -3.107853e+00, 2.238976e+00, -1.647486e+00
-3.776304e+00, -3.283725e+00, -3.779951e+00, -3.301527e+00, -7.598325e-04
3.813113e+00, -2.280195e+00, 6.652256e-01, 3.324429e+00, -4.010199e+00
2.999970e+00, 1.999883e+00, 3.584329e+00, -1.848093e+00, -4.246992e-08
-3.168854e+00, -3.234647e-02, 3.501036e+00, -1.393132e+00, -5.340606e+00
3.584118e+00, -1.839132e+00, -3.779345e+00, -3.282888e+00, -5.854105e-05
3.584118e+00, -1.839132e+00, -3.779345e+00, -3.282888e+00, -5.854102e-05
3.584118e+00, -1.839132e+00, -3.779345e+00, -3.282888e+00, -5.854117e-05
3.584118e+00, -1.839132e+00, -3.779345e+00, -3.282888e+00, -5.854091e-05
3.584118e+00, -1.839132e+00, -3.779345e+00, -3.282888e+00, -5.854103e-05
3.584118e+00, -1.839132e+00, -3.779345e+00, -3.282888e+00, -5.854104e-05
3.584118e+00, -1.839132e+00, -3.779345e+00, -3.282888e+00, -5.854105e-05
3.584118e+00, -1.839132e+00, -3.779345e+00, -3.282888e+00, -5.854102e-05
3.142720e+00, -1.462206e+00, -4.418600e+00, -2.861668e+00, -2.606618e+00
3.000051e+00, 1.999881e+00, 2.999998e+00, 1.999973e+00, -1.143247e-08
2.991095e+00, 2.026382e+00, -3.779346e+00, -3.279229e+00, -5.446180e-04
2.991095e+00, 2.026382e+00, -3.779346e+00, -3.279229e+00, -5.446181e-04
2.991095e+00, 2.026382e+00, -3.779346e+00, -3.279229e+00, -5.446184e-04
2.991095e+00, 2.026382e+00, -3.779346e+00, -3.279229e+00, -5.446177e-04
2.991095e+00, 2.026382e+00, -3.779346e+00, -3.279229e+00, -5.446180e-04
2.991095e+00, 2.026382e+00, -3.779346e+00, -3.279229e+00, -5.446181e-04
2.991095e+00, 2.026382e+00, -3.779346e+00, -3.279229e+00, -5.446182e-04
2.991095e+00, 2.026382e+00, -3.779346e+00, -3.279229e+00, -5.446179e-04
-2.806506e+00, 3.137402e+00, 3.578867e+00, -1.837286e+00, -2.228992e-04
-2.806506e+00, 3.137402e+00, 3.578867e+00, -1.837286e+00, -2.228993e-04
-2.806506e+00, 3.137402e+00, 3.578867e+00, -1.837286e+00, -2.228995e-04
-2.806506e+00, 3.137402e+00, 3.578867e+00, -1.837286e+00, -2.228990e-04
-2.806506e+00, 3.137402e+00, 3.578867e+00, -1.837286e+00, -2.228990e-04
-2.806506e+00, 3.137402e+00, 3.578867e+00, -1.837286e+00, -2.228995e-04
-2.806506e+00, 3.137402e+00, 3.578867e+00, -1.837286e+00, -2.228994e-04
-2.806506e+00, 3.137402e+00, 3.578867e+00, -1.837286e+00, -2.228991e-04
-2.816516e+00, 3.233411e+00, 2.994609e+00, 2.121683e+00, -3.446757e-02
-2.816516e+00, 3.233411e+00, 2.994609e+00, 2.121683e+00, -3.446758e-02
-2.816516e+00, 3.233411e+00, 2.994609e+00, 2.121683e+00, -3.446758e-02
-2.816516e+00, 3.233410e+00, 2.994609e+00, 2.121683e+00, -3.446757e-02
-2.816516e+00, 3.233411e+00, 2.994609e+00, 2.121683e+00, -3.446758e-02
-2.816516e+00, 3.233411e+00, 2.994609e+00, 2.121683e+00, -3.446757e-02
-2.816516e+00, 3.233411e+00, 2.994609e+00, 2.121683e+00, -3.446758e-02
-2.816516e+00, 3.233411e+00, 2.994609e+00, 2.121683e+00, -3.446757e-02
2.996407e+00, 1.993516e+00, -2.805179e+00, 3.138188e+00, -1.780079e-04
2.996407e+00, 1.993516e+00, -2.805179e+00, 3.138188e+00, -1.780083e-04
2.996407e+00, 1.993516e+00, -2.805179e+00, 3.138188e+00, -1.780080e-04
2.996407e+00, 1.993516e+00, -2.805179e+00, 3.138188e+00, -1.780083e-04
2.996407e+00, 1.993516e+00, -2.805179e+00, 3.138188e+00, -1.780081e-04
2.996407e+00, 1.993516e+00, -2.805179e+00, 3.138188e+00, -1.780081e-04
2.996407e+00, 1.993516e+00, -2.805179e+00, 3.138188e+00, -1.780084e-04
2.996407e+00, 1.993516e+00, -2.805179e+00, 3.138188e+00, -1.780078e-04
-2.597467e+00, -3.177441e+00, 2.796631e+00, -2.612982e+00, -4.794749e+00
-2.807301e+00, 3.182347e+00, -2.687411e+00, 3.154673e+00, -2.823635e-02
-3.779311e+00, -3.283186e+00, -3.779311e+00, -3.283186e+00, -1.032599e-12
3.129947e+00, 1.760487e+00, 3.526284e+00, -1.854637e+00, -5.409348e-02
3.129947e+00, 1.760487e+00, 3.526284e+00, -1.854637e+00, -5.409348e-02
3.129947e+00, 1.760487e+00, 3.526284e+00, -1.854637e+00, -5.409348e-02
3.129947e+00, 1.760487e+00, 3.526284e+00, -1.854637e+00, -5.409348e-02
3.129947e+00, 1.760487e+00, 3.526284e+00, -1.854637e+00, -5.409348e-02
3.129947e+00, 1.760487e+00, 3.526284e+00, -1.854637e+00, -5.409348e-02
3.129947e+00, 1.760487e+00, 3.526284e+00, -1.854637e+00, -5.409348e-02
3.129947e+00, 1.760487e+00, 3.526284e+00, -1.854637e+00, -5.409348e-02
-3.789950e+00, -3.270087e+00, -2.805597e+00, 3.223588e+00, -1.851988e-02
3.000179e+00, 2.000365e+00, 3.002365e+00, 2.001814e+00, -1.768326e-05
-3.836109e+00, -3.450646e+00, 3.744595e+00, -1.636175e+00, -1.735972e-01
3.013934e+00, 1.975178e+00, -3.778145e+00, -3.284979e+00, -5.469451e-04
-3.774681e+00, -3.275910e+00, -3.786782e+00, -3.275063e+00, -5.246706e-04
2.999532e+00, 2.000735e+00, 2.999926e+00, 2.000161e+00, -5.408452e-07
2.999531e+00, 2.000735e+00, 2.999926e+00, 2.000161e+00, -5.408651e-07
2.999532e+00, 2.000735e+00, 2.999926e+00, 2.000161e+00, -5.408630e-07
2.999532e+00, 2.000735e+00, 2.999926e+00, 2.000161e+00, -5.408473e-07
2.999532e+00, 2.000735e+00, 2.999926e+00, 2.000161e+00, -5.408540e-07
2.999532e+00, 2.000735e+00, 2.999926e+00, 2.000161e+00, -5.408563e-07
2.999532e+00, 2.000735e+00, 2.999926e+00, 2.000161e+00, -5.408571e-07
2.999532e+00, 2.000735e+00, 2.999926e+00, 2.000161e+00, -5.408532e-07
-4.389837e+00, -3.421914e+00, -3.490881e+00, -3.368311e+00, -1.455221e+00
3.000545e+00, 1.998794e+00, 2.998401e+00, 2.002060e+00, -6.173062e-06
-2.859546e+00, 3.131669e+00, 3.358656e+00, 3.264082e-01, -6.480624e-01
-2.859546e+00, 3.131669e+00, 3.358656e+00, 3.264082e-01, -6.480624e-01
-2.859546e+00, 3.131669e+00, 3.358656e+00, 3.264082e-01, -6.480624e-01
-2.859546e+00, 3.131669e+00, 3.358656e+00, 3.264082e-01, -6.480624e-01
-2.859546e+00, 3.131669e+00, 3.358656e+00, 3.264082e-01, -6.480624e-01
-2.859546e+00, 3.131669e+00, 3.358656e+00, 3.264082e-01, -6.480624e-01
-2.859546e+00, 3.131669e+00, 3.358656e+00, 3.264082e-01, -6.480624e-01
-2.859546e+00, 3.131669e+00, 3.358656e+00, 3.264082e-01, -6.480624e-01
3.587247e+00, -1.753548e+00, -2.814070e+00, 3.130918e+00, -6.496154e-03
3.587247e+00, -1.753548e+00, -2.814070e+00, 3.130918e+00, -6.496153e-03
3.587247e+00, -1.753548e+00, -2.814070e+00, 3.130918e+00, -6.496155e-03
3.587247e+00, -1.753548e+00, -2.814070e+00, 3.130918e+00, -6.496152e-03
3.587247e+00, -1.753548e+00, -2.814069e+00, 3.130918e+00, -6.496153e-03
3.587247e+00, -1.753548e+00, -2.814070e+00, 3.130918e+00, -6.496154e-03
3.587247e+00, -1.753548e+00, -2.814070e+00, 3.130918e+00, -6.496154e-03
3.587247e+00, -1.753548e+00, -2.814070e+00, 3.130918e+00, -6.496154e-03
-2.805109e+00, 3.131303e+00, -2.805076e+00, 3.131243e+00, -1.256148e-08
2.989016e+00, 1.995640e+00, 2.990398e+00, 1.996665e+00, -4.977912e-04
2.989016e+00, 1.995640e+00, 2.990398e+00, 1.996665e+00, -4.977921e-04
2.989016e+00, 1.995640e+00, 2.990398e+00, 1.996665e+00, -4.977915e-04
2.989016e+00, 1.995640e+00, 2.990398e+00, 1.996665e+00, -4.977918e-04
2.989016e+00, 1.995640e+00, 2.990398e+00, 1.996665e+00, -4.977912e-04
2.989016e+00, 1.995640e+00, 2.990398e+00, 1.996665e+00, -4.977920e-04
2.989016e+00, 1.995640e+00, 2.990398e+00, 1.996665e+00, -4.977915e-04
2.989016e+00, 1.995640e+00, 2.990398e+00, 1.996665e+00, -4.977918e-04
3.584440e+00, -1.848113e+00, -3.779304e+00, -3.283192e+00, -7.416498e-10
3.584440e+00, -1.848113e+00, -3.779304e+00, -3.283192e+00, -7.403743e-10
3.584440e+00, -1.848113e+00, -3.779304e+00, -3.283192e+00, -7.412422e-10
3.584440e+00, -1.848114e+00, -3.779304e+00, -3.283192e+00, -7.407816e-10
3.584440e+00, -1.848113e+00, -3.779304e+00, -3.283192e+00, -7.414452e-10
3.584440e+00, -1.848113e+00, -3.779304e+00, -3.283192e+00, -7.405790e-10
3.584440e+00, -1.848113e+00, -3.779304e+00, -3.283192e+00, -7.406697e-10
3.584440e+00, -1.848113e+00, -3.779304e+00, -3.283192e+00, -7.413543e-10
3.587038e+00, -1.852396e+00, -3.776136e+00, -3.286147e+00, -8.926644e-05
3.230113e+00, 1.164294e+00, -3.107853e+00, 2.238976e+00, -1.647486e+00
3.230113e+00, 1.164294e+00, -3.107853e+00, 2.238976e+00, -1.647486e+00
3.230113e+00, 1.164294e+00, -3.107853e+00, 2.238976e+00, -1.647486e+00
3.230113e+00, 1.164294e+00, -3.107853e+00, 2.238976e+00, -1.647486e+00
3.230113e+00, 1.164294e+00, -3.107853e+00, 2.238976e+00, -1.647486e+00
3.230113e+00, 1.164294e+00, -3.107853e+00, 2.238976e+00, -1.647486e+00
3.230113e+00, 1.164294e+00, -3.107853e+00, 2.238976e+00, -1.647486e+00
3.230113e+00, 1.164294e+00, -3.107853e+00, 2.238976e+00, -1.647486e+00
-3.776304e+00, -3.283725e+00, -3.779951e+00, -3.301527e+00, -7.598327e-04
-3.776304e+00, -3.283725e+00, -3.779951e+00, -3.301527e+00, -7.598323e-04
-3.776304e+00, -3.283725e+00, -3.779951e+00, -3.301527e+00, -7.598324e-04
-3.776304e+00, -3.283725e+00, -3.779951e+00, -3.301527e+00, -7.598326e-04
-3.776304e+00, -3.283725e+00, -3.779951e+00, -3.301527e+00, -7.598327e-04
-3.776304e+00, -3.283725e+00, -3.779951e+00, -3.301527e+00, -7.598323e-04
-3.776304e+00, -3.283725e+00, -3.779951e+00, -3.301527e+00, -7.598317e-04
-3.776304e+00, -3.283725e+00, -3.779951e+00, -3.301527e+00, -7.598333e-04
3.813113e+00, -2.280195e+00, 6.652256e-01, 3.324429e+00, -4.010199e+00
3.813113e+00, -2.280195e+00, 6.652256e-01, 3.324429e+00, -4.010199e+00
3.813113e+00, -2.280195e+00, 6.652256e-01, 3.324429e+00, -4.010199e+00
3.813113e+00, -2.280195e+00, 6.652256e-01, 3.324429e+00, -4.010199e+00
3.813113e+00, -2.280195e+00, 6.652256e-01, 3.324429e+00, -4.010199e+00
3.813113e+00, -2.280195e+00, 6.652256e-01, 3.324429e+00, -4.010199e+00
3.813113e+00, -2.280195e+00, 6.652256e-01, 3.324429e+00, -4.010199e+00
3.813113e+00, -2.280195e+00, 6.652256e-01, 3.324429e+00, -4.010199e+00
2.999970e+00, 1.999883e+00, 3.584329e+00, -1.848093e+00, -4.246764e-08
2.999970e+00, 1.999883e+00, 3.584329e+00, -1.848093e+00, -4.247220e-08
2.999970e+00, 1.999883e+00, 3.584329e+00, -1.848093e+00, -4.246764e-08
2.999970e+00, 1.999883e+00, 3.584329e+00, -1.848093e+00, -4.247220e-08
2.999970e+00, 1.999883e+00, 3.584329e+00, -1.848093e+00, -4.246481e-08
2.999970e+00, 1.999883e+00, 3.584329e+00, -1.848093e+00, -4.247503e-08
2.999970e+00, 1.999883e+00, 3.584329e+00, -1.848093e+00, -4.247006e-08
2.999970e+00, 1.999883e+00, 3.584329e+00, -1.848093e+00, -4.246978e-08
-3.168854e+00, -3.234647e-02, 3.501036e+00, -1.393132e+00, -5.340606e+00
-3.168854e+00, -3.234647e-02, 3.501036e+00, -1.393132e+00, -5.340606e+00
-3.168854e+00, -3.234646e-02, 3.501036e+00, -1.393132e+00, -5.340606e+00
-3.168854e+00, -3.234648e-02, 3.501036e+00, -1.393132e+00, -5.340606e+00
-3.168854e+00, -3.234647e-02, 3.501036e+00, -1.393132e+00, -5.340606e+00
-3.168854e+00, -3.234647e-02, 3.501036e+00, -1.393132e+00, -5.340606e+00
-3.168854e+00, -3.234647e-02, 3.501036e+00, -1.393132e+00, -5.340606e+00
-3.168854e+00, -3.234647e-02, 3.501036e+00, -1.393132e+00, -5.340606e+00
3.583800e+00, -1.842949e+00, -3.778952e+00, -3.282671e+00, -2.020112e-05
3.142720e+00, -1.462206e+00, -4.418600e+00, -2.861668e+00, -2.606618e+00
3.142720e+00, -1.462206e+00, -4.418600e+00, -2.861668e+00, -2.606618e+00
3.142720e+00, -1.462206e+00, -4.418600e+00, -2.861668e+00, -2.606618e+00
3.142720e+00, -1.462206e+00, -4.418600e+00, -2.861668e+00, -2.606618e+00
3.142720e+00, -1.462206e+00, -4.418600e+00, -2.861668e+00, -2.606618e+00
3.142720e+00, -1.462206e+00, -4.418600e+00, -2.861668e+00, -2.606618e+00
3.142720e+00, -1.462206e+00, -4.418600e+00, -2.861668e+00, -2.606618e+00
3.142720e+00, -1.462206e+00, -4.418600e+00, -2.861668e+00, -2.606618e+00
3.000051e+00, 1.999881e+00, 2.999998e+00, 1.999973e+00, -1.143318e-08
3.000051e+00, 1.999881e+00, 2.999998e+00, 1.999973e+00, -1.143177e-08
3.000051e+00, 1.999881e+00, 2.999998e+00, 1.999973e+00, -1.143097e-08
3.000051e+00, 1.999881e+00, 2.999998e+00, 1.999973e+00, -1.143398e-08
3.000051e+00, 1.999881e+00, 2.999998e+00, 1.999973e+00, -1.143214e-08
3.000051e+00, 1.999881e+00, 2.999998e+00, 1.999973e+00, -1.143281e-08
3.000051e+00, 1.999881e+00, 2.999998e+00, 1.999973e+00, -1.143199e-08
3.000051e+00, 1.999881e+00, 2.999998e+00, 1.999973e+00, -1.143296e-08
2.999616e+00, 2.000933e+00, -3.777545e+00, -3.282121e+00, -9.559415e-06
-2.805600e+00, 3.131957e+00, 3.584065e+00, -1.848867e+00, -2.032820e-06
-2.814307e+00, 3.192245e+00, 2.978730e+00, 2.075243e+00, -1.191343e-02
2.998114e+00, 2.000067e+00, -2.803622e+00, 3.131273e+00, -1.008325e-05
-2.597467e+00, -3.177441e+00, 2.796631e+00, -2.612982e+00, -4.794749e+00
-2.597467e+00, -3.177441e+00, 2.796631e+00, -2.612982e+00, -4.794749e+00
-2.597467e+00, -3.177441e+00, 2.796631e+00, -2.612982e+00, -4.794749e+00
-2.597467e+00, -3.177441e+00, 2.796631e+00, -2.612982e+00, -4.794749e+00
-2.597467e+00, -3.177441e+00, 2.796631e+00, -2.612982e+00, -4.794749e+00
-2.597467e+00, -3.177441e+00, 2.796631e+00, -2.612982e+00, -4.794749e+00
-2.597467e+00, -3.177441e+00, 2.796631e+00, -2.612982e+00, -4.794749e+00
-2.597467e+00, -3.177441e+00, 2.796631e+00, -2.612982e+00, -4.794749e+00
-2.807301e+00, 3.182347e+00, -2.687411e+00, 3.154673e+00, -2.823635e-02
-2.807301e+00, 3.182347e+00, -2.687411e+00, 3.154673e+00, -2.823635e-02
-2.807301e+00, 3.182347e+00, -2.687411e+00, 3.154673e+00, -2.823635e-02
-2.807301e+00, 3.182347e+00, -2.687411e+00, 3.154673e+00, -2.823635e-02
-2.807301e+00, 3.182347e+00, -2.687411e+00, 3.154673e+00, -2.823635e-02
-2.807301e+00, 3.182347e+00, -2.687411e+00, 3.154673e+00, -2.823635e-02
-2.807301e+00, 3.182347e+00, -2.687411e+00, 3.154673e+00, -2.823635e-02
-2.807301e+00, 3.182347e+00, -2.687411e+00, 3.154673e+00, -2.823635e-02
3.073754e+00, 1.890794e+00, 3.549606e+00, -1.846743e+00, -1.503406e-02
-3.789950e+00, -3.270087e+00, -2.805597e+00, 3.223588e+00, -1.851988e-02
-3.789950e+00, -3.270087e+00, -2.805597e+00, 3.223588e+00, -1.851988e-02
-3.789950e+00, -3.270087e+00, -2.805597e+00, 3.223588e+00, -1.851988e-02
-3.789950e+00, -3.270087e+00, -2.805597e+00, 3.223588e+00, -1.851988e-02
-3.789950e+00, -3.270087e+00, -2.805597e+00, 3.223588e+00, -1.851988e-02
-3.789950e+00, -3.270087e+00, -2.805597e+00, 3.223588e+00, -1.851988e-02
-3.789950e+00, -3.270087e+00, -2.805597e+00, 3.223588e+00, -1.851988e-02
-3.789950e+00, -3.270087e+00, -2.805597e+00, 3.223588e+00, -1.851987e-02
3.000179e+00, 2.000365e+00, 3.002365e+00, 2.001814e+00, -1.768327e-05
3.000179e+00, 2.000365e+00, 3.002365e+00, 2.001814e+00, -1.768325e-05
3.000179e+00, 2.000365e+00, 3.002365e+00, 2.001814e+00, -1.768327e-05
3.000179e+00, 2.000365e+00, 3.002365e+00, 2.001814e+00, -1.768325e-05
3.000179e+00, 2.000365e+00, 3.002365e+00, 2.001814e+00, -1.768337e-05
3.000179e+00, 2.000365e+00, 3.002365e+00, 2.001814e+00, -1.768316e-05
3.000179e+00, 2.000365e+00, 3.002365e+00, 2.001814e+00, -1.768332e-05
3.000179e+00, 2.000365e+00, 3.002365e+00, 2.001814e+00, -1.768321e-05
-3.836109e+00, -3.450646e+00, 3.744595e+00, -1.636175e+00, -1.735972e-01
-3.836109e+00, -3.450646e+00, 3.744595e+00, -1.636175e+00, -1.735972e-01
-3.836109e+00, -3.450646e+00, 3.744595e+00, -1.636175e+00, -1.735972e-01
-3.836109e+00, -3.450646e+00, 3.744595e+00, -1.636175e+00, -1.735972e-01
-3.836109e+00, -3.450646e+00, 3.744595e+00, -1.636175e+00, -1.735972e-01
-3.836109e+00, -3.450646e+00, 3.744595e+00, -1.636175e+00, -1.735972e-01
-3.836109e+00, -3.450646e+00, 3.744595e+00, -1.636175e+00, -1.735972e-01
-3.836109e+00, -3.450646e+00, 3.744595e+00, -1.636175e+00, -1.735972e-01
3.013934e+00, 1.975178e+00, -3.778145e+00, -3.284979e+00, -5.469454e-04
3.013934e+00, 1.975178e+00, -3.778145e+00, -3.284979e+00, -5.469448e-04
3.013934e+00, 1.975178e+00, -3.778145e+00, -3.284979e+00, -5.469448e-04
3.013934e+00, 1.975178e+00, -3.778145e+00, -3.284979e+00, -5.469454e-04
3.013934e+00, 1.975178e+00, -3.778145e+00, -3.284979e+00, -5.469452e-04
3.013934e+00, 1.975178e+00, -3.778145e+00, -3.284979e+00, -5.469450e-04
3.013934e+00, 1.975178e+00, -3.778145e+00, -3.284979e+00, -5.469450e-04
3.013934e+00, 1.975178e+00, -3.778145e+00, -3.284979e+00, -5.469452e-04
-3.774681e+00, -3.275910e+00, -3.786782e+00, -3.275063e+00, -5.246708e-04
-3.774681e+00, -3.275910e+00, -3.786782e+00, -3.275063e+00, -5.246704e-04
-3.774681e+00, -3.275910e+00, -3.786782e+00, -3.275063e+00, -5.246709e-04
-3.774681e+00, -3.275910e+00, -3.786782e+00, -3.275063e+00, -5.246703e-04
-3.774681e+00, -3.275910e+00, -3.786782e+00, -3.275063e+00, -5.246701e-04
-3.774681e+00, -3.275910e+00, -3.786782e+00, -3.275063e+00, -5.246712e-04
-3.774681e+00, -3.275910e+00, -3.786782e+00, -3.275063e+00, -5.246711e-04
-3.774681e+00, -3.275910e+00, -3.786782e+00, -3.275063e+00, -5.246701e-04
2.999866e+00, 2.000307e+00, 3.000004e+00, 1.999882e+00, -8.375140e-08
-4.389837e+00, -3.421914e+00, -3.490881e+00, -3.368311e+00, -1.455221e+00
-4.389837e+00, -3.421914e+00, -3.490881e+00, -3.368311e+00, -1.455221e+00
-4.389837e+00, -3.421914e+00, -3.490881e+00, -3.368311e+00, -1.455221e+00
-4.389837e+00, -3.421914e+00, -3.490881e+00, -3.368311e+00, -1.455221e+00
-4.389837e+00, -3.421914e+00, -3.490881e+00, -3.368311e+00, -1.455221e+00
-4.389837e+00, -3.421914e+00, -3.490881e+00, -3.368311e+00, -1.455221e+00
-4.389837e+00, -3.421914e+00, -3.490881e+00, -3.368311e+00, -1.455221e+00
-4.389837e+00, -3.421914e+00, -3.490881e+00, -3.368311e+00, -1.455221e+00
3.000545e+00, 1.998794e+00, 2.998401e+00, 2.002060e+00, -6.173070e-06
3.000545e+00, 1.998794e+00, 2.998401e+00, 2.002060e+00, -6.173054e-06
3.000545e+00, 1.998794e+00, 2.998401e+00, 2.002060e+00, -6.173047e-06
3.000545e+00, 1.998794e+00, 2.998401e+00, 2.002060e+00, -6.173077e-06
3.000545e+00, 1.998794e+00, 2.998401e+00, 2.002060e+00, -6.173024e-06
3.000545e+00, 1.998794e+00, 2.998401e+00, 2.002060e+00, -6.173101e-06
3.000545e+00, 1.998794e+00, 2.998401e+00, 2.002060e+00, -6.173081e-06
3.000545e+00, 1.998794e+00, 2.998401e+00, 2.002060e+00, -6.173043e-06
-2.811410e+00, 3.130686e+00, 3.348262e+00, 3.583772e-01, -6.369504e-01
3.589324e+00, -1.846940e+00, -2.812714e+00, 3.135262e+00, -1.892949e-04
-2.805109e+00, 3.131303e+00, -2.805076e+00, 3.131243e+00, -1.256176e-08
-2.805109e+00, 3.131303e+00, -2.805076e+00, 3.131243e+00, -1.256120e-08
-2.805109e+00, 3.131303e+00, -2.805076e+00, 3.131243e+00, -1.256112e-08
-2.805109e+00, 3.131303e+00, -2.805076e+00, 3.131243e+00, -1.256184e-08
-2.805109e+00, 3.131303e+00, -2.805076e+00, 3.131243e+00, -1.256280e-08
-2.805109e+00, 3.131303e+00, -2.805076e+00, 3.131243e+00, -1.256016e-08
-2.805109e+00, 3.131303e+00, -2.805076e+00, 3.131243e+00, -1.255873e-08
-2.805109e+00, 3.131303e+00, -2.805076e+00, 3.131243e+00, -1.256423e-08
2.998779e+00, 2.001728e+00, 2.998306e+00, 1.996691e+00, -2.338569e-05
3.584429e+00, -1.848127e+00, -3.779311e+00, -3.283186e+00, -6.269937e-13
3.587038e+00, -1.852396e+00, -3.776136e+00, -3.286147e+00, -8.926656e-05
3.587038e+00, -1.852396e+00, -3.776136e+00, -3.286147e+00, -8.926632e-05
3.587038e+00, -1.852396e+00, -3.776136e+00, -3.286147e+00, -8.926639e-05
3.587038e+00, -1.852396e+00, -3.776136e+00, -3.286147e+00, -8.926649e-05
3.587038e+00, -1.852396e+00, -3.776136e+00, -3.286147e+00, -8.926667e-05
3.587038e+00, -1.852396e+00, -3.776136e+00, -3.286147e+00, -8.926621e-05
3.587038e+00, -1.852396e+00, -3.776136e+00, -3.286147e+00, -8.926626e-05
3.587038e+00, -1.852396e+00, -3.776136e+00, -3.286147e+00, -8.926662e-05
2.765598e+00, 1.957830e+00, -2.955975e+00, 5.320295e+00, -1.740808e+01
-3.779346e+00, -3.282715e+00, -3.777693e+00, -3.281304e+00, -1.162722e-05
3.524693e+00, -1.881956e+00, 7.151448e-01, 2.799340e+00, -3.087293e+00
2.999998e+00, 1.999998e+00, 3.584425e+00, -1.848129e+00, -5.885091e-11
-3.154487e+00, -7.336778e-03, 3.510626e+00, -1.432202e+00, -5.315437e+00
3.583800e+00, -1.842949e+00, -3.778952e+00, -3.282671e+00, -2.020110e-05
3.583800e+00, -1.842949e+00, -3.778952e+00, -3.282671e+00, -2.020113e-05
3.583800e+00, -1.842949e+00, -3.778952e+00, -3.282671e+00, -2.020119e-05
3.583800e+00, -1.842949e+00, -3.778952e+00, -3.282671e+00, -2.020104e-05
3.583800e+00, -1.842949e+00, -3.778952e+00, -3.282671e+00, -2.020113e-05
3.583800e+00, -1.842949e+00, -3.778952e+00, -3.282671e+00, -2.020110e-05
3.583800e+00, -1.842949e+00, -3.778952e+00, -3.282671e+00, -2.020113e-05
3.583800e+00, -1.842949e+00, -3.778952e+00, -3.282671e+00, -2.020110e-05
3.304273e+00, -1.353602e+00, -3.336597e+00, -2.605153e+00, -1.212298e+00
3.000001e+00, 1.999992e+00, 2.999999e+00, 1.999992e+00, -1.133212e-10
2.999616e+00, 2.000933e+00, -3.777545e+00, -3.282121e+00, -9.559410e-06
2.999616e+00, 2.000933e+00, -3.777545e+00, -3.282121e+00, -9.559420e-06
2.999616e+00, 2.000933e+00, -3.777545e+00, -3.282121e+00, -9.559427e-06
2.999616e+00, 2.000933e+00, -3.777545e+00, -3.282121e+00, -9.559403e-06
2.999616e+00, 2.000933e+00, -3.777545e+00, -3.282121e+00, -9.559502e-06
2.999616e+00, 2.000933e+00, -3.777545e+00, -3.282121e+00, -9.559327e-06
2.999616e+00, 2.000933e+00, -3.777545e+00, -3.282121e+00, -9.559437e-06
2.999616e+00, 2.000933e+00, -3.777545e+00, -3.282121e+00, -9.559393e-06
-2.805600e+00, 3.131957e+00, 3.584065e+00, -1.848867e+00, -2.032805e-06
-2.805600e+00, 3.131957e+00, 3.584065e+00, -1.848867e+00, -2.032835e-06
-2.805600e+00, 3.131957e+00, 3.584065e+00, -1.848867e+00, -2.032845e-06
-2.805600e+00, 3.131957e+00, 3.584065e+00, -1.848867e+00, -2.032794e-06
-2.805600e+00, 3.131957e+00, 3.584065e+00, -1.848867e+00, -2.032798e-06
-2.805600e+00, 3.131957e+00, 3.584065e+00, -1.848867e+00, -2.032841e-06
-2.805600e+00, 3.131957e+00, 3.584065e+00, -1.848867e+00, -2.032808e-06
-2.805600e+00, 3.131957e+00, 3.584065e+00, -1.848867e+00, -2.032832e-06
-2.814307e+00, 3.192245e+00, 2.978730e+00, 2.075243e+00, -1.191343e-02
-2.814307e+00, 3.192245e+00, 2.978730e+00, 2.075243e+00, -1.191343e-02
-2.814307e+00, 3.192245e+00, 2.978730e+00, 2.075243e+00, -1.191343e-02
-2.814307e+00, 3.192245e+00, 2.978730e+00, 2.075243e+00, -1.191343e-02
-2.814307e+00, 3.192245e+00, 2.978730e+00, 2.075243e+00, -1.191343e-02
-2.814307e+00, 3.192245e+00, 2.978730e+00, 2.075243e+00, -1.191343e-02
-2.814307e+00, 3.192245e+00, 2.978730e+00, 2.075243e+00, -1.191343e-02
-2.814307e+00, 3.192245e+00, 2.978730e+00, 2.075243e+00, -1.191343e-02
2.998114e+00, 2.000067e+00, -2.803622e+00, 3.131273e+00, -1.008318e-05
2.998114e+00, 2.000067e+00, -2.803622e+00, 3.131273e+00, -1.008332e-05
2.998114e+00, 2.000067e+00, -2.803622e+00, 3.131273e+00, -1.008323e-05
2.998114e+00, 2.000067e+00, -2.803622e+00, 3.131273e+00, -1.008326e-05
2.998114e+00, 2.000067e+00, -2.803622e+00, 3.131273e+00, -1.008329e-05
2.998114e+00, 2.000067e+00, -2.803622e+00, 3.131273e+00, -1.008320e-05
2.998114e+00, 2.000067e+00, -2.803622e+00, 3.131273e+00, -1.008325e-05
2.998114e+00, 2.000067e+00, -2.803622e+00, 3.131273e+00, -1.008325e-05
-3.307360e+00, -2.960562e+00, 3.017274e+00, -2.789422e+00, -2.394543e+00
-2.806221e+00, 3.155130e+00, -2.774485e+00, 3.147062e+00, -3.192061e-03
3.073754e+00, 1.890794e+00, 3.549606e+00, -1.846743e+00, -1.503406e-02
3.073754e+00, 1.890794e+00, 3.549606e+00, -1.846743e+00, -1.503406e-02
3.073754e+00, 1.890794e+00, 3.549606e+00, -1.846743e+00, -1.503406e-02
3.073754e+00, 1.890794e+00, 3.549606e+00, -1.846743e+00, -1.503406e-02
3.073754e+00, 1.890794e+00, 3.549606e+00, -1.846743e+00, -1.503406e-02
3.073754e+00, 1.890794e+00, 3.549606e+00, -1.846743e+00, -1.503406e-02
3.073754e+00, 1.890794e+00, 3.549606e+00, -1.846743e+00, -1.503406e-02
3.073754e+00, 1.890794e+00, 3.549606e+00, -1.846743e+00, -1.503406e-02
-3.759918e+00, -3.276785e+00, -2.807711e+00, 3.120362e+00, -1.255841e-03
2.999625e+00, 1.999922e+00, 3.000101e+00, 1.999968e+00, -3.112385e-07
-3.775254e+00, -3.371865e+00, 3.711526e+00, -1.717529e+00, -8.005507e-02
3.001297e+00, 2.000301e+00, -3.778992e+00, -3.283419e+00, -4.097482e-06
-3.777701e+00, -3.278555e+00, -3.777548e+00, -3.280314e+00, -6.429047e-05
2.999866e+00, 2.000307e+00, 3.000004e+00, 1.999882e+00, -8.374951e-08
2.999866e+00, 2.000307e+00, 3.000004e+00, 1.999882e+00, -8.375329e-08
2.999866e+00, 2.000307e+00, 3.000004e+00, 1.999882e+00, -8.375528e-08
2.999866e+00, 2.000307e+00, 3.000004e+00, 1.999882e+00, -8.374751e-08
2.999866e+00, 2.000307e+00, 3.000004e+00, 1.999882e+00, -8.375038e-08
2.999866e+00, 2.000307e+00, 3.000004e+00, 1.999882e+00, -8.375242e-08
2.999866e+00, 2.000307e+00, 3.000004e+00, 1.999882e+00, -8.374943e-08
2.999866e+00, 2.000307e+00, 3.000004e+00, 1.999882e+00, -8.375336e-08
-3.966780e+00, -3.395063e+00, -3.511603e+00, -3.094484e+00, -3.046930e-01
2.999902e+00, 2.000056e+00, 3.000053e+00, 2.000037e+00, -2.331753e-08
-2.811410e+00, 3.130686e+00, 3.348262e+00, 3.583772e-01, -6.369504e-01
-2.811410e+00, 3.130686e+00, 3.348262e+00, 3.583772e-01, -6.369504e-01
-2.811410e+00, 3.130686e+00, 3.348262e+00, 3.583772e-01, -6.369504e-01
-2.811410e+00, 3.130686e+00, 3.348262e+00, 3.583772e-01, -6.369504e-01
-2.811410e+00, 3.130686e+00, 3.348262e+00, 3.583772e-01, -6.369504e-01
-2.811410e+00, 3.130686e+00, 3.348262e+00, 3.583772e-01, -6.369504e-01
-2.811410e+00, 3.130686e+00, 3.348262e+00, 3.583772e-01, -6.369504e-01
-2.811410e+00, 3.130686e+00, 3.348262e+00, 3.583772e-01, -6.369504e-01
3.589324e+00, -1.846940e+00, -2.812714e+00, 3.135262e+00, -1.892952e-04
3.589324e+00, -1.846940e+00, -2.812714e+00, 3.135262e+00, -1.892947e-04
3.589324e+00, -1.846940e+00, -2.812714e+00, 3.135262e+00, -1.892949e-04
3.589324e+00, -1.846940e+00, -2.812714e+00, 3.135262e+00, -1.892949e-04
3.589324e+00, -1.846940e+00, -2.812714e+00, 3.135262e+00, -1.892947e-04
3.589324e+00, -1.846940e+00, -2.812714e+00, 3.135262e+00, -1.892952e-04
3.589324e+00, -1.846940e+00, -2.812714e+00, 3.135262e+00, -1.892951e-04
3.589324e+00, -1.846940e+00, -2.812714e+00, 3.135262e+00, -1.892948e-04
-2.805117e+00, 3.131314e+00, -2.805120e+00, 3.131313e+00, -1.744238e-11
2.998779e+00, 2.001728e+00, 2.998306e+00, 1.996691e+00, -2.338567e-05
2.998779e+00, 2.001728e+00, 2.998306e+00, 1.996691e+00, -2.338572e-05
2.998779e+00, 2.001728e+00, 2.998306e+00, 1.996691e+00, -2.338571e-05
2.998779e+00, 2.001728e+00, 2.998306e+00, 1.996691e+00, -2.338568e-05
2.998779e+00, 2.001728e+00, 2.998306e+00, 1.996691e+00, -2.338560e-05
2.998779e+00, 2.001728e+00, 2.998306e+00, 1.996691e+00, -2.338579e-05
2.998779e+00, 2.001728e+00, 2.998306e+00, 1.996691e+00, -2.338562e-05
2.998779e+00, 2.001728e+00, 2.998306e+00, 1.996691e+00, -2.338577e-05
3.584660e+00, -1.848031e+00, -3.779164e+00, -3.282995e+00, -2.585462e-07
2.997856e+00, 1.561062e+00, -3.031914e+00, 3.779635e+00, -1.231880e+00
-3.779346e+00, -3.282715e+00, -3.777693e+00, -3.281304e+00, -1.162721e-05
-3.779346e+00, -3.282715e+00, -3.777693e+00, -3.281304e+00, -1.162722e-05
-3.779346e+00, -3.282715e+00, -3.777693e+00, -3.281304e+00, -1.162724e-05
-3.779346e+00, -3.282715e+00, -3.777693e+00, -3.281304e+00, -1.162719e-05
-3.779346e+00, -3.282715e+00, -3.777693e+00, -3.281304e+00, -1.162728e-05
-3.779346e+00, -3.282715e+00, -3.777693e+00, -3.281304e+00, -1.162715e-05
-3.779346e+00, -3.282715e+00, -3.777693e+00, -3.281304e+00, -1.162728e-05
-3.779346e+00, -3.282715e+00, -3.777693e+00, -3.281304e+00, -1.162716e-05
3.524693e+00, -1.881956e+00, 7.151448e-01, 2.799340e+00, -3.087293e+00
3.524693e+00, -1.881956e+00, 7.151448e-01, 2.799340e+00, -3.087293e+00
3.524693e+00, -1.881956e+00, 7.151448e-01, 2.799340e+00, -3.087293e+00
3.524693e+00, -1.881956e+00, 7.151448e-01, 2.799340e+00, -3.087293e+00
3.524693e+00, -1.881956e+00, 7.151449e-01, 2.799340e+00, -3.087293e+00
3.524693e+00, -1.881956e+00, 7.151448e-01, 2.799340e+00, -3.087293e+00
3.524693e+00, -1.881956e+00, 7.151448e-01, 2.799340e+00, -3.087293e+00
3.524693e+00, -1.881956e+00, 7.151448e-01, 2.799340e+00, -3.087293e+00
2.999998e+00, 1.999998e+00, 3.584425e+00, -1.848129e+00, -5.874945e-11
2.999998e+00, 1.999998e+00, 3.584425e+00, -1.848129e+00, -5.895274e-11
2.999998e+00, 1.999998e+00, 3.584425e+00, -1.848129e+00, -5.879332e-11
2.999998e+00, 1.999998e+00, 3.584425e+00, -1.848129e+00, -5.890868e-11
2.999998e+00, 1.999998e+00, 3.584425e+00, -1.848129e+00, -5.865539e-11
2.999998e+00, 1.999998e+00, 3.584425e+00, -1.848129e+00, -5.904696e-11
2.999998e+00, 1.999998e+00, 3.584425e+00, -1.848129e+00, -5.879958e-11
2.999998e+00, 1.999998e+00, 3.584425e+00, -1.848129e+00, -5.890239e-11
-3.154487e+00, -7.336778e-03, 3.510626e+00, -1.432202e+00, -5.315437e+00
-3.154487e+00, -7.336778e-03, 3.510626e+00, -1.432202e+00, -5.315437e+00
-3.154487e+00, -7.336768e-03, 3.510626e+00, -1.432202e+00, -5.315437e+00
-3.154487e+00, -7.336788e-03, 3.510626e+00, -1.432202e+00, -5.315437e+00
-3.154487e+00, -7.336778e-03, 3.510626e+00, -1.432202e+00, -5.315437e+00
-3.154487e+00, -7.336778e-03, 3.510626e+00, -1.432202e+00, -5.315437e+00
-3.154487e+00, -7.336778e-03, 3.510626e+00, -1.432202e+00, -5.315437e+00
-3.154487e+00, -7.336778e-03, 3.510626e+00, -1.432202e+00, -5.315437e+00
3.584559e+00, -1.848285e+00, -3.779536e+00, -3.282832e+00, -5.923647e-07
3.304273e+00, -1.353602e+00, -3.336597e+00, -2.605153e+00, -1.212298e+00
3.304273e+00, -1.353602e+00, -3.336597e+00, -2.605153e+00, -1.212298e+00
3.304273e+00, -1.353602e+00, -3.336597e+00, -2.605153e+00, -1.212298e+00
3.304273e+00, -1.353602e+00, -3.336597e+00, -2.605153e+00, -1.212298e+00
3.304273e+00, -1.353602e+00, -3.336597e+00, -2.605153e+00, -1.212298e+00
3.304273e+00, -1.353602e+00, -3.336597e+00, -2.605153e+00, -1.212298e+00
3.304273e+00, -1.353602e+00, -3.336597e+00, -2.605153e+00, -1.212298e+00
3.304273e+00, -1.353602e+00, -3.336597e+00, -2.605153e+00, -1.212298e+00
3.000001e+00, 1.999992e+00, 2.999999e+00, 1.999992e+00, -1.132767e-10
3.000001e+00, 1.999992e+00, 2.999999e+00, 1.999992e+00, -1.133662e-10
3.000001e+00, 1.999992e+00, 2.999999e+00, 1.999992e+00, -1.131956e-10
3.000001e+00, 1.999992e+00, 2.999999e+00, 1.999992e+00, -1.134471e-10
3.000001e+00, 1.999992e+00, 2.999999e+00, 1.999992e+00, -1.131922e-10
3.000001e+00, 1.999992e+00, 2.999999e+00, 1.999992e+00, -1.134507e-10
3.000001e+00, 1.999992e+00, 2.999999e+00, 1.999992e+00, -1.131757e-10
3.000001e+00, 1.999992e+00, 2.999999e+00, 1.999992e+00, -1.134670e-10
3.000033e+00, 1.999858e+00, -3.779550e+00, -3.283030e+00, -2.875281e-07
-2.805187e+00, 3.131221e+00, 3.584331e+00, -1.848146e+00, -5.045633e-08
-2.806248e+00, 3.132347e+00, 2.995935e+00, 2.011763e+00, -1.050891e-04
2.999342e+00, 2.000057e+00, -2.804763e+00, 3.131093e+00, -1.062979e-06
-3.307360e+00, -2.960562e+00, 3.017274e+00, -2.789422e+00, -2.394543e+00
-3.307360e+00, -2.960562e+00, 3.017274e+00, -2.789422e+00, -2.394543e+00
-3.307360e+00, -2.960562e+00, 3.017274e+00, -2.789422e+00, -2.394543e+00
-3.307360e+00, -2.960562e+00, 3.017274e+00, -2.789422e+00, -2.394543e+00
-3.307360e+00, -2.960562e+00, 3.017274e+00, -2.789422e+00, -2.394542e+00
-3.307360e+00, -2.960562e+00, 3.017274e+00, -2.789422e+00, -2.394543e+00
-3.307360e+00, -2.960562e+00, 3.017274e+00, -2.789422e+00, -2.394542e+00
-3.307360e+00, -2.960562e+00, 3.017274e+00, -2.789422e+00, -2.394543e+00
-2.806221e+00, 3.155130e+00, -2.774485e+00, 3.147062e+00, -3.192061e-03
-2.806221e+00, 3.155130e+00, -2.774485e+00, 3.147062e+00, -3.192061e-03
-2.806221e+00, 3.155130e+00, -2.774485e+00, 3.147062e+00, -3.192062e-03
-2.806221e+00, 3.155130e+00, -2.774485e+00, 3.147062e+00, -3.192060e-03
-2.806221e+00, 3.155130e+00, -2.774485e+00, 3.147062e+00, -3.192062e-03
-2.806221e+00, 3.155130e+00, -2.774485e+00, 3.147062e+00, -3.192060e-03
-2.806221e+00, 3.155130e+00, -2.774485e+00, 3.147062e+00, -3.192062e-03
-2.806221e+00, 3.155130e+00, -2.774485e+00, 3.147062e+00, -3.192061e-03
3.000420e+00, 2.024969e+00, 3.582797e+00, -1.846695e+00, -5.546605e-04
-3.759918e+00, -3.276785e+00, -2.807711e+00, 3.120362e+00, -1.255842e-03
-3.759918e+00, -3.276785e+00, -2.807711e+00, 3.120362e+00, -1.255840e-03
-3.759918e+00, -3.276785e+00, -2.807711e+00, 3.120362e+00, -1.255841e-03
-3.759918e+00, -3.276785e+00, -2.807711e+00, 3.120362e+00, -1.255841e-03
-3.759918e+00, -3.276785e+00, -2.807711e+00, 3.120362e+00, -1.255841e-03
-3.759918e+00, -3.276785e+00, -2.807712e+00, 3.120362e+00, -1.255841e-03
-3.759918e+00, -3.276785e+00, -2.807711e+00, 3.120362e+00, -1.255841e-03
-3.759918e+00, -3.276785e+00, -2.807711e+00, 3.120362e+00, -1.255842e-03
2.999625e+00, 1.999922e+00, 3.000101e+00, 1.999968e+00, -3.112239e-07
2.999625e+00, 1.999922e+00, 3.000101e+00, 1.999968e+00, -3.112532e-07
2.999625e+00, 1.999922e+00, 3.000101e+00, 1.999968e+00, -3.112335e-07
2.999625e+00, 1.999922e+00, 3.000101e+00, 1.999968e+00, -3.112436e-07
2.999625e+00, 1.999922e+00, 3.000101e+00, 1.999968e+00, -3.112420e-07
2.999625e+00, 1.999922e+00, 3.000101e+00, 1.999968e+00, -3.112351e-07
2.999625e+00, 1.999922e+00, 3.000101e+00, 1.999968e+00, -3.112390e-07
2.999625e+00, 1.999922e+00, 3.000101e+00, 1.999968e+00, -3.112381e-07
-3.775254e+00, -3.371865e+00, 3.711526e+00, -1.717529e+00, -8.005507e-02
-3.775254e+00, -3.371865e+00, 3.711526e+00, -1.717529e+00, -8.005507e-02
-3.775254e+00, -3.371865e+00, 3.711526e+00, -1.717529e+00, -8.005507e-02
-3.775254e+00, -3.371865e+00, 3.711526e+00, -1.717529e+00, -8.005508e-02
-3.775254e+00, -3.371865e+00, 3.711526e+00, -1.717529e+00, -8.005508e-02
-3.775254e+00, -3.371865e+00, 3.711526e+00, -1.717529e+00, -8.005506e-02
-3.775254e+00, -3.371865e+00, 3.711526e+00, -1.717529e+00, -8.005507e-02
-3.775254e+00, -3.371865e+00, 3.711526e+00, -1.717529e+00, -8.005507e-02
3.001297e+00, 2.000301e+00, -3.778992e+00, -3.283419e+00, -4.097533e-06
3.001297e+00, 2.000301e+00, -3.778992e+00, -3.283419e+00, -4.097431e-06
3.001297e+00, 2.000301e+00, -3.778992e+00, -3.283419e+00, -4.097500e-06
3.001297e+00, 2.000301e+00, -3.778992e+00, -3.283419e+00, -4.097464e-06
3.001297e+00, 2.000301e+00, -3.778992e+00, -3.283419e+00, -4.097503e-06
3.001297e+00, 2.000301e+00, -3.778992e+00, -3.283419e+00, -4.097460e-06
3.001297e+00, 2.000301e+00, -3.778992e+00, -3.283419e+00, -4.097467e-06
3.001297e+00, 2.000301e+00, -3.778992e+00, -3.283419e+00, -4.097496e-06
-3.777701e+00, -3.278555e+00, -3.777548e+00, -3.280314e+00, -6.429050e-05
-3.777701e+00, -3.278555e+00, -3.777548e+00, -3.280314e+00, -6.429045e-05
-3.777701e+00, -3.278555e+00, -3.777548e+00, -3.280314e+00, -6.429066e-05
-3.777701e+00, -3.278555e+00, -3.777548e+00, -3.280314e+00, -6.429029e-05
-3.777701e+00, -3.278555e+00, -3.777548e+00, -3.280314e+00, -6.429054e-05
-3.777701e+00, -3.278555e+00, -3.777548e+00, -3.280314e+00, -6.429041e-05
-3.777701e+00, -3.278555e+00, -3.777548e+00, -3.280314e+00, -6.429058e-05
-3.777701e+00, -3.278555e+00, -3.777548e+00, -3.280314e+00, -6.429037e-05
2.999994e+00, 2.000032e+00, 3.000009e+00, 1.999958e+00, -2.027932e-09
-3.966780e+00, -3.395063e+00, -3.511603e+00, -3.094484e+00, -3.046930e-01
-3.966780e+00, -3.395063e+00, -3.511603e+00, -3.094484e+00, -3.046930e-01
-3.966780e+00, -3.395063e+00, -3.511603e+00, -3.094484e+00, -3.046930e-01
-3.966780e+00, -3.395063e+00, -3.511603e+00, -3.094484e+00, -3.046930e-01
-3.966780e+00, -3.395063e+00, -3.511603e+00, -3.094484e+00, -3.046930e-01
-3.966780e+00, -3.395063e+00, -3.511603e+00, -3.094484e+00, -3.046930e-01
-3.966780e+00, -3.395063e+00, -3.511603e+00, -3.094484e+00, -3.046930e-01
-3.966780e+00, -3.395063e+00, -3.511603e+00, -3.094484e+00, -3.046930e-01
2.999902e+00, 2.000056e+00, 3.000053e+00, 2.000037e+00, -2.331445e-08
2.999902e+00, 2.000056e+00, 3.000053e+00, 2.000037e+00, -2.332061e-08
2.999902e+00, 2.000056e+00, 3.000053e+00, 2.000037e+00, -2.331749e-08
2.999902e+00, 2.000056e+00, 3.000053e+00, 2.000037e+00, -2.331757e-08
2.999902e+00, 2.000056e+00, 3.000053e+00, 2.000037e+00, -2.331985e-08
2.999902e+00, 2.000056e+00, 3.000053e+00, 2.000037e+00, -2.331521e-08
2.999902e+00, 2.000056e+00, 3.000053e+00, 2.000037e+00, -2.331869e-08
2.999902e+00, 2.000056e+00, 3.000053e+00, 2.000037e+00, -2.331637e-08
-2.746047e+00, 3.129352e+00, 3.326280e+00, 4.976088e-01, -6.082382e-01
3.584726e+00, -1.848234e+00, -2.805610e+00, 3.131445e+00, -6.550207e-07
-2.805117e+00, 3.131314e+00, -2.805120e+00, 3.131313e+00, -1.748727e-11
-2.805117e+00, 3.131314e+00, -2.805120e+00, 3.131313e+00, -1.739782e-11
-2.805117e+00, 3.131314e+00, -2.805120e+00, 3.131313e+00, -1.750586e-11
-2.805117e+00, 3.131314e+00, -2.805120e+00, 3.131313e+00, -1.737931e-11
-2.805117e+00, 3.131314e+00, -2.805120e+00, 3.131313e+00, -1.736650e-11
-2.805117e+00, 3.131314e+00, -2.805120e+00, 3.131313e+00, -1.751859e-11
-2.805117e+00, 3.131314e+00, -2.805120e+00, 3.131313e+00, -1.746338e-11
-2.805117e+00, 3.131314e+00, -2.805120e+00, 3.131313e+00, -1.742179e-11
3.000348e+00, 1.999657e+00, 3.000214e+00, 1.998295e+00, -2.394143e-06
3.584660e+00, -1.848031e+00, -3.779164e+00, -3.282995e+00, -2.585587e-07
3.584660e+00, -1.848031e+00, -3.779164e+00, -3.282995e+00, -2.585337e-07
3.584660e+00, -1.848031e+00, -3.779164e+00, -3.282995e+00, -2.585484e-07
3.584660e+00, -1.848031e+00, -3.779164e+00, -3.282995e+00, -2.585440e-07
3.584660e+00, -1.848031e+00, -3.779164e+00, -3.282995e+00, -2.585520e-07
3.584660e+00, -1.848031e+00, -3.779164e+00, -3.282995e+00, -2.585404e-07
3.584660e+00, -1.848031e+00, -3.779164e+00, -3.282995e+00, -2.585526e-07
3.584660e+00, -1.848031e+00, -3.779164e+00, -3.282995e+00, -2.585398e-07
2.997856e+00, 1.561062e+00, -3.031914e+00, 3.779635e+00, -1.231880e+00
2.997856e+00, 1.561062e+00, -3.031914e+00, 3.779635e+00, -1.231880e+00
2.997856e+00, 1.561062e+00, -3.031914e+00, 3.779635e+00, -1.231880e+00
2.997856e+00, 1.561062e+00, -3.031914e+00, 3.779635e+00, -1.231880e+00
2.997856e+00, 1.561062e+00, -3.031914e+00, 3.779635e+00, -1.231880e+00
2.997856e+00, 1.561062e+00, -3.031914e+00, 3.779635e+00, -1.231880e+00
2.997856e+00, 1.561062e+00, -3.031914e+00, 3.779635e+00, -1.231880e+00
2.997856e+00, 1.561062e+00, -3.031914e+00, 3.779635e+00, -1.231880e+00
-3.779305e+00, -3.283207e+00, -3.779604e+00, -3.283220e+00, -2.407368e-07
3.618972e+00, -1.795915e+00, 9.884428e-01, 2.696520e+00, -2.768933e+00
3.000000e+00, 2.000000e+00, 3.584428e+00, -1.848127e+00, -2.904784e-14
2.043383e+00, 6.000000e+00, 6.000000e+00, -6.000000e+00, -1.275186e+02
3.584559e+00, -1.848285e+00, -3.779536e+00, -3.282832e+00, -5.923710e-07
3.584559e+00, -1.848285e+00, -3.779536e+00, -3.282832e+00, -5.923584e-07
3.584559e+00, -1.848285e+00, -3.779536e+00, -3.282832e+00, -5.923628e-07
3.584559e+00, -1.848285e+00, -3.779536e+00, -3.282832e+00, -5.923665e-07
3.584559e+00, -1.848285e+00, -3.779536e+00, -3.282832e+00, -5.923466e-07
3.584559e+00, -1.848285e+00, -3.779536e+00, -3.282832e+00, -5.923828e-07
3.584559e+00, -1.848285e+00, -3.779536e+00, -3.282832e+00, -5.923835e-07
3.584559e+00, -1.848285e+00, -3.779536e+00, -3.282832e+00, -5.923459e-07
3.351150e+00, -1.452454e+00, -3.608192e+00, -2.741883e+00, -6.967671e-01
3.000000e+00, 2.000000e+00, 3.000001e+00, 2.000000e+00, -1.453470e-12
3.000033e+00, 1.999858e+00, -3.779550e+00, -3.283030e+00, -2.875279e-07
3.000033e+00, 1.999858e+00, -3.779550e+00, -3.283030e+00, -2.875283e-07
3.000033e+00, 1.999858e+00, -3.779550e+00, -3.283030e+00, -2.875260e-07
3.000033e+00, 1.999858e+00, -3.779550e+00, -3.283030e+00, -2.875301e-07
3.000033e+00, 1.999858e+00, -3.779550e+00, -3.283030e+00, -2.875119e-07
3.000033e+00, 1.999858e+00, -3.779550e+00, -3.283030e+00, -2.875442e-07
3.000033e+00, 1.999858e+00, -3.779550e+00, -3.283030e+00, -2.875383e-07
3.000033e+00, 1.999858e+00, -3.779550e+00, -3.283030e+00, -2.875178e-07
-2.805187e+00, 3.131221e+00, 3.584331e+00, -1.848146e+00, -5.045403e-08
-2.805187e+00, 3.131221e+00, 3.584331e+00, -1.848146e+00, -5.045862e-08
-2.805187e+00, 3.131221e+00, 3.584331e+00, -1.848146e+00, -5.045261e-08
-2.805187e+00, 3.131221e+00, 3.584331e+00, -1.848146e+00, -5.046004e-08
-2.805187e+00, 3.131221e+00, 3.584331e+00, -1.848146e+00, -5.045118e-08
-2.805187e+00, 3.131221e+00, 3.584331e+00, -1.848146e+00, -5.046148e-08
-2.805187e+00, 3.131221e+00, 3.584331e+00, -1.848146e+00, -5.045570e-08
-2.805187e+00, 3.131221e+00, 3.584331e+00, -1.848146e+00, -5.045696e-08
-2.806248e+00, 3.132347e+00, 2.995935e+00, 2.011763e+00, -1.050890e-04
-2.806248e+00, 3.132347e+00, 2.995935e+00, 2.011763e+00, -1.050891e-04
-2.806248e+00, 3.132347e+00, 2.995935e+00, 2.011763e+00, -1.050891e-04
-2.806248e+00, 3.132347e+00, 2.995935e+00, 2.011763e+00, -1.050890e-04
-2.806248e+00, 3.132347e+00, 2.995935e+00, 2.011763e+00, -1.050890e-04
-2.806248e+00, 3.132347e+00, 2.995935e+00, 2.011763e+00, -1.050891e-04
-2.806248e+00, 3.132347e+00, 2.995935e+00, 2.011763e+00, -1.050892e-04
-2.806248e+00, 3.132347e+00, 2.995935e+00, 2.011763e+00, -1.050889e-04
2.999342e+00, 2.000057e+00, -2.804763e+00, 3.131093e+00, -1.062955e-06
2.999342e+00, 2.000057e+00, -2.804763e+00, 3.131093e+00, -1.063002e-06
2.999342e+00, 2.000057e+00, -2.804763e+00, 3.131093e+00, -1.062973e-06
2.999342e+00, 2.000057e+00, -2.804763e+00, 3.131093e+00, -1.062984e-06
2.999342e+00, 2.000057e+00, -2.804763e+00, 3.131093e+00, -1.062990e-06
2.999342e+00, 2.000057e+00, -2.804763e+00, 3.131093e+00, -1.062967e-06
2.999342e+00, 2.000057e+00, -2.804763e+00, 3.131093e+00, -1.062970e-06
2.999342e+00, 2.000057e+00, -2.804763e+00, 3.131093e+00, -1.062987e-06
-4.289642e+00, -3.533407e+00, 3.696535e+00, -2.521543e+00, -1.286947e+00
-2.805142e+00, 3.133674e+00, -2.808061e+00, 3.133468e+00, -3.423315e-05
3.000420e+00, 2.024969e+00, 3.582797e+00, -1.846695e+00, -5.546608e-04
3.000420e+00, 2.024969e+00, 3.582797e+00, -1.846695e+00, -5.546602e-04
3.000420e+00, 2.024969e+00, 3.582797e+00, -1.846695e+00, -5.546609e-04
3.000420e+00, 2.024969e+00, 3.582797e+00, -1.846695e+00, -5.546601e-04
3.000420e+00, 2.024969e+00, 3.582797e+00, -1.846695e+00, -5.546604e-04
3.000420e+00, 2.024969e+00, 3.582797e+00, -1.846695e+00, -5.546606e-04
3.000420e+00, 2.024969e+00, 3.582797e+00, -1.846695e+00, -5.546605e-04
3.000420e+00, 2.024969e+00, 3.582797e+00, -1.846695e+00, -5.546605e-04
-3.780772e+00, -3.280386e+00, -2.807003e+00, 3.129787e+00, -3.990683e-05
3.000033e+00, 1.999998e+00, 3.000068e+00, 1.999856e+00, -1.829217e-08
-3.780489e+00, -3.301569e+00, 3.574766e+00, -1.861947e+00, -1.153890e-03
3.000088e+00, 2.000041e+00, -3.779317e+00, -3.283177e+00, -1.978405e-08
-3.778053e+00, -3.280468e+00, -3.777916e+00, -3.281876e+00, -2.290739e-05
2.999994e+00, 2.000032e+00, 3.000009e+00, 1.999958e+00, -2.028039e-09
2.999994e+00, 2.000032e+00, 3.000009e+00, 1.999958e+00, -2.027826e-09
2.999994e+00, 2.000032e+00, 3.000009e+00, 1.999958e+00, -2.028412e-09
2.999994e+00, 2.000032e+00, 3.000009e+00, 1.999958e+00, -2.027453e-09
2.999994e+00, 2.000032e+00, 3.000009e+00, 1.999958e+00, -2.027832e-09
2.999994e+00, 2.000032e+00, 3.000009e+00, 1.999958e+00, -2.028033e-09
2.999994e+00, 2.000032e+00, 3.000009e+00, 1.999958e+00, -2.027299e-09
2.999994e+00, 2.000032e+00, 3.000009e+00, 1.999958e+00, -2.028567e-09
-3.827136e+00, -3.333266e+00, -3.953740e+00, -3.325732e+00, -9.483475e-02
2.999998e+00, 2.000002e+00, 2.999997e+00, 1.999996e+00, -4.072448e-11
-2.746047e+00, 3.129352e+00, 3.326280e+00, 4.976088e-01, -6.082382e-01
-2.746047e+00, 3.129352e+00, 3.326280e+00, 4.976088e-01, -6.082382e-01
-2.746047e+00, 3.129352e+00, 3.326280e+00, 4.976088e-01, -6.082382e-01
-2.746047e+00, 3.129352e+00, 3.326280e+00, 4.976088e-01, -6.082382e-01
-2.746047e+00, 3.129352e+00, 3.326280e+00, 4.976088e-01, -6.082382e-01
-2.746047e+00, 3.129352e+00, 3.326280e+00, 4.976088e-01, -6.082382e-01
-2.746047e+00, 3.129352e+00, 3.326280e+00, 4.976088e-01, -6.082382e-01
-2.746047e+00, 3.129352e+00, 3.326280e+00, 4.976088e-01, -6.082382e-01
3.584726e+00, -1.848234e+00, -2.805610e+00, 3.131445e+00, -6.550359e-07
3.584726e+00, -1.848234e+00, -2.805610e+00, 3.131445e+00, -6.550054e-07
3.584726e+00, -1.848234e+00, -2.805610e+00, 3.131445e+00, -6.550201e-07
3.584726e+00, -1.848234e+00, -2.805610e+00, 3.131445e+00, -6.550212e-07
3.584726e+00, -1.848234e+00, -2.805610e+00, 3.131445e+00, -6.550048e-07
3.584726e+00, -1.848234e+00, -2.805610e+00, 3.131445e+00, -6.550366e-07
3.584726e+00, -1.848234e+00, -2.805610e+00, 3.131445e+00, -6.550257e-07
3.584726e+00, -1.848234e+00, -2.805610e+00, 3.131445e+00, -6.550157e-07
-2.805118e+00, 3.131313e+00, -2.805118e+00, 3.131312e+00, -5.387441e-14
3.000348e+00, 1.999657e+00, 3.000214e+00, 1.998295e+00, -2.394152e-06
3.000348e+00, 1.999657e+00, 3.000214e+00, 1.998295e+00, -2.394133e-06
3.000348e+00, 1.999657e+00, 3.000214e+00, 1.998295e+00, -2.394140e-06
3.000348e+00, 1.999657e+00, 3.000214e+00, 1.998295e+00, -2.394145e-06
3.000348e+00, 1.999657e+00, 3.000214e+00, 1.998295e+00, -2.394134e-06
3.000348e+00, 1.999657e+00, 3.000214e+00, 1.998295e+00, -2.394152e-06
3.000348e+00, 1.999657e+00, 3.000214e+00, 1.998295e+00, -2.394116e-06
3.000348e+00, 1.999657e+00, 3.000214e+00, 1.998295e+00, -2.394170e-06
3.584494e+00, -1.848062e+00, -3.779273e+00, -3.283121e+00, -2.547133e-08
3.107007e+00, 1.504485e+00, -2.869162e+00, 2.874197e+00, -2.638871e-01
-3.779305e+00, -3.283207e+00, -3.779604e+00, -3.283220e+00, -2.407374e-07
-3.779306e+00, -3.283207e+00, -3.779604e+00, -3.283220e+00, -2.407363e-07
-3.779305e+00, -3.283207e+00, -3.779604e+00, -3.283220e+00, -2.407359e-07
-3.779305e+00, -3.283207e+00, -3.779604e+00, -3.283220e+00, -2.407378e-07
-3.779305e+00, -3.283207e+00, -3.779604e+00, -3.283220e+00, -2.407202e-07
-3.779305e+00, -3.283207e+00, -3.779604e+00, -3.283220e+00, -2.407534e-07
-3.779305e+00, -3.283207e+00, -3.779604e+00, -3.283220e+00, -2.407395e-07
-3.779305e+00, -3.283207e+00, -3.779604e+00, -3.283220e+00, -2.407342e-07
3.618972e+00, -1.795915e+00, 9.884428e-01, 2.696520e+00, -2.768933e+00
3.618972e+00, -1.795915e+00, 9.884428e-01, 2.696520e+00, -2.768933e+00
3.618972e+00, -1.795915e+00, 9.884428e-01, 2.696520e+00, -2.768933e+00
3.618972e+00, -1.795915e+00, 9.884428e-01, 2.696520e+00, -2.768933e+00
3.618972e+00, -1.795915e+00, 9.884428e-01, 2.696520e+00, -2.768933e+00
3.618972e+00, -1.795915e+00, 9.884428e-01, 2.696520e+00, -2.768933e+00
3.618972e+00, -1.795915e+00, 9.884428e-01, 2.696520e+00, -2.768933e+00
3.618972e+00, -1.795915e+00, 9.884428e-01, 2.696520e+00, -2.768933e+00
-5.555518e-01, 5.661740e+00, 5.434814e+00, -6.000000e+00, -9.842362e+01
3.584300e+00, -1.848255e+00, -3.779098e+00, -3.283439e+00, -4.100759e-07
3.351150e+00, -1.452454e+00, -3.608192e+00, -2.741883e+00, -6.967671e-01
3.351150e+00, -1.452454e+00, -3.608192e+00, -2.741883e+00, -6.967672e-01
3.351150e+00, -1.452454e+00, -3.608192e+00, -2.741883e+00, -6.967671e-01
3.351150e+00, -1.452454e+00, -3.608192e+00, -2.741883e+00, -6.967671e-01
3.351150e+00, -1.452454e+00, -3.608192e+00, -2.741883e+00, -6.967671e-01
3.351150e+00, -1.452454e+00, -3.608192e+00, -2.741883e+00, -6.967671e-01
3.351150e+00, -1.452454e+00, -3.608192e+00, -2.741883e+00, -6.967672e-01
3.351150e+00, -1.452454e+00, -3.608192e+00, -2.741883e+00, -6.967671e-01
3.000003e+00, 1.999989e+00, -3.779310e+00, -3.283170e+00, -6.521566e-10
-2.805157e+00, 3.131294e+00, 3.584426e+00, -1.848128e+00, -3.302818e-09
-2.804979e+00, 3.129804e+00, 2.998446e+00, 2.004595e+00, -1.989794e-05
2.999976e+00, 2.000027e+00, -2.805135e+00, 3.131293e+00, -2.277481e-09
-4.289642e+00, -3.533407e+00, 3.696535e+00, -2.521543e+00, -1.286947e+00
-4.289642e+00, -3.533407e+00, 3.696535e+00, -2.521543e+00, -1.286947e+00
-4.289642e+00, -3.533407e+00, 3.696535e+00, -2.521543e+00, -1.286947e+00
-4.289642e+00, -3.533407e+00, 3.696535e+00, -2.521543e+00, -1.286947e+00
-4.289642e+00, -3.533407e+00, 3.696535e+00, -2.521543e+00, -1.286947e+00
-4.289642e+00, -3.533407e+00, 3.696535e+00, -2.521543e+00, -1.286947e+00
-4.289642e+00, -3.533407e+00, 3.696535e+00, -2.521543e+00, -1.286947e+00
-4.289642e+00, -3.533407e+00, 3.696535e+00, -2.521543e+00, -1.286947e+00
-2.805142e+00, 3.133674e+00, -2.808061e+00, 3.133468e+00, -3.423315e-05
-2.805142e+00, 3.133674e+00, -2.808061e+00, 3.133468e+00, -3.423315e-05
-2.805142e+00, 3.133674e+00, -2.808061e+00, 3.133468e+00, -3.423324e-05
-2.805142e+00, 3.133674e+00, -2.808061e+00, 3.133468e+00, -3.423305e-05
-2.805142e+00, 3.133674e+00, -2.808061e+00, 3.133468e+00, -3.423305e-05
-2.805142e+00, 3.133674e+00, -2.808061e+00, 3.133468e+00, -3.423324e-05
-2.805142e+00, 3.133674e+00, -2.808061e+00, 3.133468e+00, -3.423323e-05
-2.805142e+00, 3.133674e+00, -2.808061e+00, 3.133468e+00, -3.423306e-05
3.001239e+00, 1.999400e+00, 3.583562e+00, -1.846931e+00, -5.057446e-06
-3.780772e+00, -3.280386e+00, -2.807003e+00, 3.129787e+00, -3.990671e-05
-3.780772e+00, -3.280386e+00, -2.807003e+00, 3.129787e+00, -3.990696e-05
-3.780772e+00, -3.280386e+00, -2.807003e+00, 3.129787e+00, -3.990698e-05
-3.780772e+00, -3.280386e+00, -2.807003e+00, 3.129787e+00, -3.990669e-05
-3.780772e+00, -3.280386e+00, -2.807003e+00, 3.129787e+00, -3.990677e-05
-3.780772e+00, -3.280386e+00, -2.807003e+00, 3.129787e+00, -3.990689e-05
-3.780772e+00, -3.280386e+00, -2.807003e+00, 3.129787e+00, -3.990677e-05
-3.780772e+00, -3.280386e+00, -2.807003e+00, 3.129787e+00, -3.990689e-05
3.000033e+00, 1.999998e+00, 3.000068e+00, 1.999856e+00, -1.829336e-08
3.000033e+00, 1.999998e+00, 3.000068e+00, 1.999856e+00, -1.829097e-08
3.000033e+00, 1.999998e+00, 3.000068e+00, 1.999856e+00, -1.829246e-08
3.000033e+00, 1.999998e+00, 3.000068e+00, 1.999856e+00, -1.829187e-08
3.000033e+00, 1.999998e+00, 3.000068e+00, 1.999856e+00, -1.829325e-08
3.000033e+00, 1.999998e+00, 3.000068e+00, 1.999856e+00, -1.829108e-08
3.000033e+00, 1.999998e+00, 3.000068e+00, 1.999856e+00, -1.829041e-08
3.000033e+00, 1.999998e+00, 3.000068e+00, 1.999856e+00, -1.829393e-08
-3.780489e+00, -3.301569e+00, 3.574766e+00, -1.861947e+00, -1.153890e-03
-3.780489e+00, -3.301569e+00, 3.574766e+00, -1.861947e+00, -1.153890e-03
-3.780489e+00, -3.301569e+00, 3.574766e+00, -1.861947e+00, -1.153889e-03
-3.780489e+00, -3.301569e+00, 3.574766e+00, -1.861947e+00, -1.153891e-03
-3.780489e+00, -3.301569e+00, 3.574766e+00, -1.861947e+00, -1.153890e-03
-3.780489e+00, -3.301569e+00, 3.574766e+00, -1.861947e+00, -1.153891e-03
-3.780489e+00, -3.301569e+00, 3.574766e+00, -1.861947e+00, -1.153890e-03
-3.780489e+00, -3.301569e+00, 3.574766e+00, -1.861947e+00, -1.153890e-03
3.000088e+00, 2.000041e+00, -3.779317e+00, -3.283177e+00, -1.978772e-08
3.000088e+00, 2.000041e+00, -3.779317e+00, -3.283177e+00, -1.978038e-08
3.000088e+00, 2.000041e+00, -3.779317e+00, -3.283177e+00, -1.978562e-08
3.000088e+00, 2.000041e+00, -3.779317e+00, -3.283177e+00, -1.978247e-08
3.000088e+00, 2.000041e+00, -3.779317e+00, -3.283177e+00, -1.978355e-08
3.000088e+00, 2.000041e+00, -3.779317e+00, -3.283177e+00, -1.978455e-08
3.000088e+00, 2.000041e+00, -3.779317e+00, -3.283177e+00, -1.978453e-08
3.000088e+00, 2.000041e+00, -3.779317e+00, -3.283177e+00, -1.978356e-08
-3.778053e+00, -3.280468e+00, -3.777916e+00, -3.281876e+00, -2.290743e-05
-3.778053e+00, -3.280468e+00, -3.777916e+00, -3.281876e+00, -2.290736e-05
-3.778053e+00, -3.280468e+00, -3.777916e+00, -3.281876e+00, -2.290750e-05
-3.778053e+00, -3.280468e+00, -3.777916e+00, -3.281876e+00, -2.290729e-05
-3.778053e+00, -3.280468e+00, -3.777916e+00, -3.281876e+00, -2.290746e-05
-3.778053e+00, -3.280468e+00, -3.777916e+00, -3.281876e+00, -2.290733e-05
-3.778053e+00, -3.280468e+00, -3.777916e+00, -3.281876e+00, -2.290743e-05
-3.778053e+00, -3.280468e+00, -3.777916e+00, -3.281876e+00, -2.290736e-05
3.000000e+00, 2.000000e+00, 3.000001e+00, 1.999998e+00, -2.270476e-12
-3.827136e+00, -3.333266e+00, -3.953740e+00, -3.325732e+00, -9.483475e-02
-3.827136e+00, -3.333266e+00, -3.953740e+00, -3.325732e+00, -9.483476e-02
-3.827136e+00, -3.333266e+00, -3.953740e+00, -3.325732e+00, -9.483475e-02
-3.827136e+00, -3.333266e+00, -3.953740e+00, -3.325732e+00, -9.483476e-02
-3.827136e+00, -3.333266e+00, -3.953740e+00, -3.325732e+00, -9.483474e-02
-3.827136e+00, -3.333266e+00, -3.953740e+00, -3.325732e+00, -9.483476e-02
-3.827136e+00, -3.333266e+00, -3.953740e+00, -3.325732e+00, -9.483475e-02
-3.827136e+00, -3.333266e+00, -3.953740e+00, -3.325732e+00, -9.483475e-02
2.999999e+00, 2.000002e+00, 2.999997e+00, 1.999996e+00, -4.068605e-11
2.999998e+00, 2.000002e+00, 2.999997e+00, 1.999996e+00, -4.076328e-11
2.999998e+00, 2.000002e+00, 2.999997e+00, 1.999996e+00, -4.073830e-11
2.999998e+00, 2.000002e+00, 2.999997e+00, 1.999996e+00, -4.071083e-11
2.999998e+00, 2.000002e+00, 2.999997e+00, 1.999996e+00, -4.058427e-11
2.999998e+00, 2.000002e+00, 2.999997e+00, 1.999996e+00, -4.086506e-11
2.999998e+00, 2.000002e+00, 2.999997e+00, 1.999996e+00, -4.063307e-11
2.999998e+00, 2.000002e+00, 2.999997e+00, 1.999996e+00, -4.081606e-11
6.000000e+00, 2.840292e+00, -2.391158e+00, 6.000000e+00, -7.667867e+01
3.584424e+00, -1.848112e+00, -2.805125e+00, 3.131310e+00, -2.662060e-10
3.000090e+00, 1.999984e+00, 3.000368e+00, 1.999233e+00, -4.817883e-07
3.584494e+00, -1.848062e+00, -3.779273e+00, -3.283121e+00, -2.547497e-08
3.584494e+00, -1.848062e+00, -3.779273e+00, -3.283121e+00, -2.546768e-08
3.584494e+00, -1.848062e+00, -3.779273e+00, -3.283121e+00, -2.547249e-08
3.584494e+00, -1.848062e+00, -3.779273e+00, -3.283121e+00, -2.547016e-08
3.584494e+00, -1.848062e+00, -3.779273e+00, -3.283121e+00, -2.547256e-08
3.584494e+00, -1.848062e+00, -3.779273e+00, -3.283121e+00, -2.547009e-08
3.584494e+00, -1.848062e+00, -3.779273e+00, -3.283121e+00, -2.547366e-08
3.584494e+00, -1.848062e+00, -3.779273e+00, -3.283121e+00, -2.546900e-08
3.107007e+00, 1.504485e+00, -2.869162e+00, 2.874197e+00, -2.638871e-01
3.107007e+00, 1.504485e+00, -2.869162e+00, 2.874197e+00, -2.638871e-01
3.107007e+00, 1.504485e+00, -2.869162e+00, 2.874197e+00, -2.638871e-01
3.107007e+00, 1.504485e+00, -2.869162e+00, 2.874197e+00, -2.638871e-01
3.107007e+00, 1.504485e+00, -2.869162e+00, 2.874197e+00, -2.638871e-01
3.107007e+00, 1.504485e+00, -2.869162e+00, 2.874197e+00, -2.638871e-01
3.107007e+00, 1.504485e+00, -2.869162e+00, 2.874197e+00, -2.638870e-01
3.107007e+00, 1.504485e+00, -2.869162e+00, 2.874197e+00, -2.638871e-01
-3.779323e+00, -3.283163e+00, -3.779305e+00, -3.283205e+00, -3.092131e-09
3.604775e+00, -1.754842e+00, 1.331251e+00, 2.624261e+00, -2.262347e+00
-1.855019e+00, 2.827201e+00, 4.472720e+00, -5.912730e+00, -5.423005e+01
3.584300e+00, -1.848255e+00, -3.779098e+00, -3.283439e+00, -4.100687e-07
3.584300e+00, -1.848255e+00, -3.779098e+00, -3.283439e+00, -4.100831e-07
3.584300e+00, -1.848255e+00, -3.779098e+00, -3.283439e+00, -4.100735e-07
3.584300e+00, -1.848255e+00, -3.779098e+00, -3.283439e+00, -4.100782e-07
3.584300e+00, -1.848255e+00, -3.779098e+00, -3.283439e+00, -4.100918e-07
3.584300e+00, -1.848255e+00, -3.779098e+00, -3.283439e+00, -4.100599e-07
3.584300e+00, -1.848255e+00, -3.779098e+00, -3.283439e+00, -4.100617e-07
3.584300e+00, -1.848255e+00, -3.779098e+00, -3.283439e+00, -4.100900e-07
3.413180e+00, -1.707508e+00, -3.926677e+00, -3.071399e+00, -2.807187e-01
3.000003e+00, 1.999989e+00, -3.779310e+00, -3.283170e+00, -6.521426e-10
3.000003e+00, 1.999989e+00, -3.779310e+00, -3.283170e+00, -6.521710e-10
3.000003e+00, 1.999989e+00, -3.779310e+00, -3.283170e+00, -6.519885e-10
3.000003e+00, 1.999988e+00, -3.779310e+00, -3.283170e+00, -6.523249e-10
3.000003e+00, 1.999989e+00, -3.779310e+00, -3.283170e+00, -6.519336e-10
3.000003e+00, 1.999989e+00, -3.779310e+00, -3.283170e+00, -6.523802e-10
3.000003e+00, 1.999989e+00, -3.779310e+00, -3.283170e+00, -6.528581e-10
3.000003e+00, 1.999989e+00, -3.779310e+00, -3.283170e+00, -6.514556e-10
-2.805157e+00, 3.131294e+00, 3.584426e+00, -1.848128e+00, -3.301526e-09
-2.805157e+00, 3.131294e+00, 3.584426e+00, -1.848128e+00, -3.304110e-09
-2.805157e+00, 3.131294e+00, 3.584426e+00, -1.848128e+00, -3.302031e-09
-2.805157e+00, 3.131294e+00, 3.584426e+00, -1.848128e+00, -3.303606e-09
-2.805157e+00, 3.131294e+00, 3.584426e+00, -1.848128e+00, -3.302712e-09
-2.805157e+00, 3.131294e+00, 3.584426e+00, -1.848128e+00, -3.302925e-09
-2.805157e+00, 3.131294e+00, 3.584426e+00, -1.848128e+00, -3.302795e-09
-2.805157e+00, 3.131294e+00, 3.584426e+00, -1.848128e+00, -3.302842e-09
-2.804979e+00, 3.129804e+00, 2.998446e+00, 2.004595e+00, -1.989794e-05
-2.804979e+00, 3.129804e+00, 2.998446e+00, 2.004595e+00, -1.989794e-05
-2.804979e+00, 3.129804e+00, 2.998446e+00, 2.004595e+00, -1.989788e-05
-2.804979e+00, 3.129804e+00, 2.998446e+00, 2.004595e+00, -1.989800e-05
-2.804979e+00, 3.129804e+00, 2.998446e+00, 2.004595e+00, -1.989793e-05
-2.804979e+00, 3.129804e+00, 2.998446e+00, 2.004595e+00, -1.989795e-05
-2.804979e+00, 3.129804e+00, 2.998446e+00, 2.004595e+00, -1.989800e-05
-2.804979e+00, 3.129804e+00, 2.998446e+00, 2.004595e+00, -1.989788e-05
2.999976e+00, 2.000027e+00, -2.805135e+00, 3.131293e+00, -2.276872e-09
2.999976e+00, 2.000027e+00, -2.805135e+00, 3.131293e+00, -2.278090e-09
2.999976e+00, 2.000027e+00, -2.805135e+00, 3.131293e+00, -2.277703e-09
2.999976e+00, 2.000027e+00, -2.805135e+00, 3.131293e+00, -2.277259e-09
2.999976e+00, 2.000027e+00, -2.805135e+00, 3.131293e+00, -2.276916e-09
2.999976e+00, 2.000027e+00, -2.805135e+00, 3.131293e+00, -2.278046e-09
2.999976e+00, 2.000027e+00, -2.805135e+00, 3.131293e+00, -2.276687e-09
2.999976e+00, 2.000027e+00, -2.805135e+00, 3.131293e+00, -2.278275e-09
-3.524262e+00, -3.164645e+00, 3.935917e+00, -2.243295e+00, -6.115010e-01
-2.805091e+00, 3.131586e+00, -2.805419e+00, 3.131609e+00, -4.702693e-07
3.001239e+00, 1.999400e+00, 3.583562e+00, -1.846931e+00, -5.057486e-06
3.001239e+00, 1.999400e+00, 3.583562e+00, -1.846931e+00, -5.057406e-06
3.001239e+00, 1.999400e+00, 3.583562e+00, -1.846931e+00, -5.057448e-06
3.001239e+00, 1.999400e+00, 3.583562e+00, -1.846931e+00, -5.057444e-06
3.001239e+00, 1.999400e+00, 3.583562e+00, -1.846931e+00, -5.057405e-06
3.001239e+00, 1.999400e+00, 3.583562e+00, -1.846931e+00, -5.057487e-06
3.001239e+00, 1.999400e+00, 3.583562e+00, -1.846931e+00, -5.057461e-06
3.001239e+00, 1.999400e+00, 3.583562e+00, -1.846931e+00, -5.057432e-06
-3.779089e+00, -3.282407e+00, -2.805539e+00, 3.131714e+00, -1.838665e-06
2.999993e+00, 2.000006e+00, 3.000044e+00, 1.999919e+00, -5.710605e-09
-3.778873e+00, -3.279395e+00, 3.579509e+00, -1.827013e+00, -3.802939e-04
3.000002e+00, 1.999999e+00, -3.779312e+00, -3.283185e+00, -2.006180e-11
-3.779623e+00, -3.283124e+00, -3.779243e+00, -3.283304e+00, -3.747725e-07
3.000000e+00, 2.000000e+00, 3.000001e+00, 1.999998e+00, -2.286861e-12
3.000000e+00, 2.000000e+00, 3.000001e+00, 1.999998e+00, -2.254461e-12
3.000000e+00, 2.000000e+00, 3.000001e+00, 1.999998e+00, -2.272221e-12
3.000000e+00, 2.000000e+00, 3.000001e+00, 1.999998e+00, -2.268901e-12
3.000000e+00, 2.000000e+00, 3.000001e+00, 1.999998e+00, -2.274859e-12
3.000000e+00, 2.000000e+00, 3.000001e+00, 1.999998e+00, -2.266463e-12
3.000000e+00, 2.000000e+00, 3.000001e+00, 1.999998e+00, -2.248595e-12
3.000000e+00, 2.000000e+00, 3.000001e+00, 1.999998e+00, -2.292527e-12
-3.782745e+00, -3.297280e+00, -3.756694e+00, -3.295457e+00, -2.609017e-03
3.000000e+00, 2.000000e+00, 3.000000e+00, 2.000000e+00, -1.255045e-13
5.359072e+00, 2.984822e+00, 4.675608e-01, 6.000000e+00, -6.863507e+01
3.584424e+00, -1.848112e+00, -2.805125e+00, 3.131310e+00, -2.660329e-10
3.584424e+00, -1.848112e+00, -2.805125e+00, 3.131310e+00, -2.663797e-10
3.584424e+00, -1.848112e+00, -2.805125e+00, 3.131310e+00, -2.664056e-10
3.584424e+00, -1.848112e+00, -2.805125e+00, 3.131310e+00, -2.660066e-10
3.584424e+00, -1.848112e+00, -2.805125e+00, 3.131310e+00, -2.659882e-10
3.584424e+00, -1.848112e+00, -2.805125e+00, 3.131310e+00, -2.664241e-10
3.584424e+00, -1.848112e+00, -2.805125e+00, 3.131310e+00, -2.661115e-10
3.584424e+00, -1.848112e+00, -2.805125e+00, 3.131310e+00, -2.663009e-10
3.000090e+00, 1.999984e+00, 3.000368e+00, 1.999233e+00, -4.817915e-07
3.000090e+00, 1.999984e+00, 3.000368e+00, 1.999233e+00, -4.817852e-07
3.000090e+00, 1.999984e+00, 3.000368e+00, 1.999233e+00, -4.817890e-07
3.000090e+00, 1.999984e+00, 3.000368e+00, 1.999233e+00, -4.817877e-07
3.000090e+00, 1.999984e+00, 3.000368e+00, 1.999233e+00, -4.817943e-07
3.000090e+00, 1.999984e+00, 3.000368e+00, 1.999233e+00, -4.817824e-07
3.000090e+00, 1.999984e+00, 3.000368e+00, 1.999233e+00, -4.817790e-07
3.000090e+00, 1.999984e+00, 3.000368e+00, 1.999233e+00, -4.817977e-07
3.584429e+00, -1.848128e+00, -3.779311e+00, -3.283186e+00, -3.495351e-12
3.092033e+00, 1.638123e+00, -2.834577e+00, 3.066625e+00, -8.672481e-02
-3.779323e+00, -3.283163e+00, -3.779305e+00, -3.283205e+00, -3.091041e-09
-3.779323e+00, -3.283163e+00, -3.779305e+00, -3.283205e+00, -3.093221e-09
-3.779323e+00, -3.283163e+00, -3.779305e+00, -3.283205e+00, -3.093337e-09
-3.779323e+00, -3.283163e+00, -3.779305e+00, -3.283205e+00, -3.090925e-09
-3.779323e+00, -3.283163e+00, -3.779305e+00, -3.283205e+00, -3.092703e-09
-3.779323e+00, -3.283163e+00, -3.779305e+00, -3.283205e+00, -3.091559e-09
-3.779323e+00, -3.283163e+00, -3.779305e+00, -3.283205e+00, -3.091237e-09
-3.779323e+00, -3.283163e+00, -3.779305e+00, -3.283205e+00, -3.093025e-09
3.604775e+00, -1.754842e+00, 1.331251e+00, 2.624261e+00, -2.262347e+00
3.604775e+00, -1.754842e+00, 1.331251e+00, 2.624261e+00, -2.262347e+00
3.604775e+00, -1.754842e+00, 1.331251e+00, 2.624261e+00, -2.262347e+00
3.604775e+00, -1.754842e+00, 1.331251e+00, 2.624261e+00, -2.262347e+00
3.604775e+00, -1.754842e+00, 1.331251e+00, 2.624261e+00, -2.262347e+00
3.604775e+00, -1.754842e+00, 1.331251e+00, 2.624261e+00, -2.262347e+00
3.604775e+00, -1.754842e+00, 1.331251e+00, 2.624261e+00, -2.262347e+00
3.604775e+00, -1.754842e+00, 1.331251e+00, 2.624261e+00, -2.262347e+00
-2.504753e+00, 1.409932e+00, 3.991673e+00, -3.672466e+00, -8.944672e+00
3.584425e+00, -1.848128e+00, -3.779308e+00, -3.283182e+00, -8.231691e-11
3.413180e+00, -1.707508e+00, -3.926677e+00, -3.071399e+00, -2.807187e-01
3.413180e+00, -1.707508e+00, -3.926677e+00, -3.071399e+00, -2.807187e-01
3.413180e+00, -1.707508e+00, -3.926677e+00, -3.071399e+00, -2.807187e-01
3.413180e+00, -1.707508e+00, -3.926677e+00, -3.071399e+00, -2.807187e-01
3.413180e+00, -1.707508e+00, -3.926677e+00, -3.071399e+00, -2.807187e-01
3.413180e+00, -1.707508e+00, -3.926677e+00, -3.071399e+00, -2.807187e-01
3.413180e+00, -1.707508e+00, -3.926677e+00, -3.071399e+00, -2.807187e-01
3.413180e+00, -1.707508e+00, -3.926677e+00, -3.071399e+00, -2.807187e-01
3.000000e+00, 2.000000e+00, -3.779310e+00, -3.283185e+00, -1.033990e-12
-2.805124e+00, 3.131311e+00, 3.584430e+00, -1.848125e+00, -7.395929e-11
-2.805223e+00, 3.130677e+00, 2.999866e+00, 2.000627e+00, -1.117782e-06
2.999999e+00, 2.000000e+00, -2.805121e+00, 3.131311e+00, -2.146499e-11
-3.524262e+00, -3.164645e+00, 3.935917e+00, -2.243295e+00, -6.115010e-01
-3.524262e+00, -3.164645e+00, 3.935917e+00, -2.243295e+00, -6.115010e-01
-3.524262e+00, -3.164645e+00, 3.935917e+00, -2.243295e+00, -6.115010e-01
-3.524262e+00, -3.164645e+00, 3.935917e+00, -2.243295e+00, -6.115010e-01
-3.524262e+00, -3.164645e+00, 3.935917e+00, -2.243295e+00, -6.115010e-01
-3.524262e+00, -3.164645e+00, 3.935917e+00, -2.243295e+00, -6.115010e-01
-3.524262e+00, -3.164645e+00, 3.935917e+00, -2.243295e+00, -6.115010e-01
-3.524262e+00, -3.164645e+00, 3.935917e+00, -2.243295e+00, -6.115010e-01
-2.805091e+00, 3.131586e+00, -2.805419e+00, 3.131609e+00, -4.702704e-07
-2.805091e+00, 3.131586e+00, -2.805419e+00, 3.131609e+00, -4.702683e-07
-2.805091e+00, 3.131586e+00, -2.805419e+00, 3.131609e+00, -4.702803e-07
-2.805091e+00, 3.131586e+00, -2.805419e+00, 3.131609e+00, -4.702583e-07
-2.805091e+00, 3.131586e+00, -2.805419e+00, 3.131609e+00, -4.702597e-07
-2.805091e+00, 3.131586e+00, -2.805419e+00, 3.131609e+00, -4.702789e-07
-2.805091e+00, 3.131586e+00, -2.805419e+00, 3.131609e+00, -4.702810e-07
-2.805091e+00, 3.131586e+00, -2.805419e+00, 3.131609e+00, -4.702576e-07
3.000126e+00, 1.999922e+00, 3.584395e+00, -1.847740e+00, -1.329434e-07
-3.779089e+00, -3.282407e+00, -2.805539e+00, 3.131714e+00, -1.838667e-06
-3.779089e+00, -3.282407e+00, -2.805539e+00, 3.131714e+00, -1.838663e-06
-3.779089e+00, -3.282407e+00, -2.805539e+00, 3.131714e+00, -1.838696e-06
-3.779089e+00, -3.282407e+00, -2.805539e+00, 3.131714e+00, -1.838633e-06
-3.779089e+00, -3.282407e+00, -2.805539e+00, 3.131714e+00, -1.838651e-06
-3.779089e+00, -3.282407e+00, -2.805539e+00, 3.131714e+00, -1.838678e-06
-3.779089e+00, -3.282407e+00, -2.805539e+00, 3.131714e+00, -1.838681e-06
-3.779089e+00, -3.282407e+00, -2.805539e+00, 3.131714e+00, -1.838649e-06
2.999993e+00, 2.000006e+00, 3.000044e+00, 1.999919e+00, -5.710407e-09
2.999993e+00, 2.000006e+00, 3.000044e+00, 1.999919e+00, -5.710803e-09
2.999993e+00, 2.000006e+00, 3.000044e+00, 1.999919e+00, -5.710636e-09
2.999993e+00, 2.000006e+00, 3.000044e+00, 1.999919e+00, -5.710574e-09
2.999993e+00, 2.000006e+00, 3.000044e+00, 1.999919e+00, -5.711422e-09
2.999993e+00, 2.000006e+00, 3.000044e+00, 1.999919e+00, -5.709788e-09
2.999993e+00, 2.000006e+00, 3.000044e+00, 1.999919e+00, -5.709663e-09
2.999993e+00, 2.000006e+00, 3.000044e+00, 1.999919e+00, -5.711547e-09
-3.778873e+00, -3.279395e+00, 3.579509e+00, -1.827013e+00, -3.802939e-04
-3.778873e+00, -3.279395e+00, 3.579509e+00, -1.827013e+00, -3.802939e-04
-3.778873e+00, -3.279395e+00, 3.579509e+00, -1.827013e+00, -3.802941e-04
-3.778873e+00, -3.279395e+00, 3.579509e+00, -1.827013e+00, -3.802937e-04
-3.778873e+00, -3.279395e+00, 3.579509e+00, -1.827013e+00, -3.802937e-04
-3.778873e+00, -3.279395e+00, 3.579509e+00, -1.827013e+00, -3.802941e-04
-3.778873e+00, -3.279395e+00, 3.579509e+00, -1.827013e+00, -3.802942e-04
-3.778873e+00, -3.279395e+00, 3.579509e+00, -1.827013e+00, -3.802936e-04
3.000002e+00, 1.999999e+00, -3.779312e+00, -3.283185e+00, -2.011241e-11
3.000002e+00, 1.999999e+00, -3.779312e+00, -3.283185e+00, -2.001155e-11
3.000002e+00, 1.999999e+00, -3.779312e+00, -3.283185e+00, -2.006525e-11
3.000002e+00, 1.999999e+00, -3.779312e+00, -3.283185e+00, -2.005851e-11
3.000002e+00, 1.999999e+00, -3.779312e+00, -3.283185e+00, -1.993366e-11
3.000002e+00, 1.999999e+00, -3.779312e+00, -3.283185e+00, -2.019052e-11
3.000002e+00, 1.999999e+00, -3.779312e+00, -3.283185e+00, -2.013427e-11
3.000002e+00, 1.999999e+00, -3.779312e+00, -3.283185e+00, -1.998977e-11
-3.779623e+00, -3.283124e+00, -3.779243e+00, -3.283304e+00, -3.747534e-07
-3.779623e+00, -3.283124e+00, -3.779243e+00, -3.283304e+00, -3.747915e-07
-3.779623e+00, -3.283124e+00, -3.779243e+00, -3.283304e+00, -3.747796e-07
-3.779623e+00, -3.283124e+00, -3.779243e+00, -3.283304e+00, -3.747653e-07
-3.779623e+00, -3.283124e+00, -3.779243e+00, -3.283304e+00, -3.747781e-07
-3.779623e+00, -3.283124e+00, -3.779243e+00, -3.283304e+00, -3.747669e-07
-3.779623e+00, -3.283124e+00, -3.779243e+00, -3.283304e+00, -3.747663e-07
-3.779623e+00, -3.283124e+00, -3.779243e+00, -3.283304e+00, -3.747786e-07
3.000000e+00, 2.000000e+00, 3.000000e+00, 2.000000e+00, -1.670484e-15
-3.782745e+00, -3.297280e+00, -3.756694e+00, -3.295457e+00, -2.609017e-03
-3.782745e+00, -3.297280e+00, -3.756694e+00, -3.295457e+00, -2.609017e-03
-3.782745e+00, -3.297280e+00, -3.756694e+00, -3.295457e+00, -2.609016e-03
-3.782745e+00, -3.297280e+00, -3.756694e+00, -3.295457e+00, -2.609018e-03
-3.782745e+00, -3.297280e+00, -3.756694e+00, -3.295457e+00, -2.609019e-03
-3.782745e+00, -3.297280e+00, -3.756694e+00, -3.295457e+00, -2.609016e-03
-3.782745e+00, -3.297280e+00, -3.756694e+00, -3.295457e+00, -2.609016e-03
-3.782745e+00, -3.297280e+00, -3.756694e+00, -3.295457e+00, -2.609018e-03
1.306512e+00, 3.057087e+00, 1.896920e+00, 6.000000e+00, -5.044053e+01
3.584428e+00, -1.848128e+00, -2.805119e+00, 3.131312e+00, -2.681850e-12
3.000021e+00, 1.999962e+00, 3.000080e+00, 1.999945e+00, -1.131817e-08
3.584429e+00, -1.848128e+00, -3.779311e+00, -3.283186e+00, -3.524580e-12
3.584429e+00, -1.848128e+00, -3.779311e+00, -3.283186e+00, -3.466646e-12
3.584429e+00, -1.848128e+00, -3.779311e+00, -3.283186e+00, -3.478689e-12
3.584429e+00, -1.848128e+00, -3.779311e+00, -3.283186e+00, -3.512160e-12
3.584429e+00, -1.848128e+00, -3.779311e+00, -3.283186e+00, -3.455431e-12
3.584429e+00, -1.848128e+00, -3.779311e+00, -3.283186e+00, -3.535853e-12
3.584429e+00, -1.848128e+00, -3.779311e+00, -3.283186e+00, -3.496406e-12
3.584429e+00, -1.848128e+00, -3.779311e+00, -3.283186e+00, -3.494738e-12
3.092033e+00, 1.638123e+00, -2.834577e+00, 3.066625e+00, -8.672481e-02
3.092033e+00, 1.638123e+00, -2.834577e+00, 3.066625e+00, -8.672481e-02
3.092033e+00, 1.638123e+00, -2.834577e+00, 3.066625e+00, -8.672481e-02
3.092033e+00, 1.638123e+00, -2.834577e+00, 3.066625e+00, -8.672482e-02
3.092033e+00, 1.638123e+00, -2.834577e+00, 3.066625e+00, -8.672481e-02
3.092033e+00, 1.638123e+00, -2.834577e+00, 3.066625e+00, -8.672482e-02
3.092033e+00, 1.638123e+00, -2.834577e+00, 3.066625e+00, -8.672481e-02
3.092033e+00, 1.638123e+00, -2.834577e+00, 3.066625e+00, -8.672482e-02
-3.779306e+00, -3.283182e+00, -3.779310e+00, -3.283185e+00, -6.116498e-11
3.612197e+00, -1.710669e+00, 1.759674e+00, 2.524278e+00, -1.527193e+00
-2.829620e+00, 7.012978e-01, 3.751150e+00, -2.552334e+00, -5.169030e+00
3.584425e+00, -1.848128e+00, -3.779308e+00, -3.283182e+00, -8.211618e-11
3.584425e+00, -1.848128e+00, -3.779308e+00, -3.283182e+00, -8.251816e-11
3.584425e+00, -1.848128e+00, -3.779308e+00, -3.283182e+00, -8.228039e-11
3.584425e+00, -1.848128e+00, -3.779308e+00, -3.283182e+00, -8.235357e-11
3.584425e+00, -1.848128e+00, -3.779308e+00, -3.283182e+00, -8.240466e-11
3.584425e+00, -1.848128e+00, -3.779308e+00, -3.283182e+00, -8.222974e-11
3.584425e+00, -1.848128e+00, -3.779308e+00, -3.283182e+00, -8.246538e-11
3.584425e+00, -1.848128e+00, -3.779308e+00, -3.283182e+00, -8.216887e-11
3.492104e+00, -1.830094e+00, -3.884386e+00, -3.182488e+00, -9.106616e-02
-2.805124e+00, 3.131311e+00, 3.584430e+00, -1.848125e+00, -7.376076e-11
-2.805124e+00, 3.131311e+00, 3.584430e+00, -1.848125e+00, -7.415814e-11
-2.805124e+00, 3.131311e+00, 3.584430e+00, -1.848125e+00, -7.390847e-11
-2.805124e+00, 3.131311e+00, 3.584430e+00, -1.848125e+00, -7.401051e-11
-2.805124e+00, 3.131311e+00, 3.584430e+00, -1.848125e+00, -7.405414e-11
-2.805124e+00, 3.131311e+00, 3.584430e+00, -1.848125e+00, -7.386496e-11
-2.805124e+00, 3.131311e+00, 3.584430e+00, -1.848125e+00, -7.398896e-11
-2.805124e+00, 3.131311e+00, 3.584430e+00, -1.848125e+00, -7.392976e-11
-2.805223e+00, 3.130677e+00, 2.999866e+00, 2.000627e+00, -1.117779e-06
-2.805223e+00, 3.130677e+00, 2.999866e+00, 2.000627e+00, -1.117786e-06
-2.805223e+00, 3.130677e+00, 2.999866e+00, 2.000627e+00, -1.117757e-06
-2.805223e+00, 3.130677e+00, 2.999866e+00, 2.000627e+00, -1.117808e-06
-2.805223e+00, 3.130677e+00, 2.999866e+00, 2.000627e+00, -1.117784e-06
-2.805223e+00, 3.130677e+00, 2.999866e+00, 2.000627e+00, -1.117781e-06
-2.805223e+00, 3.130677e+00, 2.999866e+00, 2.000627e+00, -1.117792e-06
-2.805223e+00, 3.130677e+00, 2.999866e+00, 2.000627e+00, -1.117773e-06
2.999999e+00, 2.000000e+00, -2.805121e+00, 3.131311e+00, -2.143769e-11
2.999999e+00, 2.000000e+00, -2.805121e+00, 3.131311e+00, -2.149266e-11
2.999999e+00, 2.000000e+00, -2.805121e+00, 3.131311e+00, -2.146003e-11
2.999999e+00, 2.000000e+00, -2.805121e+00, 3.131311e+00, -2.147012e-11
2.999999e+00, 2.000000e+00, -2.805121e+00, 3.131311e+00, -2.137471e-11
2.999999e+00, 2.000000e+00, -2.805121e+00, 3.131311e+00, -2.155559e-11
2.999999e+00, 2.000000e+00, -2.805121e+00, 3.131311e+00, -2.138402e-11
2.999999e+00, 2.000000e+00, -2.805121e+00, 3.131311e+00, -2.154636e-11
-3.607101e+00, -3.249999e+00, 3.316938e+00, -2.090083e+00, -3.183093e-01
-2.805115e+00, 3.131312e+00, -2.805119e+00, 3.131314e+00, -2.228191e-11
3.000126e+00, 1.999922e+00, 3.584395e+00, -1.847740e+00, -1.329473e-07
3.000126e+00, 1.999922e+00, 3.584395e+00, -1.847740e+00, -1.329396e-07
3.000126e+00, 1.999922e+00, 3.584395e+00, -1.847740e+00, -1.329434e-07
3.000126e+00, 1.999922e+00, 3.584395e+00, -1.847740e+00, -1.329435e-07
3.000126e+00, 1.999922e+00, 3.584395e+00, -1.847740e+00, -1.329430e-07
3.000126e+00, 1.999922e+00, 3.584395e+00, -1.847740e+00, -1.329439e-07
3.000126e+00, 1.999922e+00, 3.584395e+00, -1.847740e+00, -1.329490e-07
3.000126e+00, 1.999922e+00, 3.584395e+00, -1.847740e+00, -1.329379e-07
-3.779224e+00, -3.283053e+00, -2.805186e+00, 3.131409e+00, -7.005718e-08
2.999991e+00, 2.000003e+00, 3.000008e+00, 1.999989e+00, -2.528466e-10
-3.779375e+00, -3.279632e+00, 3.590294e+00, -1.858498e+00, -1.766049e-04
3.000000e+00, 2.000000e+00, -3.779310e+00, -3.283186e+00, -4.026090e-14
-3.779130e+00, -3.283289e+00, -3.779309e+00, -3.283185e+00, -1.438194e-07
-3.782278e+00, -3.286751e+00, -3.776448e+00, -3.278801e+00, -8.716409e-05
-7.197674e-01, 3.093219e+00, 2.611600e+00, 5.129572e+00, -2.697891e+01
3.000021e+00, 1.999962e+00, 3.000080e+00, 1.999945e+00, -1.131857e-08
3.000021e+00, 1.999962e+00, 3.000080e+00, 1.999945e+00, -1.131777e-08
3.000021e+00, 1.999962e+00, 3.000080e+00, 1.999945e+00, -1.131774e-08
3.000021e+00, 1.999962e+00, 3.000080e+00, 1.999945e+00, -1.131860e-08
3.000021e+00, 1.999962e+00, 3.000080e+00, 1.999945e+00, -1.132059e-08
3.000021e+00, 1.999962e+00, 3.000080e+00, 1.999945e+00, -1.131574e-08
3.000021e+00, 1.999962e+00, 3.000080e+00, 1.999945e+00, -1.131804e-08
3.000021e+00, 1.999962e+00, 3.000080e+00, 1.999945e+00, -1.131829e-08
3.584428e+00, -1.848126e+00, -3.779310e+00, -3.283186e+00, -4.092212e-14
3.072111e+00, 1.845840e+00, -2.783662e+00, 3.186399e+00, -2.461984e-02
-3.779306e+00, -3.283182e+00, -3.779310e+00, -3.283185e+00, -6.135273e-11
-3.779306e+00, -3.283182e+00, -3.779310e+00, -3.283185e+00, -6.097781e-11
-3.779306e+00, -3.283182e+00, -3.779310e+00, -3.283185e+00, -6.127631e-11
-3.779306e+00, -3.283182e+00, -3.779310e+00, -3.283185e+00, -6.105410e-11
-3.779306e+00, -3.283182e+00, -3.779310e+00, -3.283185e+00, -6.115889e-11
-3.779306e+00, -3.283182e+00, -3.779310e+00, -3.283185e+00, -6.117166e-11
-3.779306e+00, -3.283182e+00, -3.779310e+00, -3.283185e+00, -6.119140e-11
-3.779306e+00, -3.283182e+00, -3.779310e+00, -3.283185e+00, -6.113901e-11
3.612197e+00, -1.710669e+00, 1.759674e+00, 2.524278e+00, -1.527193e+00
3.612197e+00, -1.710669e+00, 1.759674e+00, 2.524278e+00, -1.527193e+00
3.612197e+00, -1.710669e+00, 1.759674e+00, 2.524278e+00, -1.527193e+00
3.612197e+00, -1.710669e+00, 1.759674e+00, 2.524278e+00, -1.527193e+00
3.612197e+00, -1.710669e+00, 1.759674e+00, 2.524278e+00, -1.527193e+00
3.612197e+00, -1.710669e+00, 1.759674e+00, 2.524278e+00, -1.527193e+00
3.612197e+00, -1.710669e+00, 1.759674e+00, 2.524278e+00, -1.527193e+00
3.612197e+00, -1.710669e+00, 1.759674e+00, 2.524278e+00, -1.527193e+00
-2.829620e+00, 7.012978e-01, 3.751150e+00, -2.552334e+00, -5.169030e+00
-2.829620e+00, 7.012978e-01, 3.751150e+00, -2.552334e+00, -5.169030e+00
-2.829620e+00, 7.012978e-01, 3.751150e+00, -2.552334e+00, -5.169030e+00
-2.829620e+00, 7.012978e-01, 3.751150e+00, -2.552334e+00, -5.169030e+00
-2.829620e+00, 7.012978e-01, 3.751150e+00, -2.552334e+00, -5.169030e+00
-2.829620e+00, 7.012978e-01, 3.751150e+00, -2.552334e+00, -5.169030e+00
-2.829620e+00, 7.012978e-01, 3.751150e+00, -2.552334e+00, -5.169030e+00
-2.829620e+00, 7.012978e-01, 3.751150e+00, -2.552334e+00, -5.169030e+00
3.584428e+00, -1.848127e+00, -3.779310e+00, -3.283185e+00, -1.299174e-12
3.492104e+00, -1.830094e+00, -3.884386e+00, -3.182488e+00, -9.106615e-02
3.492104e+00, -1.830094e+00, -3.884386e+00, -3.182488e+00, -9.106616e-02
3.492104e+00, -1.830094e+00, -3.884386e+00, -3.182488e+00, -9.106616e-02
3.492104e+00, -1.830094e+00, -3.884386e+00, -3.182488e+00, -9.106616e-02
3.492104e+00, -1.830094e+00, -3.884386e+00, -3.182488e+00, -9.106615e-02
3.492104e+00, -1.830094e+00, -3.884386e+00, -3.182488e+00, -9.106616e-02
3.492104e+00, -1.830094e+00, -3.884386e+00, -3.182488e+00, -9.106616e-02
3.492104e+00, -1.830094e+00, -3.884386e+00, -3.182488e+00, -9.106615e-02
-2.805118e+00, 3.131313e+00, 3.584428e+00, -1.848126e+00, -1.341279e-14
-2.804863e+00, 3.131338e+00, 3.000019e+00, 1.999988e+00, -1.079514e-07
3.000000e+00, 2.000000e+00, -2.805118e+00, 3.131313e+00, -4.096546e-14
-3.607101e+00, -3.249999e+00, 3.316938e+00, -2.090083e+00, -3.183093e-01
-3.607101e+00, -3.249999e+00, 3.316938e+00, -2.090083e+00, -3.183093e-01
-3.607101e+00, -3.249999e+00, 3.316938e+00, -2.090083e+00, -3.183093e-01
-3.607101e+00, -3.249999e+00, 3.316938e+00, -2.090083e+00, -3.183093e-01
-3.607101e+00, -3.249999e+00, 3.316938e+00, -2.090083e+00, -3.183093e-01
-3.607101e+00, -3.249999e+00, 3.316938e+00, -2.090083e+00, -3.183093e-01
-3.607101e+00, -3.249999e+00, 3.316938e+00, -2.090083e+00, -3.183093e-01
-3.607101e+00, -3.249999e+00, 3.316938e+00, -2.090083e+00, -3.183093e-01
-2.805115e+00, 3.131312e+00, -2.805119e+00, 3.131314e+00, -2.238932e-11
-2.805115e+00, 3.131312e+00, -2.805119e+00, 3.131314e+00, -2.217483e-11
-2.805115e+00, 3.131312e+00, -2.805119e+00, 3.131314e+00, -2.225875e-11
-2.805115e+00, 3.131312e+00, -2.805119e+00, 3.131314e+00, -2.230548e-11
-2.805115e+00, 3.131312e+00, -2.805119e+00, 3.131314e+00, -2.226392e-11
-2.805115e+00, 3.131312e+00, -2.805119e+00, 3.131314e+00, -2.230023e-11
-2.805115e+00, 3.131312e+00, -2.805119e+00, 3.131314e+00, -2.233291e-11
-2.805115e+00, 3.131312e+00, -2.805119e+00, 3.131314e+00, -2.223132e-11
2.999972e+00, 2.000011e+00, 3.584436e+00, -1.847981e+00, -1.741342e-08
-3.779224e+00, -3.283053e+00, -2.805186e+00, 3.131409e+00, -7.006029e-08
-3.779224e+00, -3.283053e+00, -2.805186e+00, 3.131409e+00, -7.005407e-08
-3.779224e+00, -3.283053e+00, -2.805186e+00, 3.131409e+00, -7.006185e-08
-3.779224e+00, -3.283053e+00, -2.805186e+00, 3.131409e+00, -7.005252e-08
-3.779224e+00, -3.283053e+00, -2.805186e+00, 3.131409e+00, -7.005505e-08
-3.779224e+00, -3.283053e+00, -2.805186e+00, 3.131409e+00, -7.005932e-08
-3.779224e+00, -3.283053e+00, -2.805186e+00, 3.131409e+00, -7.006101e-08
-3.779224e+00, -3.283053e+00, -2.805186e+00, 3.131409e+00, -7.005336e-08
2.999991e+00, 2.000003e+00, 3.000008e+00, 1.999989e+00, -2.525551e-10
2.999991e+00, 2.000003e+00, 3.000008e+00, 1.999989e+00, -2.531385e-10
2.999991e+00, 2.000003e+00, 3.000008e+00, 1.999989e+00, -2.528121e-10
2.999991e+00, 2.000003e+00, 3.000008e+00, 1.999989e+00, -2.528813e-10
2.999991e+00, 2.000003e+00, 3.000008e+00, 1.999989e+00, -2.530189e-10
2.999991e+00, 2.000003e+00, 3.000008e+00, 1.999989e+00, -2.526747e-10
2.999991e+00, 2.000003e+00, 3.000008e+00, 1.999989e+00, -2.527319e-10
2.999991e+00, 2.000003e+00, 3.000008e+00, 1.999989e+00, -2.529615e-10
-3.779375e+00, -3.279632e+00, 3.590294e+00, -1.858498e+00, -1.766049e-04
-3.779375e+00, -3.279632e+00, 3.590294e+00, -1.858498e+00, -1.766050e-04
-3.779375e+00, -3.279632e+00, 3.590294e+00, -1.858498e+00, -1.766051e-04
-3.779375e+00, -3.279632e+00, 3.590294e+00, -1.858498e+00, -1.766048e-04
-3.779375e+00, -3.279632e+00, 3.590294e+00, -1.858498e+00, -1.766052e-04
-3.779375e+00, -3.279632e+00, 3.590294e+00, -1.858498e+00, -1.766047e-04
-3.779375e+00, -3.279632e+00, 3.590294e+00, -1.858498e+00, -1.766048e-04
-3.779375e+00, -3.279632e+00, 3.590294e+00, -1.858498e+00, -1.766051e-04
-3.779130e+00, -3.283289e+00, -3.779309e+00, -3.283185e+00, -1.438314e-07
-3.779130e+00, -3.283289e+00, -3.779309e+00, -3.283185e+00, -1.438075e-07
-3.779130e+00, -3.283289e+00, -3.779309e+00, -3.283185e+00, -1.438123e-07
-3.779130e+00, -3.283289e+00, -3.779309e+00, -3.283185e+00, -1.438265e-07
-3.779130e+00, -3.283289e+00, -3.779309e+00, -3.283185e+00, -1.438195e-07
-3.779130e+00, -3.283289e+00, -3.779309e+00, -3.283185e+00, -1.438194e-07
-3.779130e+00, -3.283289e+00, -3.779309e+00, -3.283185e+00, -1.438194e-07
-3.779130e+00, -3.283289e+00, -3.779309e+00, -3.283185e+00, -1.438194e-07
-3.782278e+00, -3.286751e+00, -3.776448e+00, -3.278801e+00, -8.716396e-05
-3.782278e+00, -3.286751e+00, -3.776448e+00, -3.278801e+00, -8.716421e-05
-3.782278e+00, -3.286751e+00, -3.776448e+00, -3.278801e+00, -8.716397e-05
-3.782278e+00, -3.286751e+00, -3.776448e+00, -3.278801e+00, -8.716420e-05
-3.782278e+00, -3.286751e+00, -3.776448e+00, -3.278801e+00, -8.716419e-05
-3.782278e+00, -3.286751e+00, -3.776448e+00, -3.278801e+00, -8.716398e-05
-3.782278e+00, -3.286751e+00, -3.776448e+00, -3.278801e+00, -8.716424e-05
-3.782278e+00, -3.286751e+00, -3.776448e+00, -3.278801e+00, -8.716393e-05
-1.732907e+00, 3.111286e+00, 2.968940e+00, 2.813590e+00, -2.012867e+00
3.000001e+00, 2.000008e+00, 2.999998e+00, 2.000001e+00, -7.258612e-11
3.072111e+00, 1.845840e+00, -2.783662e+00, 3.186399e+00, -2.461985e-02
3.072111e+00, 1.845840e+00, -2.783662e+00, 3.186399e+00, -2.461984e-02
3.072111e+00, 1.845840e+00, -2.783662e+00, 3.186399e+00, -2.461984e-02
3.072111e+00, 1.845840e+00, -2.783662e+00, 3.186399e+00, -2.461985e-02
3.072111e+00, 1.845840e+00, -2.783662e+00, 3.186399e+00, -2.461985e-02
3.072111e+00, 1.845840e+00, -2.783663e+00, 3.186399e+00, -2.461984e-02
3.072111e+00, 1.845840e+00, -2.783662e+00, 3.186399e+00, -2.461985e-02
3.072111e+00, 1.845840e+00, -2.783662e+00, 3.186399e+00, -2.461984e-02
-3.779309e+00, -3.283184e+00, -3.779310e+00, -3.283186e+00, -7.058684e-12
3.611746e+00, -1.674298e+00, 2.226137e+00, 2.406715e+00, -7.374350e-01
-2.812770e+00, 5.229567e-01, 3.693625e+00, -1.944662e+00, -4.914626e+00
3.592886e+00, -1.918164e+00, -3.777012e+00, -3.269070e+00, -4.117362e-03
-2.804863e+00, 3.131338e+00, 3.000019e+00, 1.999988e+00, -1.079597e-07
-2.804863e+00, 3.131338e+00, 3.000019e+00, 1.999988e+00, -1.079431e-07
-2.804863e+00, 3.131338e+00, 3.000019e+00, 1.999988e+00, -1.079526e-07
-2.804863e+00, 3.131338e+00, 3.000019e+00, 1.999988e+00, -1.079502e-07
-2.804863e+00, 3.131338e+00, 3.000019e+00, 1.999988e+00, -1.079520e-07
-2.804863e+00, 3.131338e+00, 3.000019e+00, 1.999988e+00, -1.079508e-07
-2.804863e+00, 3.131338e+00, 3.000019e+00, 1.999988e+00, -1.079514e-07
-2.804863e+00, 3.131338e+00, 3.000019e+00, 1.999988e+00, -1.079514e-07
-3.773729e+00, -3.293129e+00, 3.542838e+00, -2.031861e+00, -3.444729e-02
-2.805118e+00, 3.131312e+00, -2.805118e+00, 3.131313e+00, -2.934426e-13
2.999972e+00, 2.000011e+00, 3.584436e+00, -1.847981e+00, -1.741249e-08
2.999972e+00, 2.000011e+00, 3.584436e+00, -1.847981e+00, -1.741434e-08
2.999972e+00, 2.000011e+00, 3.584436e+00, -1.847981e+00, -1.741332e-08
2.999972e+00, 2.000011e+00, 3.584436e+00, -1.847981e+00, -1.741351e-08
2.999972e+00, 2.000011e+00, 3.584436e+00, -1.847981e+00, -1.741434e-08
2.999972e+00, 2.000011e+00, 3.584436e+00, -1.847981e+00, -1.741249e-08
2.999972e+00, 2.000011e+00, 3.584436e+00, -1.847981e+00, -1.741558e-08
2.999972e+00, 2.000011e+00, 3.584436e+00, -1.847981e+00, -1.741125e-08
-3.779309e+00, -3.283187e+00, -2.805120e+00, 3.131313e+00, -1.402797e-11
3.000000e+00, 2.000000e+00, 3.000000e+00, 2.000000e+00, -1.555755e-14
-3.779401e+00, -3.284069e+00, 3.584035e+00, -1.848331e+00, -2.093907e-06
-3.779309e+00, -3.283187e+00, -3.779307e+00, -3.283190e+00, -9.409010e-11
-3.779397e+00, -3.284047e+00, -3.779932e+00, -3.283606e+00, -2.695155e-06
-2.239477e+00, 3.120319e+00, 3.147610e+00, 1.655600e+00, -5.002014e-01
3.000001e+00, 2.000008e+00, 2.999998e+00, 2.000001e+00, -7.270964e-11
3.000001e+00, 2.000008e+00, 2.999998e+00, 2.000001e+00, -7.246297e-11
3.000001e+00, 2.000008e+00, 2.999998e+00, 2.000001e+00, -7.273548e-11
3.000001e+00, 2.000008e+00, 2.999998e+00, 2.000001e+00, -7.243693e-11
3.000001e+00, 2.000008e+00, 2.999998e+00, 2.000001e+00, -7.252698e-11
3.000001e+00, 2.000008e+00, 2.999998e+00, 2.000001e+00, -7.264563e-11
3.000001e+00, 2.000008e+00, 2.999998e+00, 2.000001e+00, -7.257887e-11
3.000001e+00, 2.000008e+00, 2.999998e+00, 2.000001e+00, -7.259354e-11
3.053304e+00, 1.924731e+00, -2.776882e+00, 3.164219e+00, -9.539303e-03
3.611746e+00, -1.674298e+00, 2.226137e+00, 2.406715e+00, -7.374350e-01
3.611746e+00, -1.674298e+00, 2.226137e+00, 2.406715e+00, -7.374350e-01
3.611746e+00, -1.674298e+00, 2.226137e+00, 2.406715e+00, -7.374350e-01
3.611746e+00, -1.674298e+00, 2.226137e+00, 2.406715e+00, -7.374350e-01
3.611746e+00, -1.674298e+00, 2.226137e+00, 2.406715e+00, -7.374349e-01
3.611746e+00, -1.674298e+00, 2.226137e+00, 2.406715e+00, -7.374350e-01
3.611746e+00, -1.674298e+00, 2.226137e+00, 2.406715e+00, -7.374350e-01
3.611746e+00, -1.674298e+00, 2.226137e+00, 2.406715e+00, -7.374350e-01
-2.812770e+00, 5.229567e-01, 3.693625e+00, -1.944662e+00, -4.914626e+00
-2.812770e+00, 5.229567e-01, 3.693625e+00, -1.944662e+00, -4.914626e+00
-2.812770e+00, 5.229567e-01, 3.693625e+00, -1.944662e+00, -4.914626e+00
-2.812770e+00, 5.229567e-01, 3.693625e+00, -1.944662e+00, -4.914626e+00
-2.812770e+00, 5.229567e-01, 3.693625e+00, -1.944662e+00, -4.914626e+00
-2.812770e+00, 5.229567e-01, 3.693625e+00, -1.944662e+00, -4.914626e+00
-2.812770e+00, 5.229567e-01, 3.693625e+00, -1.944662e+00, -4.914626e+00
-2.812770e+00, 5.229567e-01, 3.693625e+00, -1.944662e+00, -4.914626e+00
3.592886e+00, -1.918164e+00, -3.777012e+00, -3.269070e+00, -4.117362e-03
3.592886e+00, -1.918164e+00, -3.777012e+00, -3.269070e+00, -4.117362e-03
3.592886e+00, -1.918164e+00, -3.777012e+00, -3.269070e+00, -4.117361e-03
3.592886e+00, -1.918164e+00, -3.777012e+00, -3.269070e+00, -4.117363e-03
3.592886e+00, -1.918164e+00, -3.777012e+00, -3.269070e+00, -4.117362e-03
3.592886e+00, -1.918164e+00, -3.777012e+00, -3.269070e+00, -4.117362e-03
3.592886e+00, -1.918164e+00, -3.777012e+00, -3.269070e+00, -4.117363e-03
3.592886e+00, -1.918164e+00, -3.777012e+00, -3.269070e+00, -4.117362e-03
-2.805112e+00, 3.131307e+00, 3.000001e+00, 1.999993e+00, -1.528769e-10
-3.773729e+00, -3.293129e+00, 3.542838e+00, -2.031861e+00, -3.444729e-02
-3.773729e+00, -3.293129e+00, 3.542838e+00, -2.031861e+00, -3.444729e-02
-3.773729e+00, -3.293129e+00, 3.542838e+00, -2.031861e+00, -3.444729e-02
-3.773729e+00, -3.293129e+00, 3.542838e+00, -2.031861e+00, -3.444729e-02
-3.773729e+00, -3.293129e+00, 3.542838e+00, -2.031861e+00, -3.444729e-02
-3.773729e+00, -3.293129e+00, 3.542838e+00, -2.031861e+00, -3.444729e-02
-3.773729e+00, -3.293129e+00, 3.542838e+00, -2.031861e+00, -3.444729e-02
-3.773729e+00, -3.293129e+00, 3.542838e+00, -2.031861e+00, -3.444729e-02
2.999986e+00, 2.000008e+00, 3.584433e+00, -1.848105e+00, -7.401349e-10
-3.779309e+00, -3.283187e+00, -2.805120e+00, 3.131313e+00, -1.409559e-11
-3.779309e+00, -3.283187e+00, -2.805120e+00, 3.131313e+00, -1.396093e-11
-3.779309e+00, -3.283187e+00, -2.805120e+00, 3.131313e+00, -1.396343e-11
-3.779309e+00, -3.283187e+00, -2.805120e+00, 3.131313e+00, -1.409295e-11
-3.779309e+00, -3.283187e+00, -2.805120e+00, 3.131313e+00, -1.396697e-11
-3.779309e+00, -3.283187e+00, -2.805120e+00, 3.131313e+00, -1.408929e-11
-3.779309e+00, -3.283187e+00, -2.805120e+00, 3.131313e+00, -1.406157e-11
-3.779309e+00, -3.283187e+00, -2.805120e+00, 3.131313e+00, -1.399477e-11
-3.779401e+00, -3.284069e+00, 3.584035e+00, -1.848331e+00, -2.093914e-06
-3.779401e+00, -3.284069e+00, 3.584035e+00, -1.848331e+00, -2.093900e-06
-3.779401e+00, -3.284069e+00, 3.584035e+00, -1.848331e+00, -2.093869e-06
-3.779401e+00, -3.284069e+00, 3.584035e+00, -1.848331e+00, -2.093945e-06
-3.779401e+00, -3.284069e+00, 3.584035e+00, -1.848331e+00, -2.093886e-06
-3.779401e+00, -3.284069e+00, 3.584035e+00, -1.848331e+00, -2.093928e-06
-3.779401e+00, -3.284069e+00, 3.584035e+00, -1.848331e+00, -2.093903e-06
-3.779401e+00, -3.284069e+00, 3.584035e+00, -1.848331e+00, -2.093911e-06
-3.779309e+00, -3.283187e+00, -3.779307e+00, -3.283190e+00, -9.416166e-11
-3.779309e+00, -3.283187e+00, -3.779307e+00, -3.283190e+00, -9.401913e-11
-3.779309e+00, -3.283187e+00, -3.779307e+00, -3.283190e+00, -9.403718e-11
-3.779309e+00, -3.283187e+00, -3.779307e+00, -3.283190e+00, -9.414347e-11
-3.779309e+00, -3.283187e+00, -3.779307e+00, -3.283190e+00, -9.435009e-11
-3.779309e+00, -3.283187e+00, -3.779307e+00, -3.283190e+00, -9.383069e-11
-3.779309e+00, -3.283187e+00, -3.779307e+00, -3.283190e+00, -9.387063e-11
-3.779309e+00, -3.283187e+00, -3.779307e+00, -3.283190e+00, -9.431002e-11
-3.779397e+00, -3.284047e+00, -3.779932e+00, -3.283606e+00, -2.695162e-06
-3.779397e+00, -3.284047e+00, -3.779932e+00, -3.283606e+00, -2.695148e-06
-3.779397e+00, -3.284047e+00, -3.779932e+00, -3.283606e+00, -2.695118e-06
-3.779397e+00, -3.284047e+00, -3.779932e+00, -3.283606e+00, -2.695192e-06
-3.779397e+00, -3.284047e+00, -3.779932e+00, -3.283606e+00, -2.695125e-06
-3.779397e+00, -3.284047e+00, -3.779932e+00, -3.283606e+00, -2.695185e-06
-3.779397e+00, -3.284047e+00, -3.779932e+00, -3.283606e+00, -2.695145e-06
-3.779397e+00, -3.284047e+00, -3.779932e+00, -3.283606e+00, -2.695165e-06
-2.239477e+00, 3.120319e+00, 3.147610e+00, 1.655600e+00, -5.002014e-01
-2.239477e+00, 3.120319e+00, 3.147610e+00, 1.655600e+00, -5.002013e-01
-2.239477e+00, 3.120319e+00, 3.147610e+00, 1.655600e+00, -5.002014e-01
-2.239477e+00, 3.120319e+00, 3.147610e+00, 1.655600e+00, -5.002014e-01
-2.239477e+00, 3.120319e+00, 3.147610e+00, 1.655600e+00, -5.002014e-01
-2.239477e+00, 3.120319e+00, 3.147610e+00, 1.655600e+00, -5.002013e-01
-2.239477e+00, 3.120319e+00, 3.147610e+00, 1.655600e+00, -5.002013e-01
-2.239477e+00, 3.120319e+00, 3.147610e+00, 1.655600e+00, -5.002014e-01
3.000000e+00, 2.000000e+00, 3.000000e+00, 2.000000e+00, -1.972371e-13
3.053304e+00, 1.924731e+00, -2.776882e+00, 3.164219e+00, -9.539304e-03
3.053304e+00, 1.924731e+00, -2.776882e+00, 3.164219e+00, -9.539302e-03
3.053304e+00, 1.924731e+00, -2.776882e+00, 3.164219e+00, -9.539302e-03
3.053304e+00, 1.924731e+00, -2.776882e+00, 3.164219e+00, -9.539304e-03
3.053304e+00, 1.924731e+00, -2.776882e+00, 3.164219e+00, -9.539304e-03
3.053304e+00, 1.924731e+00, -2.776882e+00, 3.164219e+00, -9.539302e-03
3.053304e+00, 1.924731e+00, -2.776882e+00, 3.164219e+00, -9.539304e-03
3.053304e+00, 1.924731e+00, -2.776882e+00, 3.164219e+00, -9.539302e-03
3.600171e+00, -2.102316e+00, 5.416103e+00, 1.285198e+00, -1.929922e+01
-2.450632e+00, 1.033616e+00, 3.834004e+00, -2.144108e+00, -4.520906e+00
3.583763e+00, -1.895810e+00, -3.775188e+00, -3.268364e+00, -2.164847e-03
-2.805112e+00, 3.131307e+00, 3.000001e+00, 1.999993e+00, -1.530851e-10
-2.805112e+00, 3.131307e+00, 3.000001e+00, 1.999993e+00, -1.526690e-10
-2.805112e+00, 3.131307e+00, 3.000001e+00, 1.999993e+00, -1.526717e-10
-2.805112e+00, 3.131307e+00, 3.000001e+00, 1.999993e+00, -1.530825e-10
-2.805112e+00, 3.131307e+00, 3.000001e+00, 1.999993e+00, -1.528533e-10
-2.805112e+00, 3.131307e+00, 3.000001e+00, 1.999993e+00, -1.529008e-10
-2.805112e+00, 3.131307e+00, 3.000001e+00, 1.999993e+00, -1.527766e-10
-2.805112e+00, 3.131307e+00, 3.000001e+00, 1.999993e+00, -1.529774e-10
-3.785096e+00, -3.289208e+00, 3.602505e+00, -1.952476e+00, -8.758547e-03
2.999986e+00, 2.000008e+00, 3.584433e+00, -1.848105e+00, -7.396873e-10
2.999986e+00, 2.000008e+00, 3.584433e+00, -1.848105e+00, -7.405828e-10
2.999986e+00, 2.000008e+00, 3.584433e+00, -1.848105e+00, -7.401219e-10
2.999986e+00, 2.000008e+00, 3.584433e+00, -1.848105e+00, -7.401480e-10
2.999986e+00, 2.000008e+00, 3.584433e+00, -1.848105e+00, -7.404401e-10
2.999986e+00, 2.000008e+00, 3.584433e+00, -1.848105e+00, -7.398302e-10
2.999986e+00, 2.000008e+00, 3.584433e+00, -1.848105e+00, -7.404683e-10
2.999986e+00, 2.000008e+00, 3.584433e+00, -1.848105e+00, -7.398016e-10
-3.779310e+00, -3.283186e+00, -2.805119e+00, 3.131313e+00, -4.958529e-13
-3.779312e+00, -3.283107e+00, 3.584440e+00, -1.847981e+00, -3.056139e-08
-3.779310e+00, -3.283186e+00, -3.779310e+00, -3.283186e+00, -8.900891e-13
-3.779325e+00, -3.283176e+00, -3.779308e+00, -3.283192e+00, -1.185291e-09
-2.499396e+00, 3.119857e+00, 3.206981e+00, 1.096704e+00, -4.788485e-01
3.011217e+00, 2.006006e+00, -2.798843e+00, 3.131146e+00, -3.956402e-04
3.605958e+00, -1.888307e+00, 3.821120e+00, 1.845957e+00, -1.488189e+00
-2.450632e+00, 1.033616e+00, 3.834004e+00, -2.144108e+00, -4.520906e+00
-2.450632e+00, 1.033616e+00, 3.834004e+00, -2.144108e+00, -4.520906e+00
-2.450632e+00, 1.033616e+00, 3.834004e+00, -2.144108e+00, -4.520906e+00
-2.450632e+00, 1.033616e+00, 3.834004e+00, -2.144108e+00, -4.520906e+00
-2.450632e+00, 1.033616e+00, 3.834004e+00, -2.144108e+00, -4.520906e+00
-2.450632e+00, 1.033616e+00, 3.834004e+00, -2.144108e+00, -4.520906e+00
-2.450632e+00, 1.033616e+00, 3.834004e+00, -2.144108e+00, -4.520906e+00
-2.450632e+00, 1.033616e+00, 3.834004e+00, -2.144108e+00, -4.520906e+00
3.583763e+00, -1.895810e+00, -3.775188e+00, -3.268364e+00, -2.164847e-03
3.583763e+00, -1.895810e+00, -3.775188e+00, -3.268364e+00, -2.164847e-03
3.583763e+00, -1.895810e+00, -3.775188e+00, -3.268364e+00, -2.164846e-03
3.583763e+00, -1.895810e+00, -3.775188e+00, -3.268364e+00, -2.164848e-03
3.583763e+00, -1.895810e+00, -3.775188e+00, -3.268364e+00, -2.164847e-03
3.583763e+00, -1.895810e+00, -3.775188e+00, -3.268364e+00, -2.164847e-03
3.583763e+00, -1.895810e+00, -3.775188e+00, -3.268364e+00, -2.164848e-03
3.583763e+00, -1.895810e+00, -3.775188e+00, -3.268364e+00, -2.164846e-03
-2.805118e+00, 3.131312e+00, 3.000000e+00, 1.999999e+00, -8.864873e-13
-3.785096e+00, -3.289208e+00, 3.602505e+00, -1.952476e+00, -8.758547e-03
-3.785096e+00, -3.289208e+00, 3.602505e+00, -1.952476e+00, -8.758547e-03
-3.785096e+00, -3.289208e+00, 3.602505e+00, -1.952476e+00, -8.758547e-03
-3.785096e+00, -3.289208e+00, 3.602505e+00, -1.952476e+00, -8.758547e-03
-3.785096e+00, -3.289208e+00, 3.602505e+00, -1.952476e+00, -8.758548e-03
-3.785096e+00, -3.289208e+00, 3.602505e+00, -1.952476e+00, -8.758546e-03
-3.785096e+00, -3.289208e+00, 3.602505e+00, -1.952476e+00, -8.758545e-03
-3.785096e+00, -3.289208e+00, 3.602505e+00, -1.952476e+00, -8.758549e-03
3.000000e+00, 2.000000e+00, 3.584428e+00, -1.848127e+00, -3.620629e-13
-3.779312e+00, -3.283107e+00, 3.584440e+00, -1.847981e+00, -3.056018e-08
-3.779312e+00, -3.283107e+00, 3.584440e+00, -1.847981e+00, -3.056260e-08
-3.779312e+00, -3.283107e+00, 3.584440e+00, -1.847981e+00, -3.056491e-08
-3.779312e+00, -3.283107e+00, 3.584440e+00, -1.847981e+00, -3.055787e-08
-3.779312e+00, -3.283107e+00, 3.584440e+00, -1.847981e+00, -3.056250e-08
-3.779312e+00, -3.283107e+00, 3.584440e+00, -1.847981e+00, -3.056028e-08
-3.779312e+00, -3.283107e+00, 3.584440e+00, -1.847981e+00, -3.056357e-08
-3.779312e+00, -3.283107e+00, 3.584440e+00, -1.847981e+00, -3.055921e-08
-3.779325e+00, -3.283176e+00, -3.779308e+00, -3.283192e+00, -1.184285e-09
-3.779325e+00, -3.283176e+00, -3.779308e+00, -3.283192e+00, -1.186297e-09
-3.779325e+00, -3.283176e+00, -3.779308e+00, -3.283192e+00, -1.185940e-09
-3.779325e+00, -3.283176e+00, -3.779308e+00, -3.283192e+00, -1.184643e-09
-3.779325e+00, -3.283176e+00, -3.779308e+00, -3.283192e+00, -1.185498e-09
-3.779325e+00, -3.283176e+00, -3.779308e+00, -3.283192e+00, -1.185085e-09
-3.779325e+00, -3.283176e+00, -3.779308e+00, -3.283192e+00, -1.184990e-09
-3.779325e+00, -3.283176e+00, -3.779308e+00, -3.283192e+00, -1.185592e-09
-2.499396e+00, 3.119857e+00, 3.206981e+00, 1.096704e+00, -4.788486e-01
-2.499396e+00, 3.119857e+00, 3.206981e+00, 1.096704e+00, -4.788485e-01
-2.499396e+00, 3.119857e+00, 3.206981e+00, 1.096704e+00, -4.788485e-01
-2.499396e+00, 3.119857e+00, 3.206981e+00, 1.096704e+00, -4.788485e-01
-2.499396e+00, 3.119857e+00, 3.206981e+00, 1.096704e+00, -4.788485e-01
-2.499396e+00, 3.119857e+00, 3.206981e+00, 1.096704e+00, -4.788485e-01
-2.499396e+00, 3.119857e+00, 3.206981e+00, 1.096704e+00, -4.788485e-01
-2.499396e+00, 3.119857e+00, 3.206981e+00, 1.096704e+00, -4.788486e-01
3.011217e+00, 2.006006e+00, -2.798843e+00, 3.131146e+00, -3.956407e-04
3.011217e+00, 2.006006e+00, -2.798843e+00, 3.131146e+00, -3.956398e-04
3.011217e+00, 2.006006e+00, -2.798843e+00, 3.131146e+00, -3.956404e-04
3.011217e+00, 2.006006e+00, -2.798843e+00, 3.131146e+00, -3.956400e-04
3.011217e+00, 2.006006e+00, -2.798843e+00, 3.131146e+00, -3.956404e-04
3.011217e+00, 2.006006e+00, -2.798843e+00, 3.131146e+00, -3.956400e-04
3.011217e+00, 2.006006e+00, -2.798843e+00, 3.131146e+00, -3.956402e-04
3.011217e+00, 2.006006e+00, -2.798843e+00, 3.131146e+00, -3.956402e-04
3.608852e+00, -1.781302e+00, 3.023629e+00, 2.126336e+00, -2.377585e-02
-2.097918e+00, 1.542744e+00, 3.905492e+00, -2.291724e+00, -3.959680e+00
3.582909e+00, -1.852953e+00, -3.778670e+00, -3.278934e+00, -6.289020e-05
-3.782744e+00, -3.285144e+00, 3.598259e+00, -1.888612e+00, -1.569585e-03
-3.779311e+00, -3.283186e+00, 3.584430e+00, -1.848131e+00, -2.336129e-11
-3.779312e+00, -3.283186e+00, -3.779311e+00, -3.283187e+00, -1.667365e-11
-2.418539e+00, 3.115559e+00, 3.154578e+00, 1.329963e+00, -4.308103e-01
3.003377e+00, 1.999795e+00, -2.804225e+00, 3.129331e+00, -2.953982e-05
3.608852e+00, -1.781302e+00, 3.023629e+00, 2.126336e+00, -2.377585e-02
3.608852e+00, -1.781302e+00, 3.023629e+00, 2.126336e+00, -2.377585e-02
3.608852e+00, -1.781302e+00, 3.023629e+00, 2.126336e+00, -2.377585e-02
3.608852e+00, -1.781302e+00, 3.023629e+00, 2.126336e+00, -2.377585e-02
3.608852e+00, -1.781302e+00, 3.023629e+00, 2.126336e+00, -2.377585e-02
3.608852e+00, -1.781302e+00, 3.023629e+00, 2.126336e+00, -2.377585e-02
3.608852e+00, -1.781302e+00, 3.023629e+00, 2.126336e+00, -2.377586e-02
3.608852e+00, -1.781302e+00, 3.023629e+00, 2.126336e+00, -2.377585e-02
-2.097918e+00, 1.542744e+00, 3.905492e+00, -2.291724e+00, -3.959680e+00
-2.097918e+00, 1.542744e+00, 3.905492e+00, -2.291724e+00, -3.959680e+00
-2.097918e+00, 1.542744e+00, 3.905492e+00, -2.291724e+00, -3.959680e+00
-2.097918e+00, 1.542744e+00, 3.905492e+00, -2.291724e+00, -3.959680e+00
-2.097918e+00, 1.542744e+00, 3.905492e+00, -2.291724e+00, -3.959680e+00
-2.097918e+00, 1.542744e+00, 3.905492e+00, -2.291724e+00, -3.959680e+00
-2.097918e+00, 1.542744e+00, 3.905492e+00, -2.291724e+00, -3.959680e+00
-2.097918e+00, 1.542744e+00, 3.905492e+00, -2.291724e+00, -3.959680e+00
3.582909e+00, -1.852953e+00, -3.778670e+00, -3.278934e+00, -6.289010e-05
3.582909e+00, -1.852953e+00, -3.778670e+00, -3.278934e+00, -6.289029e-05
3.582909e+00, -1.852953e+00, -3.778670e+00, -3.278934e+00, -6.289012e-05
3.582909e+00, -1.852953e+00, -3.778670e+00, -3.278934e+00, -6.289027e-05
3.582909e+00, -1.852953e+00, -3.778670e+00, -3.278934e+00, -6.289017e-05
3.582909e+00, -1.852953e+00, -3.778670e+00, -3.278934e+00, -6.289022e-05
3.582909e+00, -1.852953e+00, -3.778670e+00, -3.278934e+00, -6.289037e-05
3.582909e+00, -1.852953e+00, -3.778670e+00, -3.278934e+00, -6.289002e-05
-3.782744e+00, -3.285144e+00, 3.598259e+00, -1.888612e+00, -1.569585e-03
-3.782744e+00, -3.285144e+00, 3.598259e+00, -1.888612e+00, -1.569585e-03
-3.782744e+00, -3.285144e+00, 3.598259e+00, -1.888612e+00, -1.569585e-03
-3.782744e+00, -3.285144e+00, 3.598259e+00, -1.888612e+00, -1.569585e-03
-3.782744e+00, -3.285144e+00, 3.598259e+00, -1.888612e+00, -1.569585e-03
-3.782744e+00, -3.285144e+00, 3.598259e+00, -1.888612e+00, -1.569584e-03
-3.782744e+00, -3.285144e+00, 3.598259e+00, -1.888612e+00, -1.569584e-03
-3.782744e+00, -3.285144e+00, 3.598259e+00, -1.888612e+00, -1.569585e-03
-3.779311e+00, -3.283186e+00, 3.584430e+00, -1.848131e+00, -2.332854e-11
-3.779311e+00, -3.283186e+00, 3.584430e+00, -1.848131e+00, -2.339462e-11
-3.779311e+00, -3.283186e+00, 3.584430e+00, -1.848131e+00, -2.335683e-11
-3.779311e+00, -3.283186e+00, 3.584430e+00, -1.848131e+00, -2.336619e-11
-3.779311e+00, -3.283186e+00, 3.584430e+00, -1.848131e+00, -2.343860e-11
-3.779311e+00, -3.283186e+00, 3.584430e+00, -1.848131e+00, -2.328450e-11
-3.779311e+00, -3.283186e+00, 3.584430e+00, -1.848131e+00, -2.329734e-11
-3.779311e+00, -3.283186e+00, 3.584430e+00, -1.848131e+00, -2.342539e-11
-3.779312e+00, -3.283186e+00, -3.779311e+00, -3.283187e+00, -1.654718e-11
-3.779312e+00, -3.283186e+00, -3.779311e+00, -3.283187e+00, -1.680070e-11
-3.779312e+00, -3.283186e+00, -3.779311e+00, -3.283187e+00, -1.671599e-11
-3.779312e+00, -3.283186e+00, -3.779311e+00, -3.283187e+00, -1.663176e-11
-3.779312e+00, -3.283186e+00, -3.779311e+00, -3.283187e+00, -1.665686e-11
-3.779312e+00, -3.283186e+00, -3.779311e+00, -3.283187e+00, -1.669102e-11
-3.779312e+00, -3.283186e+00, -3.779311e+00, -3.283187e+00, -1.663342e-11
-3.779312e+00, -3.283186e+00, -3.779311e+00, -3.283187e+00, -1.671433e-11
-2.418539e+00, 3.115559e+00, 3.154578e+00, 1.329963e+00, -4.308103e-01
-2.418539e+00, 3.115559e+00, 3.154578e+00, 1.329963e+00, -4.308103e-01
-2.418539e+00, 3.115559e+00, 3.154578e+00, 1.329963e+00, -4.308103e-01
-2.418539e+00, 3.115559e+00, 3.154578e+00, 1.329963e+00, -4.308103e-01
-2.418539e+00, 3.115559e+00, 3.154578e+00, 1.329963e+00, -4.308103e-01
-2.418539e+00, 3.115559e+00, 3.154578e+00, 1.329963e+00, -4.308103e-01
-2.418539e+00, 3.115559e+00, 3.154578e+00, 1.329963e+00, -4.308103e-01
-2.418539e+00, 3.115559e+00, 3.154578e+00, 1.329963e+00, -4.308103e-01
3.003377e+00, 1.999795e+00, -2.804225e+00, 3.129331e+00, -2.953994e-05
3.003377e+00, 1.999795e+00, -2.804225e+00, 3.129331e+00, -2.953969e-05
3.003377e+00, 1.999795e+00, -2.804225e+00, 3.129331e+00, -2.953985e-05
3.003377e+00, 1.999795e+00, -2.804225e+00, 3.129331e+00, -2.953979e-05
3.003377e+00, 1.999795e+00, -2.804225e+00, 3.129331e+00, -2.953984e-05
3.003377e+00, 1.999795e+00, -2.804225e+00, 3.129331e+00, -2.953979e-05
3.003377e+00, 1.999795e+00, -2.804225e+00, 3.129331e+00, -2.953974e-05
3.003377e+00, 1.999795e+00, -2.804225e+00, 3.129331e+00, -2.953989e-05
3.580227e+00, -1.832969e+00, 2.970238e+00, 2.089158e+00, -6.188281e-03
-1.793518e+00, 1.981416e+00, 3.920023e+00, -2.333708e+00, -3.354298e+00
3.583606e+00, -1.848714e+00, -3.779362e+00, -3.284077e+00, -3.885833e-06
-3.779750e+00, -3.283359e+00, 3.585793e+00, -1.851190e+00, -1.083851e-05
-3.779310e+00, -3.283186e+00, 3.584428e+00, -1.848126e+00, -1.620511e-14
-3.779310e+00, -3.283186e+00, -3.779310e+00, -3.283186e+00, -7.469265e-15
-2.232011e+00, 3.124040e+00, 3.005712e+00, 2.028293e+00, -4.336187e-01
3.000035e+00, 2.000179e+00, -2.805275e+00, 3.131148e+00, -1.320082e-07
3.580227e+00, -1.832969e+00, 2.970238e+00, 2.089158e+00, -6.188281e-03
3.580227e+00, -1.832969e+00, 2.970238e+00, 2.089158e+00, -6.188281e-03
3.580227e+00, -1.832969e+00, 2.970238e+00, 2.089158e+00, -6.188281e-03
3.580227e+00, -1.832969e+00, 2.970238e+00, 2.089158e+00, -6.188281e-03
3.580227e+00, -1.832969e+00, 2.970238e+00, 2.089158e+00, -6.188281e-03
3.580227e+00, -1.832969e+00, 2.970238e+00, 2.089158e+00, -6.188281e-03
3.580227e+00, -1.832969e+00, 2.970238e+00, 2.089158e+00, -6.188283e-03
3.580227e+00, -1.832969e+00, 2.970238e+00, 2.089158e+00, -6.188280e-03
-1.793518e+00, 1.981416e+00, 3.920023e+00, -2.333708e+00, -3.354298e+00
-1.793518e+00, 1.981416e+00, 3.920023e+00, -2.333708e+00, -3.354298e+00
-1.793518e+00, 1.981416e+00, 3.920023e+00, -2.333708e+00, -3.354298e+00
-1.793518e+00, 1.981416e+00, 3.920023e+00, -2.333708e+00, -3.354298e+00
-1.793518e+00, 1.981416e+00, 3.920023e+00, -2.333708e+00, -3.354298e+00
-1.793518e+00, 1.981416e+00, 3.920023e+00, -2.333708e+00, -3.354298e+00
-1.793518e+00, 1.981416e+00, 3.920023e+00, -2.333708e+00, -3.354298e+00
-1.793518e+00, 1.981416e+00, 3.920023e+00, -2.333708e+00, -3.354298e+00
3.583606e+00, -1.848714e+00, -3.779362e+00, -3.284077e+00, -3.885788e-06
3.583606e+00, -1.848714e+00, -3.779362e+00, -3.284077e+00, -3.885878e-06
3.583606e+00, -1.848714e+00, -3.779362e+00, -3.284077e+00, -3.885822e-06
3.583606e+00, -1.848714e+00, -3.779362e+00, -3.284077e+00, -3.885845e-06
3.583606e+00, -1.848714e+00, -3.779362e+00, -3.284077e+00, -3.885843e-06
3.583606e+00, -1.848714e+00, -3.779362e+00, -3.284077e+00, -3.885824e-06
3.583606e+00, -1.848714e+00, -3.779362e+00, -3.284077e+00, -3.885795e-06
3.583606e+00, -1.848714e+00, -3.779362e+00, -3.284077e+00, -3.885872e-06
-3.779750e+00, -3.283359e+00, 3.585793e+00, -1.851190e+00, -1.083849e-05
-3.779750e+00, -3.283359e+00, 3.585793e+00, -1.851190e+00, -1.083853e-05
-3.779750e+00, -3.283359e+00, 3.585793e+00, -1.851190e+00, -1.083851e-05
-3.779750e+00, -3.283359e+00, 3.585793e+00, -1.851190e+00, -1.083851e-05
-3.779750e+00, -3.283359e+00, 3.585793e+00, -1.851190e+00, -1.083857e-05
-3.779750e+00, -3.283359e+00, 3.585793e+00, -1.851190e+00, -1.083845e-05
-3.779750e+00, -3.283359e+00, 3.585793e+00, -1.851190e+00, -1.083847e-05
-3.779750e+00, -3.283359e+00, 3.585793e+00, -1.851190e+00, -1.083855e-05
-2.325275e+00, 3.119800e+00, 3.080145e+00, 1.679128e+00, -3.761051e-01
3.000035e+00, 2.000179e+00, -2.805275e+00, 3.131148e+00, -1.320113e-07
3.000035e+00, 2.000179e+00, -2.805275e+00, 3.131148e+00, -1.320052e-07
3.000035e+00, 2.000179e+00, -2.805275e+00, 3.131148e+00, -1.320116e-07
3.000035e+00, 2.000179e+00, -2.805275e+00, 3.131148e+00, -1.320048e-07
3.000035e+00, 2.000179e+00, -2.805275e+00, 3.131148e+00, -1.320030e-07
3.000035e+00, 2.000179e+00, -2.805275e+00, 3.131148e+00, -1.320134e-07
3.000035e+00, 2.000179e+00, -2.805275e+00, 3.131148e+00, -1.320015e-07
3.000035e+00, 2.000179e+00, -2.805275e+00, 3.131148e+00, -1.320150e-07
3.579228e+00, -1.859346e+00, 2.994082e+00, 2.028454e+00, -7.770410e-04
9.382294e-01, 6.000000e+00, 2.733058e+00, -1.805131e+00, -4.713772e+01
3.584749e+00, -1.847610e+00, -3.779256e+00, -3.282946e+00, -6.393227e-07
-3.779298e+00, -3.283198e+00, 3.584473e+00, -1.848199e+00, -8.909389e-09
-2.325275e+00, 3.119800e+00, 3.080145e+00, 1.679128e+00, -3.761051e-01
-2.325275e+00, 3.119800e+00, 3.080145e+00, 1.679128e+00, -3.761050e-01
-2.325275e+00, 3.119800e+00, 3.080145e+00, 1.679128e+00, -3.761051e-01
-2.325275e+00, 3.119800e+00, 3.080145e+00, 1.679128e+00, -3.761051e-01
-2.325275e+00, 3.119800e+00, 3.080145e+00, 1.679128e+00, -3.761051e-01
-2.325275e+00, 3.119800e+00, 3.080145e+00, 1.679128e+00, -3.761051e-01
-2.325275e+00, 3.119800e+00, 3.080145e+00, 1.679128e+00, -3.761051e-01
-2.325275e+00, 3.119800e+00, 3.080145e+00, 1.679128e+00, -3.761051e-01
3.000008e+00, 1.999985e+00, -2.805140e+00, 3.131310e+00, -9.727532e-10
3.579228e+00, -1.859346e+00, 2.994082e+00, 2.028454e+00, -7.770407e-04
3.579228e+00, -1.859346e+00, 2.994082e+00, 2.028454e+00, -7.770413e-04
3.579228e+00, -1.859346e+00, 2.994082e+00, 2.028454e+00, -7.770408e-04
3.579228e+00, -1.859346e+00, 2.994082e+00, 2.028454e+00, -7.770412e-04
3.579228e+00, -1.859346e+00, 2.994082e+00, 2.028454e+00, -7.770411e-04
3.579228e+00, -1.859346e+00, 2.994082e+00, 2.028454e+00, -7.770410e-04
3.579228e+00, -1.859346e+00, 2.994082e+00, 2.028454e+00, -7.770415e-04
3.579228e+00, -1.859346e+00, 2.994082e+00, 2.028454e+00, -7.770406e-04
-4.276445e-01, 4.225551e+00, 3.326541e+00, -2.069420e+00, -7.828480e+00
3.584749e+00, -1.847610e+00, -3.779256e+00, -3.282946e+00, -6.393412e-07
3.584749e+00, -1.847610e+00, -3.779256e+00, -3.282946e+00, -6.393041e-07
3.584749e+00, -1.847610e+00, -3.779256e+00, -3.282946e+00, -6.393313e-07
3.584749e+00, -1.847610e+00, -3.779256e+00, -3.282946e+00, -6.393140e-07
3.584749e+00, -1.847610e+00, -3.779256e+00, -3.282946e+00, -6.393224e-07
3.584749e+00, -1.847610e+00, -3.779256e+00, -3.282946e+00, -6.393229e-07
3.584749e+00, -1.847610e+00, -3.779256e+00, -3.282946e+00, -6.393325e-07
3.584749e+00, -1.847610e+00, -3.779256e+00, -3.282946e+00, -6.393128e-07
-3.779298e+00, -3.283198e+00, 3.584473e+00, -1.848199e+00, -8.910247e-09
-3.779298e+00, -3.283198e+00, 3.584473e+00, -1.848199e+00, -8.908531e-09
-3.779298e+00, -3.283198e+00, 3.584473e+00, -1.848199e+00, -8.908684e-09
-3.779298e+00, -3.283198e+00, 3.584473e+00, -1.848199e+00, -8.910094e-09
-3.779298e+00, -3.283198e+00, 3.584473e+00, -1.848199e+00, -8.911483e-09
-3.779298e+00, -3.283198e+00, 3.584473e+00, -1.848199e+00, -8.907295e-09
-3.779298e+00, -3.283198e+00, 3.584473e+00, -1.848199e+00, -8.908482e-09
-3.779298e+00, -3.283198e+00, 3.584473e+00, -1.848199e+00, -8.910295e-09
-2.355354e+00, 3.106773e+00, 3.060702e+00, 1.782688e+00, -3.095927e-01
3.000008e+00, 1.999985e+00, -2.805140e+00, 3.131310e+00, -9.728966e-10
3.000008e+00, 1.999985e+00, -2.805140e+00, 3.131310e+00, -9.726101e-10
3.000008e+00, 1.999985e+00, -2.805140e+00, 3.131310e+00, -9.725777e-10
3.000008e+00, 1.999985e+00, -2.805140e+00, 3.131310e+00, -9.729288e-10
3.000008e+00, 1.999985e+00, -2.805140e+00, 3.131310e+00, -9.720446e-10
3.000008e+00, 1.999985e+00, -2.805140e+00, 3.131310e+00, -9.734621e-10
3.000008e+00, 1.999985e+00, -2.805140e+00, 3.131310e+00, -9.726448e-10
3.000008e+00, 1.999985e+00, -2.805140e+00, 3.131310e+00, -9.728619e-10
3.585733e+00, -1.852540e+00, 2.997925e+00, 2.003140e+00, -2.661335e-05
-1.110581e+00, 3.103484e+00, 3.623282e+00, -2.201564e+00, -2.443877e+00
3.584423e+00, -1.848120e+00, -3.779311e+00, -3.283182e+00, -1.322425e-10
-3.779310e+00, -3.283183e+00, 3.584429e+00, -1.848126e+00, -2.020860e-11
-2.355354e+00, 3.106773e+00, 3.060702e+00, 1.782688e+00, -3.095927e-01
-2.355354e+00, 3.106773e+00, 3.060702e+00, 1.782688e+00, -3.095926e-01
-2.355354e+00, 3.106773e+00, 3.060702e+00, 1.782688e+00, -3.095927e-01
-2.355354e+00, 3.106773e+00, 3.060702e+00, 1.782688e+00, -3.095927e-01
-2.355354e+00, 3.106773e+00, 3.060702e+00, 1.782688e+00, -3.095927e-01
-2.355354e+00, 3.106773e+00, 3.060702e+00, 1.782688e+00, -3.095927e-01
-2.355354e+00, 3.106773e+00, 3.060702e+00, 1.782688e+00, -3.095927e-01
-2.355354e+00, 3.106773e+00, 3.060702e+00, 1.782688e+00, -3.095927e-01
3.000001e+00, 1.999998e+00, -2.805121e+00, 3.131314e+00, -2.108735e-11
3.585733e+00, -1.852540e+00, 2.997925e+00, 2.003140e+00, -2.661340e-05
3.585733e+00, -1.852540e+00, 2.997925e+00, 2.003140e+00, -2.661330e-05
3.585733e+00, -1.852540e+00, 2.997925e+00, 2.003140e+00, -2.661329e-05
3.585733e+00, -1.852540e+00, 2.997925e+00, 2.003140e+00, -2.661341e-05
3.585733e+00, -1.852540e+00, 2.997925e+00, 2.003140e+00, -2.661330e-05
3.585733e+00, -1.852540e+00, 2.997925e+00, 2.003140e+00, -2.661339e-05
3.585733e+00, -1.852540e+00, 2.997925e+00, 2.003140e+00, -2.661338e-05
3.585733e+00, -1.852540e+00, 2.997925e+00, 2.003140e+00, -2.661332e-05
-1.110581e+00, 3.103484e+00, 3.623282e+00, -2.201564e+00, -2.443877e+00
-1.110581e+00, 3.103484e+00, 3.623282e+00, -2.201564e+00, -2.443877e+00
-1.110581e+00, 3.103484e+00, 3.623282e+00, -2.201564e+00, -2.443877e+00
-1.110581e+00, 3.103484e+00, 3.623282e+00, -2.201564e+00, -2.443877e+00
-1.110581e+00, 3.103484e+00, 3.623282e+00, -2.201564e+00, -2.443877e+00
-1.110581e+00, 3.103484e+00, 3.623282e+00, -2.201564e+00, -2.443877e+00
-1.110581e+00, 3.103484e+00, 3.623282e+00, -2.201564e+00, -2.443877e+00
-1.110581e+00, 3.103484e+00, 3.623282e+00, -2.201564e+00, -2.443877e+00
3.584423e+00, -1.848120e+00, -3.779311e+00, -3.283182e+00, -1.319966e-10
3.584423e+00, -1.848120e+00, -3.779311e+00, -3.283182e+00, -1.324890e-10
3.584423e+00, -1.848120e+00, -3.779311e+00, -3.283182e+00, -1.323254e-10
3.584423e+00, -1.848120e+00, -3.779311e+00, -3.283182e+00, -1.321598e-10
3.584423e+00, -1.848120e+00, -3.779311e+00, -3.283182e+00, -1.321198e-10
3.584423e+00, -1.848120e+00, -3.779311e+00, -3.283182e+00, -1.323659e-10
3.584423e+00, -1.848120e+00, -3.779311e+00, -3.283182e+00, -1.324218e-10
3.584423e+00, -1.848120e+00, -3.779311e+00, -3.283182e+00, -1.320637e-10
-3.779310e+00, -3.283183e+00, 3.584429e+00, -1.848126e+00, -2.017074e-11
-3.779310e+00, -3.283183e+00, 3.584429e+00, -1.848126e+00, -2.024705e-11
-3.779310e+00, -3.283183e+00, 3.584429e+00, -1.848126e+00, -2.034122e-11
-3.779310e+00, -3.283183e+00, 3.584429e+00, -1.848126e+00, -2.007642e-11
-3.779310e+00, -3.283183e+00, 3.584429e+00, -1.848126e+00, -2.022684e-11
-3.779310e+00, -3.283183e+00, 3.584429e+00, -1.848126e+00, -2.019089e-11
-3.779310e+00, -3.283183e+00, 3.584429e+00, -1.848126e+00, -2.021203e-11
-3.779310e+00, -3.283183e+00, 3.584429e+00, -1.848126e+00, -2.020532e-11
-2.896252e+00, 3.249954e+00, 2.970299e+00, 2.198805e+00, -7.496919e-02
3.584552e+00, -1.849052e+00, 3.000362e+00, 1.999799e+00, -8.321139e-07
-1.701498e+00, 2.488840e+00, 3.417122e+00, -1.936824e+00, -1.972114e+00
3.584428e+00, -1.848126e+00, -3.779310e+00, -3.283186e+00, -1.233860e-12
-3.779310e+00, -3.283186e+00, 3.584428e+00, -1.848126e+00, -5.496283e-13
-2.896252e+00, 3.249954e+00, 2.970299e+00, 2.198805e+00, -7.496919e-02
-2.896252e+00, 3.249954e+00, 2.970299e+00, 2.198805e+00, -7.496919e-02
-2.896252e+00, 3.249954e+00, 2.970299e+00, 2.198805e+00, -7.496919e-02
-2.896252e+00, 3.249954e+00, 2.970299e+00, 2.198805e+00, -7.496918e-02
-2.896252e+00, 3.249954e+00, 2.970299e+00, 2.198805e+00, -7.496919e-02
-2.896252e+00, 3.249954e+00, 2.970299e+00, 2.198805e+00, -7.496919e-02
-2.896252e+00, 3.249954e+00, 2.970299e+00, 2.198805e+00, -7.496919e-02
-2.896252e+00, 3.249954e+00, 2.970299e+00, 2.198805e+00, -7.496919e-02
3.584552e+00, -1.849052e+00, 3.000362e+00, 1.999799e+00, -8.321172e-07
3.584552e+00, -1.849052e+00, 3.000362e+00, 1.999799e+00, -8.321107e-07
3.584552e+00, -1.849052e+00, 3.000362e+00, 1.999799e+00, -8.321008e-07
3.584552e+00, -1.849052e+00, 3.000362e+00, 1.999799e+00, -8.321271e-07
3.584552e+00, -1.849052e+00, 3.000362e+00, 1.999799e+00, -8.321253e-07
3.584552e+00, -1.849052e+00, 3.000362e+00, 1.999799e+00, -8.321025e-07
3.584552e+00, -1.849052e+00, 3.000362e+00, 1.999799e+00, -8.321141e-07
3.584552e+00, -1.849052e+00, 3.000362e+00, 1.999799e+00, -8.321137e-07
-1.701498e+00, 2.488840e+00, 3.417122e+00, -1.936824e+00, -1.972114e+00
-1.701498e+00, 2.488840e+00, 3.417122e+00, -1.936824e+00, -1.972114e+00
-1.701498e+00, 2.488840e+00, 3.417122e+00, -1.936824e+00, -1.972114e+00
-1.701498e+00, 2.488840e+00, 3.417122e+00, -1.936824e+00, -1.972114e+00
-1.701498e+00, 2.488840e+00, 3.417122e+00, -1.936824e+00, -1.972114e+00
-1.701498e+00, 2.488840e+00, 3.417122e+00, -1.936824e+00, -1.972114e+00
-1.701498e+00, 2.488840e+00, 3.417122e+00, -1.936824e+00, -1.972114e+00
-1.701498e+00, 2.488840e+00, 3.417122e+00, -1.936824e+00, -1.972114e+00
-2.826229e+00, 3.075257e+00, 3.023343e+00, 1.900505e+00, -1.374236e-02
3.584452e+00, -1.848190e+00, 3.000027e+00, 1.999924e+00, -8.011053e-09
-2.042901e+00, 2.533620e+00, 3.610646e+00, -1.871693e+00, -1.267659e+00
-2.826229e+00, 3.075257e+00, 3.023343e+00, 1.900505e+00, -1.374235e-02
-2.826229e+00, 3.075257e+00, 3.023343e+00, 1.900505e+00, -1.374236e-02
-2.826229e+00, 3.075257e+00, 3.023343e+00, 1.900505e+00, -1.374235e-02
-2.826229e+00, 3.075257e+00, 3.023343e+00, 1.900505e+00, -1.374236e-02
-2.826229e+00, 3.075257e+00, 3.023343e+00, 1.900505e+00, -1.374236e-02
-2.826229e+00, 3.075257e+00, 3.023343e+00, 1.900505e+00, -1.374236e-02
-2.826229e+00, 3.075257e+00, 3.023343e+00, 1.900505e+00, -1.374235e-02
-2.826229e+00, 3.075257e+00, 3.023343e+00, 1.900505e+00, -1.374236e-02
3.584452e+00, -1.848190e+00, 3.000027e+00, 1.999924e+00, -8.012064e-09
3.584452e+00, -1.848190e+00, 3.000027e+00, 1.999924e+00, -8.010043e-09
3.584452e+00, -1.848190e+00, 3.000027e+00, 1.999924e+00, -8.010210e-09
3.584452e+00, -1.848190e+00, 3.000027e+00, 1.999924e+00, -8.011897e-09
3.584452e+00, -1.848190e+00, 3.000027e+00, 1.999924e+00, -8.011282e-09
3.584452e+00, -1.848190e+00, 3.000027e+00, 1.999924e+00, -8.010825e-09
3.584452e+00, -1.848190e+00, 3.000027e+00, 1.999924e+00, -8.010033e-09
3.584452e+00, -1.848190e+00, 3.000027e+00, 1.999924e+00, -8.012073e-09
-2.042901e+00, 2.533620e+00, 3.610646e+00, -1.871693e+00, -1.267659e+00
-2.042901e+00, 2.533620e+00, 3.610646e+00, -1.871693e+00, -1.267659e+00
-2.042901e+00, 2.533620e+00, 3.610646e+00, -1.871693e+00, -1.267659e+00
-2.042901e+00, 2.533620e+00, 3.610646e+00, -1.871693e+00, -1.267659e+00
-2.042901e+00, 2.533620e+00, 3.610646e+00, -1.871693e+00, -1.267659e+00
-2.042901e+00, 2.533620e+00, 3.610646e+00, -1.871693e+00, -1.267659e+00
-2.042901e+00, 2.533620e+00, 3.610646e+00, -1.871693e+00, -1.267659e+00
-2.042901e+00, 2.533620e+00, 3.610646e+00, -1.871693e+00, -1.267659e+00
-2.781102e+00, 3.130744e+00, 2.999822e+00, 1.994387e+00, -9.562967e-04
3.584427e+00, -1.848127e+00, 3.000000e+00, 1.999998e+00, -7.163459e-12
-3.591610e+00, 2.978756e+00, 3.857800e+00, -1.632761e+00, -1.602068e+00
-2.781102e+00, 3.130744e+00, 2.999822e+00, 1.994387e+00, -9.562974e-04
-2.781102e+00, 3.130744e+00, 2.999822e+00, 1.994387e+00, -9.562959e-04
-2.781102e+00, 3.130744e+00, 2.999822e+00, 1.994387e+00, -9.562967e-04
-2.781102e+00, 3.130744e+00, 2.999822e+00, 1.994387e+00, -9.562967e-04
-2.781102e+00, 3.130744e+00, 2.999822e+00, 1.994387e+00, -9.562966e-04
-2.781102e+00, 3.130744e+00, 2.999822e+00, 1.994387e+00, -9.562967e-04
-2.781102e+00, 3.130744e+00, 2.999822e+00, 1.994387e+00, -9.562966e-04
-2.781102e+00, 3.130744e+00, 2.999822e+00, 1.994387e+00, -9.562968e-04
-2.817256e+00, 2.756188e+00, 3.734223e+00, -1.752227e+00, -3.242575e-01
-2.810287e+00, 3.134042e+00, 3.000194e+00, 2.002051e+00, -6.158304e-05
-2.817256e+00, 2.756188e+00, 3.734223e+00, -1.752227e+00, -3.242575e-01
-2.817256e+00, 2.756188e+00, 3.734223e+00, -1.752227e+00, -3.242575e-01
-2.817256e+00, 2.756188e+00, 3.734223e+00, -1.752227e+00, -3.242575e-01
-2.817256e+00, 2.756188e+00, 3.734223e+00, -1.752227e+00, -3.242576e-01
-2.817256e+00, 2.756188e+00, 3.734223e+00, -1.752227e+00, -3.242576e-01
-2.817256e+00, 2.756188e+00, 3.734223e+00, -1.752227e+00, -3.242575e-01
-2.817256e+00, 2.756188e+00, 3.734223e+00, -1.752227e+00, -3.242575e-01
-2.817256e+00, 2.756188e+00, 3.734223e+00, -1.752227e+00, -3.242575e-01
-2.810287e+00, 3.134042e+00, 3.000194e+00, 2.002051e+00, -6.158288e-05
-2.810287e+00, 3.134042e+00, 3.000194e+00, 2.002051e+00, -6.158321e-05
-2.810287e+00, 3.134042e+00, 3.000194e+00, 2.002051e+00, -6.158315e-05
-2.810287e+00, 3.134042e+00, 3.000194e+00, 2.002051e+00, -6.158294e-05
-2.810287e+00, 3.134042e+00, 3.000194e+00, 2.002051e+00, -6.158307e-05
-2.810287e+00, 3.134042e+00, 3.000194e+00, 2.002051e+00, -6.158302e-05
-2.810287e+00, 3.134042e+00, 3.000194e+00, 2.002051e+00, -6.158308e-05
-2.810287e+00, 3.134042e+00, 3.000194e+00, 2.002051e+00, -6.158301e-05
-2.753092e+00, 3.270178e+00, 3.667438e+00, -1.750135e+00, -7.353245e-02
-2.805073e+00, 3.131023e+00, 2.999894e+00, 2.000149e+00, -1.951779e-07
-2.753092e+00, 3.270178e+00, 3.667438e+00, -1.750135e+00, -7.353245e-02
-2.753092e+00, 3.270178e+00, 3.667438e+00, -1.750135e+00, -7.353245e-02
-2.753092e+00, 3.270178e+00, 3.667438e+00, -1.750135e+00, -7.353246e-02
-2.753092e+00, 3.270178e+00, 3.667438e+00, -1.750135e+00, -7.353245e-02
-2.753092e+00, 3.270178e+00, 3.667438e+00, -1.750135e+00, -7.353246e-02
-2.753092e+00, 3.270178e+00, 3.667438e+00, -1.750135e+00, -7.353245e-02
-2.753092e+00, 3.270178e+00, 3.667438e+00, -1.750135e+00, -7.353245e-02
-2.753092e+00, 3.270178e+00, 3.667438e+00, -1.750135e+00, -7.353245e-02
-2.819044e+00, 3.107490e+00, 3.594702e+00, -1.791483e+00, -4.238396e-03
-2.819044e+00, 3.107490e+00, 3.594702e+00, -1.791483e+00, -4.238396e-03
-2.819044e+00, 3.107490e+00, 3.594702e+00, -1.791483e+00, -4.238397e-03
-2.819044e+00, 3.107490e+00, 3.594702e+00, -1.791483e+00, -4.238396e-03
-2.819044e+00, 3.107490e+00, 3.594702e+00, -1.791483e+00, -4.238397e-03
-2.819044e+00, 3.107490e+00, 3.594702e+00, -1.791483e+00, -4.238397e-03
-2.819044e+00, 3.107490e+00, 3.594702e+00, -1.791483e+00, -4.238396e-03
-2.819044e+00, 3.107490e+00, 3.594702e+00, -1.791483e+00, -4.238397e-03
-2.819044e+00, 3.107490e+00, 3.594702e+00, -1.791483e+00, -4.238396e-03
-2.799058e+00, 3.125404e+00, 3.583980e+00, -1.824873e+00, -5.159132e-04
-2.799058e+00, 3.125404e+00, 3.583980e+00, -1.824873e+00, -5.159134e-04
-2.799058e+00, 3.125404e+00, 3.583980e+00, -1.824873e+00, -5.159130e-04
-2.799058e+00, 3.125404e+00, 3.583980e+00, -1.824873e+00, -5.159130e-04
-2.799058e+00, 3.125404e+00, 3.583980e+00, -1.824873e+00, -5.159135e-04
-2.799058e+00, 3.125404e+00, 3.583980e+00, -1.824873e+00, -5.159133e-04
-2.799058e+00, 3.125404e+00, 3.583980e+00, -1.824873e+00, -5.159132e-04
-2.799058e+00, 3.125404e+00, 3.583980e+00, -1.824873e+00, -5.159136e-04
-2.799058e+00, 3.125404e+00, 3.583980e+00, -1.824873e+00, -5.159129e-04
-2.809086e+00, 3.134920e+00, 3.582470e+00, -1.846551e+00, -6.164992e-05
-3.840000e+00, -3.283187e+00, -3.779307e+00, -3.360000e+00, -2.419051e-02
-3.840000e+00, -3.283187e+00, -3.779307e+00, -3.240000e+00, -1.493652e-02
-3.840000e+00, -3.283187e+00, -3.779307e+00, -3.120000e+00, -6.679813e-02
-3.720000e+00, -3.283187e+00, -3.779307e+00, -3.360000e+00, -2.338281e-02
-3.720000e+00, -3.283187e+00, -3.779307e+00, -3.240000e+00, -1.412882e-02
-3.720000e+00, -3.283187e+00, -3.779307e+00, -3.120000e+00, -6.599043e-02
-3.600000e+00, -3.283187e+00, -3.779307e+00, -3.360000e+00, -1.024640e-01
-3.600000e+00, -3.283187e+00, -3.779307e+00, -3.240000e+00, -9.321005e-02
-3.600000e+00, -3.283187e+00, -3.779307e+00, -3.120000e+00, -1.450717e-01
3.480000e+00, -1.848113e+00, -3.779304e+00, -3.360000e+00, -4.107229e-02
3.480000e+00, -1.848113e+00, -3.779304e+00, -3.240000e+00, -3.181775e-02
3.480000e+00, -1.848113e+00, -3.779304e+00, -3.120000e+00, -8.367881e-02
3.600000e+00, -1.848113e+00, -3.779304e+00, -3.360000e+00, -1.395344e-02
3.600000e+00, -1.848113e+00, -3.779304e+00, -3.240000e+00, -4.698896e-03
3.600000e+00, -1.848113e+00, -3.779304e+00, -3.120000e+00, -5.655996e-02
3.720000e+00, -1.848113e+00, -3.779304e+00, -3.360000e+00, -6.326716e-02
3.720000e+00, -1.848113e+00, -3.779304e+00, -3.240000e+00, -5.401262e-02
3.720000e+00, -1.848113e+00, -3.779304e+00, -3.120000e+00, -1.058737e-01
2.880000e+00, 1.999998e+00, 3.584425e+00, -1.920000e+00, -2.953959e-02
2.880000e+00, 1.999998e+00, 3.584425e+00, -1.800000e+00, -2.727084e-02
2.880000e+00, 1.999998e+00, 3.584425e+00, -1.680000e+00, -4.461956e-02
3.000000e+00, 1.999998e+00, 3.584425e+00, -1.920000e+00, -3.925776e-03
3.000000e+00, 1.999998e+00, 3.584425e+00, -1.800000e+00, -1.657018e-03
3.000000e+00, 1.999998e+00, 3.584425e+00, -1.680000e+00, -1.900574e-02
3.120000e+00, 1.999998e+00, 3.584425e+00, -1.920000e+00, -3.161269e-02
3.120000e+00, 1.999998e+00, 3.584425e+00, -1.800000e+00, -2.934393e-02
3.120000e+00, 1.999998e+00, 3.584425e+00, -1.680000e+00, -4.669265e-02
2.880000e+00, 1.999992e+00, 2.999999e+00, 1.920000e+00, -3.085187e-02
2.880000e+00, 1.999992e+00, 2.999999e+00, 2.040000e+00, -2.700018e-02
2.880000e+00, 1.999992e+00, 2.999999e+00, 2.160000e+00, -4.904545e-02
3.000000e+00, 1.999992e+00, 2.999999e+00, 1.920000e+00, -5.237359e-03
3.000000e+00, 1.999992e+00, 2.999999e+00, 2.040000e+00, -1.385672e-03
3.000000e+00, 1.999992e+00, 2.999999e+00, 2.160000e+00, -2.343094e-02
3.120000e+00, 1.999992e+00, 2.999999e+00, 1.920000e+00, -3.292356e-02
3.120000e+00, 1.999992e+00, 2.999999e+00, 2.040000e+00, -2.907187e-02
3.120000e+00, 1.999992e+00, 2.999999e+00, 2.160000e+00, -5.111714e-02
-2.880000e+00, 3.131314e+00, -2.805120e+00, 3.000000e+00, -4.261484e-02
-2.880000e+00, 3.131314e+00, -2.805120e+00, 3.120000e+00, -9.598369e-03
-2.880000e+00, 3.131314e+00, -2.805120e+00, 3.240000e+00, -3.390910e-02
-2.760000e+00, 3.131314e+00, -2.805120e+00, 3.000000e+00, -3.652695e-02
-2.760000e+00, 3.131314e+00, -2.805120e+00, 3.120000e+00, -3.510486e-03
-2.760000e+00, 3.131314e+00, -2.805120e+00, 3.240000e+00, -2.782122e-02
-2.640000e+00, 3.131314e+00, -2.805120e+00, 3.000000e+00, -7.505406e-02
-2.640000e+00, 3.131314e+00, -2.805120e+00, 3.120000e+00, -4.203759e-02
-2.640000e+00, 3.131314e+00, -2.805120e+00, 3.240000e+00, -6.634832e-02
2.880000e+00, 1.999989e+00, -3.779310e+00, -3.360000e+00, -3.892973e-02
2.880000e+00, 1.999989e+00, -3.779310e+00, -3.240000e+00, -2.967621e-02
2.880000e+00, 1.999989e+00, -3.779310e+00, -3.120000e+00, -8.153828e-02
3.000000e+00, 1.999989e+00, -3.779310e+00, -3.360000e+00, -1.331480e-02
3.000000e+00, 1.999989e+00, -3.779310e+00, -3.240000e+00, -4.061284e-03
3.000000e+00, 1.999989e+00, -3.779310e+00, -3.120000e+00, -5.592335e-02
3.120000e+00, 1.999989e+00, -3.779310e+00, -3.360000e+00, -4.100058e-02
3.120000e+00, 1.999989e+00, -3.779310e+00, -3.240000e+00, -3.174706e-02
3.120000e+00, 1.999989e+00, -3.779310e+00, -3.120000e+00, -8.360912e-02
3.480000e+00, -1.848112e+00, -2.805125e+00, 3.000000e+00, -6.102972e-02
3.480000e+00, -1.848112e+00, -2.805125e+00, 3.120000e+00, -2.801323e-02
3.480000e+00, -1.848112e+00, -2.805125e+00, 3.240000e+00, -5.232392e-02
3.600000e+00, -1.848112e+00, -2.805125e+00, 3.000000e+00, -3.391094e-02
3.600000e+00, -1.848112e+00, -2.805125e+00, 3.120000e+00, -8.944430e-04
3.600000e+00, -1.848112e+00, -2.805125e+00, 3.240000e+00, -2.520514e-02
3.720000e+00, -1.848112e+00, -2.805125e+00, 3.000000e+00, -8.322473e-02
3.720000e+00, -1.848112e+00, -2.805125e+00, 3.120000e+00, -5.020823e-02
3.720000e+00, -1.848112e+00, -2.805125e+00, 3.240000e+00, -7.451893e-02
-2.880000e+00, 3.131311e+00, 3.584430e+00, -1.920000e+00, -1.326758e-02
-2.880000e+00, 3.131311e+00, 3.584430e+00, -1.800000e+00, -1.099903e-02
-2.880000e+00, 3.131311e+00, 3.584430e+00, -1.680000e+00, -2.834799e-02
-2.760000e+00, 3.131311e+00, 3.584430e+00, -1.920000e+00, -7.179672e-03
-2.760000e+00, 3.131311e+00, 3.584430e+00, -1.800000e+00, -4.911132e-03
-2.760000e+00, 3.131311e+00, 3.584430e+00, -1.680000e+00, -2.226009e-02
-2.640000e+00, 3.131311e+00, 3.584430e+00, -1.920000e+00, -4.570675e-02
-2.640000e+00, 3.131311e+00, 3.584430e+00, -1.800000e+00, -4.343821e-02
-2.640000e+00, 3.131311e+00, 3.584430e+00, -1.680000e+00, -6.078716e-02
2.880000e+00, 2.000000e+00, -2.805121e+00, 3.000000e+00, -5.888647e-02
2.880000e+00, 2.000000e+00, -2.805121e+00, 3.120000e+00, -2.587000e-02
2.880000e+00, 2.000000e+00, -2.805121e+00, 3.240000e+00, -5.018073e-02
3.000000e+00, 2.000000e+00, -2.805121e+00, 3.000000e+00, -3.327292e-02
3.000000e+00, 2.000000e+00, -2.805121e+00, 3.120000e+00, -2.564530e-04
3.000000e+00, 2.000000e+00, -2.805121e+00, 3.240000e+00, -2.456719e-02
3.120000e+00, 2.000000e+00, -2.805121e+00, 3.000000e+00, -6.096011e-02
3.120000e+00, 2.000000e+00, -2.805121e+00, 3.120000e+00, -2.794364e-02
3.120000e+00, 2.000000e+00, -2.805121e+00, 3.240000e+00, -5.225437e-02
-3.840000e+00, -3.283187e+00, -2.805120e+00, 3.000000e+00, -4.414831e-02
-3.840000e+00, -3.283187e+00, -2.805120e+00, 3.120000e+00, -1.113185e-02
-3.840000e+00, -3.283187e+00, -2.805120e+00, 3.240000e+00, -3.544259e-02
-3.720000e+00, -3.283187e+00, -2.805120e+00, 3.000000e+00, -4.334063e-02
-3.720000e+00, -3.283187e+00, -2.805120e+00, 3.120000e+00, -1.032417e-02
-3.720000e+00, -3.283187e+00, -2.805120e+00, 3.240000e+00, -3.463491e-02
-3.600000e+00, -3.283187e+00, -2.805120e+00, 3.000000e+00, -1.224219e-01
-3.600000e+00, -3.283187e+00, -2.805120e+00, 3.120000e+00, -8.940542e-02
-3.600000e+00, -3.283187e+00, -2.805120e+00, 3.240000e+00, -1.137162e-01
-2.880000e+00, 3.131307e+00, 3.000001e+00, 1.920000e+00, -1.457910e-02
-2.880000e+00, 3.131307e+00, 3.000001e+00, 2.040000e+00, -1.072772e-02
-2.880000e+00, 3.131307e+00, 3.000001e+00, 2.160000e+00, -3.277330e-02
-2.760000e+00, 3.131307e+00, 3.000001e+00, 1.920000e+00, -8.491170e-03
-2.760000e+00, 3.131307e+00, 3.000001e+00, 2.040000e+00, -4.639785e-03
-2.760000e+00, 3.131307e+00, 3.000001e+00, 2.160000e+00, -2.668536e-02
-2.640000e+00, 3.131307e+00, 3.000001e+00, 1.920000e+00, -4.701820e-02
-2.640000e+00, 3.131307e+00, 3.000001e+00, 2.040000e+00, -4.316682e-02
-2.640000e+00, 3.131307e+00, 3.000001e+00, 2.160000e+00, -6.521240e-02
-3.840000e+00, -3.283186e+00, 3.584430e+00, -1.920000e+00, -1.480112e-02
-3.840000e+00, -3.283186e+00, 3.584430e+00, -1.800000e+00, -1.253258e-02
-3.840000e+00, -3.283186e+00, 3.584430e+00, -1.680000e+00, -2.988154e-02
-3.720000e+00, -3.283186e+00, 3.584430e+00, -1.920000e+00, -1.399329e-02
-3.720000e+00, -3.283186e+00, 3.584430e+00, -1.800000e+00, -1.172475e-02
-3.720000e+00, -3.283186e+00, 3.584430e+00, -1.680000e+00, -2.907371e-02
-3.600000e+00, -3.283186e+00, 3.584430e+00, -1.920000e+00, -9.307439e-02
-3.600000e+00, -3.283186e+00, 3.584430e+00, -1.800000e+00, -9.080585e-02
-3.600000e+00, -3.283186e+00, 3.584430e+00, -1.680000e+00, -1.081548e-01
3.480000e+00, -1.848190e+00, 3.000027e+00, 1.920000e+00, -3.299464e-02
3.480000e+00, -1.848190e+00, 3.000027e+00, 2.040000e+00, -2.914631e-02
3.480000e+00, -1.848190e+00, 3.000027e+00, 2.160000e+00, -5.119501e-02
3.600000e+00, -1.848190e+00, 3.000027e+00, 1.920000e+00, -5.872704e-03
3.600000e+00, -1.848190e+00, 3.000027e+00, 2.040000e+00, -2.024367e-03
3.600000e+00, -1.848190e+00, 3.000027e+00, 2.160000e+00, -2.407307e-02
3.720000e+00, -1.848190e+00, 3.000027e+00, 1.920000e+00, -5.518311e-02
3.720000e+00, -1.848190e+00, 3.000027e+00, 2.040000e+00, -5.133478e-02
3.720000e+00, -1.848190e+00, 3.000027e+00, 2.160000e+00, -7.338348e-02
-3.600000e+00, -3.283187e+00, -3.779307e+00, -3.120000e+00, -1.450717e-01
-3.600000e+00, -3.283187e+00, -2.805120e+00, 3.000000e+00, -1.224219e-01
-3.600000e+00, -3.283186e+00, 3.584430e+00, -1.800000e+00, -9.080585e-02
-3.600000e+00, -3.283187e+00, -2.805120e+00, 3.240000e+00, -1.137162e-01
3.720000e+00, -1.848113e+00, -3.779304e+00, -3.120000e+00, -1.058737e-01
-3.600000e+00, -3.283187e+00, -3.779307e+00, -3.120000e+00, -1.450717e-01
-3.600000e+00, -3.283187e+00, -3.779307e+00, -3.120000e+00, -1.450717e-01
-3.600000e+00, -3.283187e+00, -3.779307e+00, -3.120000e+00, -1.450717e-01
-3.600000e+00, -3.283187e+00, -3.779307e+00, -3.120000e+00, -1.450717e-01
-3.600000e+00, -3.283187e+00, -2.805120e+00, 3.000000e+00, -1.224219e-01
-3.600000e+00, -3.283187e+00, -2.805120e+00, 3.000000e+00, -1.224219e-01
-3.600000e+00, -3.283187e+00, -2.805120e+00, 3.000000e+00, -1.224219e-01
-3.600000e+00, -3.283187e+00, -2.805120e+00, 3.000000e+00, -1.224219e-01
-3.600000e+00, -3.283186e+00, 3.584430e+00, -1.800000e+00, -9.080585e-02
-3.600000e+00, -3.283186e+00, 3.584430e+00, -1.800000e+00, -9.080586e-02
-3.600000e+00, -3.283186e+00, 3.584430e+00, -1.800000e+00, -9.080585e-02
-3.600000e+00, -3.283186e+00, 3.584430e+00, -1.800000e+00, -9.080585e-02
-3.600000e+00, -3.283187e+00, -2.805120e+00, 3.240000e+00, -1.137162e-01
-3.600000e+00, -3.283187e+00, -2.805120e+00, 3.240000e+00, -1.137162e-01
-3.600000e+00, -3.283187e+00, -2.805120e+00, 3.240000e+00, -1.137162e-01
-3.600000e+00, -3.283187e+00, -2.805120e+00, 3.240000e+00, -1.137162e-01
3.720000e+00, -1.848113e+00, -3.779304e+00, -3.120000e+00, -1.058737e-01
3.720000e+00, -1.848114e+00, -3.779304e+00, -3.120000e+00, -1.058737e-01
3.720000e+00, -1.848113e+00, -3.779304e+00, -3.120000e+00, -1.058737e-01
3.720000e+00, -1.848113e+00, -3.779304e+00, -3.120000e+00, -1.058737e-01
-3.600000e+00, -3.033122e+00, -3.551487e+00, -3.120000e+00, -3.025289e-01
-3.600000e+00, -3.033122e+00, -2.798271e+00, 3.000000e+00, -1.889052e-01
-3.600000e+00, -3.033125e+00, 3.567477e+00, -1.800000e+00, -1.577221e-01
-3.600000e+00, -3.033122e+00, -2.813386e+00, 3.240000e+00, -1.802147e-01
3.720000e+00, -1.897050e+00, -3.551502e+00, -3.120000e+00, -1.962984e-01
-3.600000e+00, -3.158154e+00, -3.665397e+00, -3.120000e+00, -1.581660e-01
-3.600000e+00, -3.158154e+00, -2.801696e+00, 3.000000e+00, -1.246446e-01
-3.600000e+00, -3.158155e+00, 3.575953e+00, -1.800000e+00, -9.307756e-02
-3.600000e+00, -3.158154e+00, -2.809253e+00, 3.240000e+00, -1.159373e-01
3.720000e+00, -1.872582e+00, -3.665403e+00, -3.120000e+00, -1.159940e-01
-3.600000e+00, -3.220671e+00, -3.722352e+00, -3.120000e+00, -1.343371e-01
-3.600000e+00, -3.220671e+00, -2.803408e+00, 3.000000e+00, -1.153133e-01
-3.600000e+00, -3.220671e+00, 3.580192e+00, -1.800000e+00, -8.367969e-02
-3.600000e+00, -3.220671e+00, -2.807186e+00, 3.240000e+00, -1.066044e-01
3.720000e+00, -1.860348e+00, -3.722354e+00, -3.120000e+00, -1.017551e-01
-3.600000e+00, -3.220671e+00, -3.722352e+00, -3.120000e+00, -1.343371e-01
-3.600000e+00, -3.220671e+00, -3.722352e+00, -3.120000e+00, -1.343371e-01
-3.600000e+00, -3.220671e+00, -3.722352e+00, -3.120000e+00, -1.343371e-01
-3.600000e+00, -3.220671e+00, -3.722352e+00, -3.120000e+00, -1.343371e-01
-3.600000e+00, -3.220671e+00, -2.803408e+00, 3.000000e+00, -1.153133e-01
-3.600000e+00, -3.220671e+00, -2.803408e+00, 3.000000e+00, -1.153133e-01
-3.600000e+00, -3.220671e+00, -2.803408e+00, 3.000000e+00, -1.153133e-01
-3.600000e+00, -3.220671e+00, -2.803408e+00, 3.000000e+00, -1.153133e-01
-3.600000e+00, -3.220671e+00, 3.580192e+00, -1.800000e+00, -8.367969e-02
-3.600000e+00, -3.220671e+00, 3.580192e+00, -1.800000e+00, -8.367969e-02
-3.600000e+00, -3.220671e+00, 3.580192e+00, -1.800000e+00, -8.367969e-02
-3.600000e+00, -3.220671e+00, 3.580192e+00, -1.800000e+00, -8.367969e-02
-3.600000e+00, -3.220671e+00, -2.807186e+00, 3.240000e+00, -1.066044e-01
-3.600000e+00, -3.220671e+00, -2.807186e+00, 3.240000e+00, -1.066044e-01
-3.600000e+00, -3.220671e+00, -2.807186e+00, 3.240000e+00, -1.066044e-01
-3.600000e+00, -3.220671e+00, -2.807186e+00, 3.240000e+00, -1.066044e-01
3.720000e+00, -1.860348e+00, -3.722354e+00, -3.120000e+00, -1.017551e-01
3.720000e+00, -1.860348e+00, -3.722354e+00, -3.120000e+00, -1.017551e-01
3.720000e+00, -1.860348e+00, -3.722354e+00, -3.120000e+00, -1.017551e-01
3.720000e+00, -1.860348e+00, -3.722354e+00, -3.120000e+00, -1.017551e-01
-3.600000e+00, -3.225465e+00, -3.739382e+00, -3.120000e+00, -1.334364e-01
-3.600000e+00, -3.225369e+00, -2.803131e+00, 3.000000e+00, -1.152639e-01
-3.600000e+00, -3.225360e+00, 3.581337e+00, -1.800000e+00, -8.362805e-02
-3.600000e+00, -3.225368e+00, -2.807496e+00, 3.240000e+00, -1.065551e-01
3.720000e+00, -1.863454e+00, -3.738490e+00, -3.120000e+00, -1.008203e-01
-3.600000e+00, -3.225465e+00, -3.739382e+00, -3.120000e+00, -1.334364e-01
-3.600000e+00, -3.225465e+00, -3.739382e+00, -3.120000e+00, -1.334364e-01
-3.600000e+00, -3.225465e+00, -3.739382e+00, -3.120000e+00, -1.334364e-01
-3.600000e+00, -3.225465e+00, -3.739382e+00, -3.120000e+00, -1.334364e-01
-3.600000e+00, -3.225369e+00, -2.803131e+00, 3.000000e+00, -1.152639e-01
-3.600000e+00, -3.225369e+00, -2.803131e+00, 3.000000e+00, -1.152639e-01
-3.600000e+00, -3.225369e+00, -2.803131e+00, 3.000000e+00, -1.152639e-01
-3.600000e+00, -3.225369e+00, -2.803131e+00, 3.000000e+00, -1.152639e-01
-3.600000e+00, -3.225360e+00, 3.581337e+00, -1.800000e+00, -8.362805e-02
-3.600000e+00, -3.225360e+00, 3.581337e+00, -1.800000e+00, -8.362805e-02
-3.600000e+00, -3.225360e+00, 3.581337e+00, -1.800000e+00, -8.362805e-02
-3.600000e+00, -3.225360e+00, 3.581337e+00, -1.800000e+00, -8.362805e-02
-3.600000e+00, -3.225368e+00, -2.807496e+00, 3.240000e+00, -1.065551e-01
-3.600000e+00, -3.225368e+00, -2.807496e+00, 3.240000e+00, -1.065551e-01
-3.600000e+00, -3.225368e+00, -2.807496e+00, 3.240000e+00, -1.065551e-01
-3.600000e+00, -3.225368e+00, -2.807496e+00, 3.240000e+00, -1.065551e-01
3.720000e+00, -1.863454e+00, -3.738490e+00, -3.120000e+00, -1.008203e-01
3.720000e+00, -1.863454e+00, -3.738490e+00, -3.120000e+00, -1.008203e-01
3.720000e+00, -1.863454e+00, -3.738490e+00, -3.120000e+00, -1.008203e-01
3.720000e+00, -1.863454e+00, -3.738490e+00, -3.120000e+00, -1.008203e-01
-3.600000e+00, -3.225503e+00, -3.739732e+00, -3.120000e+00, -1.334361e-01
-3.600000e+00, -3.225498e+00, -2.803023e+00, 3.000000e+00, -1.152639e-01
-3.600000e+00, -3.225507e+00, 3.581162e+00, -1.800000e+00, -8.362796e-02
-3.600000e+00, -3.225499e+00, -2.807614e+00, 3.240000e+00, -1.065550e-01
3.720000e+00, -1.869028e+00, -3.740331e+00, -3.120000e+00, -1.006971e-01
-3.600000e+00, -3.225503e+00, -3.739732e+00, -3.120000e+00, -1.334361e-01
-3.600000e+00, -3.225503e+00, -3.739732e+00, -3.120000e+00, -1.334361e-01
-3.600000e+00, -3.225503e+00, -3.739732e+00, -3.120000e+00, -1.334361e-01
-3.600000e+00, -3.225503e+00, -3.739732e+00, -3.120000e+00, -1.334361e-01
-3.600000e+00, -3.225498e+00, -2.803023e+00, 3.000000e+00, -1.152639e-01
-3.600000e+00, -3.225498e+00, -2.803023e+00, 3.000000e+00, -1.152639e-01
-3.600000e+00, -3.225498e+00, -2.803023e+00, 3.000000e+00, -1.152639e-01
-3.600000e+00, -3.225498e+00, -2.803023e+00, 3.000000e+00, -1.152639e-01
-3.600000e+00, -3.225507e+00, 3.581162e+00, -1.800000e+00, -8.362796e-02
-3.600000e+00, -3.225507e+00, 3.581162e+00, -1.800000e+00, -8.362796e-02
-3.600000e+00, -3.225507e+00, 3.581162e+00, -1.800000e+00, -8.362796e-02
-3.600000e+00, -3.225507e+00, 3.581162e+00, -1.800000e+00, -8.362796e-02
-3.600000e+00, -3.225499e+00, -2.807614e+00, 3.240000e+00, -1.065550e-01
-3.600000e+00, -3.225499e+00, -2.807614e+00, 3.240000e+00, -1.065550e-01
-3.600000e+00, -3.225499e+00, -2.807614e+00, 3.240000e+00, -1.065550e-01
-3.600000e+00, -3.225499e+00, -2.807614e+00, 3.240000e+00, -1.065550e-01
3.720000e+00, -1.869028e+00, -3.740331e+00, -3.120000e+00, -1.006971e-01
3.720000e+00, -1.869028e+00, -3.740331e+00, -3.120000e+00, -1.006971e-01
3.720000e+00, -1.869028e+00, -3.740331e+00, -3.120000e+00, -1.006971e-01
3.720000e+00, -1.869028e+00, -3.740331e+00, -3.120000e+00, -1.006971e-01
-3.600000e+00, -3.225497e+00, -3.739731e+00, -3.120000e+00, -1.334361e-01
-3.600000e+00, -3.225498e+00, -2.802994e+00, 3.000000e+00, -1.152639e-01
-3.600000e+00, -3.225497e+00, 3.581196e+00, -1.800000e+00, -8.362795e-02
-3.600000e+00, -3.225498e+00, -2.807643e+00, 3.240000e+00, -1.065550e-01
3.720000e+00, -1.879702e+00, -3.740183e+00, -3.120000e+00, -1.006011e-01
-3.600000e+00, -3.225498e+00, -2.802994e+00, 3.000000e+00, -1.152639e-01
-3.600000e+00, -3.225498e+00, -2.802994e+00, 3.000000e+00, -1.152639e-01
-3.600000e+00, -3.225498e+00, -2.802994e+00, 3.000000e+00, -1.152639e-01
-3.600000e+00, -3.225498e+00, -2.802994e+00, 3.000000e+00, -1.152639e-01
-3.600000e+00, -3.225497e+00, 3.581196e+00, -1.800000e+00, -8.362795e-02
-3.600000e+00, -3.225497e+00, 3.581196e+00, -1.800000e+00, -8.362795e-02
-3.600000e+00, -3.225497e+00, 3.581196e+00, -1.800000e+00, -8.362795e-02
-3.600000e+00, -3.225497e+00, 3.581196e+00, -1.800000e+00, -8.362795e-02
-3.600000e+00, -3.225498e+00, -2.807643e+00, 3.240000e+00, -1.065550e-01
-3.600000e+00, -3.225498e+00, -2.807643e+00, 3.240000e+00, -1.065550e-01
-3.600000e+00, -3.225498e+00, -2.807643e+00, 3.240000e+00, -1.065550e-01
-3.600000e+00, -3.225498e+00, -2.807643e+00, 3.240000e+00, -1.065550e-01
3.720000e+00, -1.879702e+00, -3.740183e+00, -3.120000e+00, -1.006011e-01
3.720000e+00, -1.879702e+00, -3.740183e+00, -3.120000e+00, -1.006011e-01
3.720000e+00, -1.879702e+00, -3.740183e+00, -3.120000e+00, -1.006011e-01
3.720000e+00, -1.879702e+00, -3.740183e+00, -3.120000e+00, -1.006011e-01
-3.600000e+00, -3.225497e+00, -2.802992e+00, 3.000000e+00, -1.152639e-01
-3.600000e+00, -3.225497e+00, 3.581196e+00, -1.800000e+00, -8.362795e-02
-3.600000e+00, -3.225497e+00, -2.807645e+00, 3.240000e+00, -1.065550e-01
3.720000e+00, -1.880122e+00, -3.739727e+00, -3.120000e+00, -1.006003e-01
3.720000e+00, -1.880122e+00, -3.739727e+00, -3.120000e+00, -1.006003e-01
3.720000e+00, -1.880122e+00, -3.739727e+00, -3.120000e+00, -1.006003e-01
3.720000e+00, -1.880122e+00, -3.739727e+00, -3.120000e+00, -1.006003e-01
3.720000e+00, -1.880122e+00, -3.739727e+00, -3.120000e+00, -1.006003e-01
3.720000e+00, -1.880119e+00, -3.739731e+00, -3.120000e+00, -1.006003e-01
-3.600000e+00, -3.225503e+00, -3.739732e+00, -3.120000e+00, -1.334361e-01
-3.600000e+00, -3.225498e+00, -2.802994e+00, 3.000000e+00, -1.152639e-01
-3.600000e+00, -3.283186e+00, 3.584430e+00, -1.680000e+00, -1.081548e-01
-3.600000e+00, -3.225497e+00, 3.581196e+00, -1.800000e+00, -8.362795e-02
3.720000e+00, -1.880122e+00, -3.739727e+00, -3.120000e+00, -1.006003e-01
-3.600000e+00, -3.225503e+00, -3.739732e+00, -3.120000e+00, -1.334361e-01
-3.600000e+00, -3.225503e+00, -3.739732e+00, -3.120000e+00, -1.334361e-01
-3.600000e+00, -3.225503e+00, -3.739732e+00, -3.120000e+00, -1.334361e-01
-3.600000e+00, -3.225503e+00, -3.739732e+00, -3.120000e+00, -1.334361e-01
-3.600000e+00, -3.225498e+00, -2.802994e+00, 3.000000e+00, -1.152639e-01
-3.600000e+00, -3.225498e+00, -2.802994e+00, 3.000000e+00, -1.152639e-01
-3.600000e+00, -3.225498e+00, -2.802994e+00, 3.000000e+00, -1.152639e-01
-3.600000e+00, -3.225498e+00, -2.802994e+00, 3.000000e+00, -1.152639e-01
-3.600000e+00, -3.283186e+00, 3.584430e+00, -1.680000e+00, -1.081548e-01
-3.600000e+00, -3.283186e+00, 3.584430e+00, -1.680000e+00, -1.081548e-01
-3.600000e+00, -3.283186e+00, 3.584430e+00, -1.680000e+00, -1.081548e-01
-3.600000e+00, -3.283186e+00, 3.584430e+00, -1.680000e+00, -1.081548e-01
-3.600000e+00, -3.225497e+00, 3.581196e+00, -1.800000e+00, -8.362795e-02
-3.600000e+00, -3.225497e+00, 3.581196e+00, -1.800000e+00, -8.362795e-02
-3.600000e+00, -3.225497e+00, 3.581196e+00, -1.800000e+00, -8.362795e-02
-3.600000e+00, -3.225497e+00, 3.581196e+00, -1.800000e+00, -8.362795e-02
3.720000e+00, -1.880122e+00, -3.739727e+00, -3.120000e+00, -1.006003e-01
3.720000e+00, -1.880122e+00, -3.739727e+00, -3.120000e+00, -1.006003e-01
3.720000e+00, -1.880122e+00, -3.739727e+00, -3.120000e+00, -1.006003e-01
3.720000e+00, -1.880122e+00, -3.739727e+00, -3.120000e+00, -1.006003e-01
-3.600000e+00, -3.225476e+00, -3.739726e+00, -3.120000e+00, -1.334361e-01
-3.600000e+00, -3.225492e+00, -2.802986e+00, 3.000000e+00, -1.152639e-01
-3.600000e+00, -3.223809e+00, 3.572697e+00, -1.680000e+00, -1.006538e-01
-3.600000e+00, -3.225496e+00, 3.581196e+00, -1.800000e+00, -8.362795e-02
3.720000e+00, -1.880117e+00, -3.739749e+00, -3.120000e+00, -1.006003e-01
-3.600000e+00, -3.225490e+00, -3.739729e+00, -3.120000e+00, -1.334361e-01
-3.600000e+00, -3.225495e+00, -2.802990e+00, 3.000000e+00, -1.152639e-01
-3.600000e+00, -3.223809e+00, 3.572697e+00, -1.680000e+00, -1.006538e-01
-3.600000e+00, -3.223809e+00, 3.572697e+00, -1.680000e+00, -1.006538e-01
-3.600000e+00, -3.223809e+00, 3.572697e+00, -1.680000e+00, -1.006538e-01
-3.600000e+00, -3.223809e+00, 3.572697e+00, -1.680000e+00, -1.006538e-01
-3.600000e+00, -3.225497e+00, 3.581196e+00, -1.800000e+00, -8.362795e-02
3.720000e+00, -1.880119e+00, -3.739738e+00, -3.120000e+00, -1.006003e-01
-3.600000e+00, -3.225496e+00, -3.739731e+00, -3.120000e+00, -1.334361e-01
-3.600000e+00, -3.225453e+00, 3.572763e+00, -1.680000e+00, -1.006478e-01
-3.600000e+00, -3.225497e+00, 3.581196e+00, -1.800000e+00, -8.362795e-02
3.720000e+00, -1.880121e+00, -3.739733e+00, -3.120000e+00, -1.006003e-01
-3.600000e+00, -3.225453e+00, 3.572763e+00, -1.680000e+00, -1.006478e-01
-3.600000e+00, -3.225453e+00, 3.572763e+00, -1.680000e+00, -1.006478e-01
-3.600000e+00, -3.225453e+00, 3.572763e+00, -1.680000e+00, -1.006478e-01
-3.600000e+00, -3.225453e+00, 3.572763e+00, -1.680000e+00, -1.006478e-01
-3.600000e+00, -3.225497e+00, 3.572764e+00, -1.680000e+00, -1.006478e-01
-3.600000e+00, -3.225497e+00, 3.572764e+00, -1.680000e+00, -1.006478e-01
-3.600000e+00, -3.225497e+00, 3.572764e+00, -1.680000e+00, -1.006478e-01
-3.600000e+00, -3.225497e+00, 3.572764e+00, -1.680000e+00, -1.006478e-01
-3.600000e+00, -3.225497e+00, 3.572764e+00, -1.680000e+00, -1.006478e-01
-3.600000e+00, -3.225497e+00, 3.572764e+00, -1.680000e+00, -1.006478e-01
-3.600000e+00, -3.225503e+00, -3.739732e+00, -3.120000e+00, -1.334361e-01
-3.600000e+00, -3.225498e+00, -2.802994e+00, 3.000000e+00, -1.152639e-01
-3.600000e+00, -3.225497e+00, 3.581196e+00, -1.800000e+00, -8.362795e-02
3.720000e+00, -1.880122e+00, -3.739727e+00, -3.120000e+00, -1.006003e-01
-3.600000e+00, -3.225498e+00, -2.807643e+00, 3.240000e+00, -1.065550e-01
-3.600000e+00, -3.225503e+00, -3.739732e+00, -3.120000e+00, -1.334361e-01
-3.600000e+00, -3.225503e+00, -3.739732e+00, -3.120000e+00, -1.334361e-01
-3.600000e+00, -3.225503e+00, -3.739732e+00, -3.120000e+00, -1.334361e-01
-3.600000e+00, -3.225503e+00, -3.739732e+00, -3.120000e+00, -1.334361e-01
-3.600000e+00, -3.225498e+00, -2.802994e+00, 3.000000e+00, -1.152639e-01
-3.600000e+00, -3.225498e+00, -2.802994e+00, 3.000000e+00, -1.152639e-01
-3.600000e+00, -3.225498e+00, -2.802994e+00, 3.000000e+00, -1.152639e-01
-3.600000e+00, -3.225498e+00, -2.802994e+00, 3.000000e+00, -1.152639e-01
-3.600000e+00, -3.225497e+00, 3.581196e+00, -1.800000e+00, -8.362795e-02
-3.600000e+00, -3.225497e+00, 3.581196e+00, -1.800000e+00, -8.362795e-02
-3.600000e+00, -3.225497e+00, 3.581196e+00, -1.800000e+00, -8.362795e-02
-3.600000e+00, -3.225497e+00, 3.581196e+00, -1.800000e+00, -8.362795e-02
3.720000e+00, -1.880122e+00, -3.739727e+00, -3.120000e+00, -1.006003e-01
3.720000e+00, -1.880122e+00, -3.739727e+00, -3.120000e+00, -1.006003e-01
3.720000e+00, -1.880122e+00, -3.739727e+00, -3.120000e+00, -1.006003e-01
3.720000e+00, -1.880122e+00, -3.739727e+00, -3.120000e+00, -1.006003e-01
-3.600000e+00, -3.225498e+00, -2.807643e+00, 3.240000e+00, -1.065550e-01
-3.600000e+00, -3.225498e+00, -2.807643e+00, 3.240000e+00, -1.065550e-01
-3.600000e+00, -3.225498e+00, -2.807643e+00, 3.240000e+00, -1.065550e-01
-3.600000e+00, -3.225498e+00, -2.807643e+00, 3.240000e+00, -1.065550e-01
-3.600000e+00, -3.225476e+00, -3.739726e+00, -3.120000e+00, -1.334361e-01
-3.600000e+00, -3.225492e+00, -2.802986e+00, 3.000000e+00, -1.152639e-01
-3.600000e+00, -3.225497e+00, 3.581196e+00, -1.800000e+00, -8.362795e-02
3.720000e+00, -1.880117e+00, -3.739749e+00, -3.120000e+00, -1.006003e-01
-3.600000e+00, -3.225492e+00, -2.807650e+00, 3.240000e+00, -1.065550e-01
-3.600000e+00, -3.225490e+00, -3.739729e+00, -3.120000e+00, -1.334361e-01
-3.600000e+00, -3.225495e+00, -2.802990e+00, 3.000000e+00, -1.152639e-01
3.720000e+00, -1.880119e+00, -3.739738e+00, -3.120000e+00, -1.006003e-01
-3.600000e+00, -3.225495e+00, -2.807646e+00, 3.240000e+00, -1.065550e-01
-3.600000e+00, -3.225496e+00, -3.739731e+00, -3.120000e+00, -1.334361e-01
3.720000e+00, -1.880121e+00, -3.739733e+00, -3.120000e+00, -1.006003e-01
